symbol,timestamp,open,high,low,close,volume,source
AURX,2022-06-01,50.78,50.96,50.72,50.89,3053638,sample-prices
AURX,2022-06-02,51.71,52.09,51.33,51.6,2707983,sample-prices
AURX,2022-06-03,52.38,52.54,52.33,52.36,2955396,sample-prices
AURX,2022-06-06,53.05,53.21,52.97,53.06,3646928,sample-prices
AURX,2022-06-07,53.84,53.92,53.7,53.84,698920,sample-prices
AURX,2022-06-08,54.21,54.48,53.86,54.18,2690967,sample-prices
AURX,2022-06-09,53.8,54.16,53.58,53.94,854224,sample-prices
AURX,2022-06-10,53.44,53.6,53.37,53.47,691578,sample-prices
AURX,2022-06-13,54.18,54.32,53.69,54.15,3122562,sample-prices
AURX,2022-06-14,52.32,52.32,52.1,52.32,3821105,sample-prices
AURX,2022-06-15,53.4,53.51,53.28,53.39,2249111,sample-prices
AURX,2022-06-16,53.4,53.52,53.15,53.32,1720233,sample-prices
AURX,2022-06-17,54.22,54.51,54.07,54.3,1882526,sample-prices
AURX,2022-06-20,54.16,54.34,54.04,54.23,2602369,sample-prices
AURX,2022-06-21,54.59,54.86,54.51,54.55,1086062,sample-prices
AURX,2022-06-22,56.28,56.73,56.25,56.4,3097842,sample-prices
AURX,2022-06-23,55.91,56.01,55.87,55.9,1288363,sample-prices
AURX,2022-06-24,55.71,55.86,55.6,55.62,1031655,sample-prices
AURX,2022-06-27,54.45,54.77,54.4,54.42,2859592,sample-prices
AURX,2022-06-28,53.51,53.87,53.31,53.53,3142476,sample-prices
AURX,2022-06-29,54.51,55.12,54.27,54.4,1300627,sample-prices
AURX,2022-06-30,54.87,54.97,54.85,54.88,3927120,sample-prices
AURX,2022-07-01,54.6,54.94,54.27,54.64,2387409,sample-prices
AURX,2022-07-04,53.96,54.01,53.79,54.01,870154,sample-prices
AURX,2022-07-05,54.11,54.43,53.76,54.16,2796904,sample-prices
AURX,2022-07-06,54.29,54.53,54.05,54.19,2965804,sample-prices
AURX,2022-07-07,54.29,54.53,54.1,54.25,2788515,sample-prices
AURX,2022-07-08,54.06,54.24,53.63,53.95,3362056,sample-prices
AURX,2022-07-11,54.27,54.42,54.25,54.37,2365483,sample-prices
AURX,2022-07-12,55.33,55.44,55.12,55.36,3540461,sample-prices
AURX,2022-07-13,54.55,54.71,54.5,54.55,575556,sample-prices
AURX,2022-07-14,54.71,54.73,54.51,54.56,332385,sample-prices
AURX,2022-07-15,53.29,53.42,53.15,53.36,365106,sample-prices
AURX,2022-07-18,53.59,53.61,53.48,53.49,552473,sample-prices
AURX,2022-07-19,54.22,54.6,53.72,54.22,1764042,sample-prices
AURX,2022-07-20,52.94,53.09,52.84,52.94,1032919,sample-prices
AURX,2022-07-21,52.55,52.77,52.43,52.47,2856817,sample-prices
AURX,2022-07-22,52.88,53.08,52.86,52.93,3963476,sample-prices
AURX,2022-07-25,52.33,52.85,51.92,52.22,2545195,sample-prices
AURX,2022-07-26,52.69,53.03,52.49,52.71,1039032,sample-prices
AURX,2022-07-27,52.61,52.98,52.33,52.41,2215962,sample-prices
AURX,2022-07-28,52.02,52.19,51.81,52.17,387944,sample-prices
AURX,2022-07-29,51.76,52.04,51.73,51.88,3067468,sample-prices
AURX,2022-08-01,52.41,52.7,52.25,52.52,1228647,sample-prices
AURX,2022-08-02,53.4,53.7,53.34,53.4,3139456,sample-prices
AURX,2022-08-03,53.89,54.23,53.67,53.9,2655904,sample-prices
AURX,2022-08-04,53.95,54.36,53.46,53.89,1962813,sample-prices
AURX,2022-08-05,53.61,53.84,53.21,53.49,942848,sample-prices
AURX,2022-08-08,52.86,52.88,52.69,52.83,885106,sample-prices
AURX,2022-08-09,52.3,52.85,52.24,52.37,1417509,sample-prices
AURX,2022-08-10,52.8,52.88,52.65,52.84,2857796,sample-prices
AURX,2022-08-11,52.1,52.71,51.85,52.24,579358,sample-prices
AURX,2022-08-12,53.49,53.77,53.4,53.49,744306,sample-prices
AURX,2022-08-15,52.53,52.68,52.37,52.49,3987373,sample-prices
AURX,2022-08-16,52.82,52.94,52.54,52.78,1438924,sample-prices
AURX,2022-08-17,53.57,53.74,53.54,53.55,2094830,sample-prices
AURX,2022-08-18,53.61,53.94,53.28,53.56,318001,sample-prices
AURX,2022-08-19,54.15,54.42,54.13,54.19,2439458,sample-prices
AURX,2022-08-22,53.92,54.1,53.58,54.07,1229529,sample-prices
AURX,2022-08-23,55.33,55.47,55.17,55.4,1913976,sample-prices
AURX,2022-08-24,55.11,55.12,54.67,55.05,1361600,sample-prices
AURX,2022-08-25,56.33,56.51,56.22,56.33,831038,sample-prices
AURX,2022-08-26,56.74,56.94,56.59,56.75,889574,sample-prices
AURX,2022-08-29,57.7,58.03,57.48,57.57,2470099,sample-prices
AURX,2022-08-30,58.06,58.12,57.92,58.11,3755638,sample-prices
AURX,2022-08-31,59.55,59.85,59.03,59.57,2785591,sample-prices
AURX,2022-09-01,58.24,58.25,58.11,58.17,3757849,sample-prices
AURX,2022-09-02,57.33,57.52,57.12,57.16,1456721,sample-prices
AURX,2022-09-05,57.68,58.21,57.62,57.72,1114703,sample-prices
AURX,2022-09-06,56.46,56.77,56.24,56.51,3868580,sample-prices
AURX,2022-09-07,56.45,56.77,56.28,56.63,1128924,sample-prices
AURX,2022-09-08,55.68,56.04,55.06,55.76,2344692,sample-prices
AURX,2022-09-09,54.7,54.97,54.55,54.79,461828,sample-prices
AURX,2022-09-12,54.71,54.75,54.48,54.56,1280709,sample-prices
AURX,2022-09-13,53.02,53.18,52.81,52.93,631683,sample-prices
AURX,2022-09-14,51.69,51.89,51.61,51.67,1631589,sample-prices
AURX,2022-09-15,50.99,51.15,50.6,50.99,905772,sample-prices
AURX,2022-09-16,51.77,51.85,51.36,51.75,567878,sample-prices
AURX,2022-09-19,52.22,52.78,52.12,52.17,1567296,sample-prices
AURX,2022-09-20,51.82,51.93,51.58,51.79,1830299,sample-prices
AURX,2022-09-21,52.1,52.26,51.89,52.08,2183921,sample-prices
AURX,2022-09-22,52.03,52.3,51.91,51.98,3631358,sample-prices
AURX,2022-09-23,52.93,53.01,52.78,52.89,3510706,sample-prices
AURX,2022-09-26,52.95,53.18,52.58,52.98,2356302,sample-prices
AURX,2022-09-27,53.81,53.92,53.56,53.84,959608,sample-prices
AURX,2022-09-28,54.75,55.08,54.49,54.67,558287,sample-prices
AURX,2022-09-29,55.17,55.31,55.09,55.31,1340765,sample-prices
AURX,2022-09-30,55.58,55.9,55.28,55.55,2273567,sample-prices
AURX,2022-10-03,54.06,54.12,53.68,54.09,940554,sample-prices
AURX,2022-10-04,54.43,54.6,54.23,54.52,1687725,sample-prices
AURX,2022-10-05,54.18,54.3,53.96,54.06,3469356,sample-prices
AURX,2022-10-06,55.34,55.38,55.16,55.29,982115,sample-prices
AURX,2022-10-07,54.96,55.03,54.81,54.86,3745095,sample-prices
AURX,2022-10-10,54.4,54.46,54.2,54.35,440648,sample-prices
AURX,2022-10-11,54.66,54.75,54.13,54.62,2677187,sample-prices
AURX,2022-10-12,55.39,55.58,54.78,55.27,3483719,sample-prices
AURX,2022-10-13,55.93,55.94,55.8,55.85,669878,sample-prices
AURX,2022-10-14,56.64,56.69,56.32,56.53,2253811,sample-prices
AURX,2022-10-17,56.15,56.3,55.91,56.08,2917442,sample-prices
AURX,2022-10-18,54.82,55.25,54.77,54.89,3759344,sample-prices
AURX,2022-10-19,54.12,54.79,53.85,54.15,2147871,sample-prices
AURX,2022-10-20,52.7,52.99,52.37,52.67,2016197,sample-prices
AURX,2022-10-21,52.32,52.81,51.98,52.3,2078634,sample-prices
AURX,2022-10-24,52.3,52.44,52.28,52.33,3607670,sample-prices
AURX,2022-10-25,52.11,52.14,51.52,52.0,3127950,sample-prices
AURX,2022-10-26,53.16,53.37,52.98,53.14,2598048,sample-prices
AURX,2022-10-27,53.21,53.42,53.16,53.17,373418,sample-prices
AURX,2022-10-28,52.91,53.4,52.89,53.03,2998977,sample-prices
AURX,2022-10-31,53.68,54.16,53.63,53.68,2983286,sample-prices
AURX,2022-11-01,55.46,55.67,55.08,55.58,1235828,sample-prices
AURX,2022-11-02,55.98,56.0,55.85,55.93,844013,sample-prices
AURX,2022-11-03,55.12,55.42,54.97,55.05,2890998,sample-prices
AURX,2022-11-04,54.84,54.9,54.71,54.89,3351224,sample-prices
AURX,2022-11-07,53.9,54.06,53.66,53.99,2879107,sample-prices
AURX,2022-11-08,53.93,54.14,53.79,54.02,1490586,sample-prices
AURX,2022-11-09,54.06,54.18,53.6,54.07,1571080,sample-prices
AURX,2022-11-10,54.62,54.65,54.44,54.46,254850,sample-prices
AURX,2022-11-11,55.68,56.22,55.63,55.85,1867522,sample-prices
AURX,2022-11-14,54.86,54.93,54.33,54.76,2569697,sample-prices
AURX,2022-11-15,53.3,53.36,53.21,53.32,3995552,sample-prices
AURX,2022-11-16,53.59,53.62,53.03,53.49,1980979,sample-prices
AURX,2022-11-17,54.09,54.3,53.81,54.07,2078395,sample-prices
AURX,2022-11-18,55.15,55.39,54.77,55.23,3128071,sample-prices
AURX,2022-11-21,55.26,55.47,55.21,55.28,3980332,sample-prices
AURX,2022-11-22,55.81,55.87,55.3,55.7,3979307,sample-prices
AURX,2022-11-23,55.8,56.15,55.61,55.77,2316606,sample-prices
AURX,2022-11-24,55.15,55.48,55.01,55.18,2749606,sample-prices
AURX,2022-11-25,55.22,55.25,55.07,55.16,929300,sample-prices
AURX,2022-11-28,54.88,55.2,54.68,54.95,3849279,sample-prices
AURX,2022-11-29,54.5,54.65,54.14,54.48,1249587,sample-prices
AURX,2022-11-30,54.42,54.51,54.41,54.43,3003943,sample-prices
AURX,2022-12-01,53.87,54.09,53.39,53.86,3373478,sample-prices
AURX,2022-12-02,54.36,54.4,54.15,54.27,3116955,sample-prices
AURX,2022-12-05,54.72,55.37,54.51,54.85,538359,sample-prices
AURX,2022-12-06,54.08,54.42,53.78,54.12,2200455,sample-prices
AURX,2022-12-07,53.04,53.14,52.94,53.01,2640559,sample-prices
AURX,2022-12-08,53.8,54.03,53.66,53.67,3884137,sample-prices
AURX,2022-12-09,54.18,54.36,53.88,54.29,571594,sample-prices
AURX,2022-12-12,55.17,55.22,55.07,55.15,2618298,sample-prices
AURX,2022-12-13,55.21,55.23,55.06,55.22,1210917,sample-prices
AURX,2022-12-14,55.75,56.14,55.43,55.5,1172145,sample-prices
AURX,2022-12-15,56.06,56.23,55.79,56.05,333443,sample-prices
AURX,2022-12-16,57.26,57.8,56.8,57.16,2187496,sample-prices
AURX,2022-12-19,58.81,59.11,58.77,58.91,392036,sample-prices
AURX,2022-12-20,58.99,59.25,58.55,58.97,3905877,sample-prices
AURX,2022-12-21,59.07,59.43,58.95,59.09,1876646,sample-prices
AURX,2022-12-22,58.16,58.51,58.09,58.11,2755045,sample-prices
AURX,2022-12-23,58.44,58.61,58.32,58.45,2120052,sample-prices
AURX,2022-12-26,59.52,59.61,59.41,59.47,3227648,sample-prices
AURX,2022-12-27,59.58,59.92,59.55,59.74,916414,sample-prices
AURX,2022-12-28,61.4,61.53,60.96,61.51,469937,sample-prices
AURX,2022-12-29,60.63,60.63,60.55,60.61,3949189,sample-prices
AURX,2022-12-30,59.32,59.71,59.29,59.33,3163833,sample-prices
AURX,2023-01-02,57.99,58.36,57.9,58.13,1345017,sample-prices
AURX,2023-01-03,57.1,57.47,56.87,57.12,1416839,sample-prices
AURX,2023-01-04,57.64,57.84,57.51,57.69,2341388,sample-prices
AURX,2023-01-05,57.72,57.93,57.6,57.73,1567364,sample-prices
AURX,2023-01-06,58.52,58.77,58.23,58.65,3048881,sample-prices
AURX,2023-01-09,59.47,60.08,59.06,59.51,1749008,sample-prices
AURX,2023-01-10,58.26,58.33,57.71,58.3,303292,sample-prices
AURX,2023-01-11,58.83,58.93,58.6,58.66,1379712,sample-prices
AURX,2023-01-12,58.32,58.9,58.17,58.37,965832,sample-prices
AURX,2023-01-13,58.09,58.21,57.96,58.18,3338848,sample-prices
AURX,2023-01-16,58.58,58.94,58.25,58.69,1462219,sample-prices
AURX,2023-01-17,58.79,59.05,58.59,58.62,2206092,sample-prices
AURX,2023-01-18,58.14,58.14,58.11,58.13,3343567,sample-prices
AURX,2023-01-19,58.66,59.02,58.54,58.68,2877371,sample-prices
AURX,2023-01-20,57.22,57.43,57.2,57.24,1515042,sample-prices
AURX,2023-01-23,57.15,57.27,56.73,57.03,3821054,sample-prices
AURX,2023-01-24,57.82,57.95,57.71,57.87,2806989,sample-prices
AURX,2023-01-25,58.52,58.73,58.36,58.58,3942541,sample-prices
AURX,2023-01-26,60.12,60.53,59.52,60.06,2361568,sample-prices
AURX,2023-01-27,59.47,59.75,59.27,59.46,2326345,sample-prices
AURX,2023-01-30,59.01,59.14,58.72,59.1,2793834,sample-prices
AURX,2023-01-31,59.57,60.32,59.46,59.65,341132,sample-prices
AURX,2023-02-01,58.89,59.15,58.67,58.74,3089602,sample-prices
AURX,2023-02-02,57.51,57.77,57.16,57.5,656017,sample-prices
AURX,2023-02-03,57.59,58.03,57.43,57.8,473031,sample-prices
AURX,2023-02-06,58.27,58.64,58.1,58.17,1818727,sample-prices
AURX,2023-02-07,57.48,57.54,57.41,57.48,1024281,sample-prices
AURX,2023-02-08,56.86,56.96,56.82,56.89,601120,sample-prices
AURX,2023-02-09,56.82,56.92,56.75,56.82,3776089,sample-prices
AURX,2023-02-10,56.46,56.89,56.34,56.45,3789009,sample-prices
AURX,2023-02-13,56.81,57.25,56.28,56.73,2100796,sample-prices
AURX,2023-02-14,56.77,56.81,56.67,56.77,3053035,sample-prices
AURX,2023-02-15,57.9,57.96,57.37,57.85,3975385,sample-prices
AURX,2023-02-16,57.54,57.69,57.24,57.44,1054457,sample-prices
AURX,2023-02-17,57.98,58.18,57.79,57.84,1352167,sample-prices
AURX,2023-02-20,57.34,57.59,57.24,57.33,506221,sample-prices
AURX,2023-02-21,56.68,56.74,56.33,56.66,2330954,sample-prices
AURX,2023-02-22,56.76,56.81,56.56,56.81,2223147,sample-prices
AURX,2023-02-23,56.3,56.48,56.04,56.47,3431979,sample-prices
AURX,2023-02-24,55.96,56.1,55.85,55.9,3588776,sample-prices
AURX,2023-02-27,55.64,55.8,55.57,55.6,1245117,sample-prices
AURX,2023-02-28,54.85,55.16,54.67,54.82,2764510,sample-prices
AURX,2023-03-01,55.52,55.59,55.4,55.44,1882835,sample-prices
AURX,2023-03-02,56.57,56.66,56.46,56.52,3610025,sample-prices
AURX,2023-03-03,56.36,56.68,56.12,56.41,970603,sample-prices
AURX,2023-03-06,55.09,55.49,54.71,55.03,3013611,sample-prices
AURX,2023-03-07,55.84,55.94,55.7,55.72,1052780,sample-prices
AURX,2023-03-08,53.77,54.0,53.71,53.75,2183789,sample-prices
AURX,2023-03-09,54.04,54.21,53.71,53.96,3279974,sample-prices
AURX,2023-03-10,52.73,52.88,52.41,52.75,816955,sample-prices
AURX,2023-03-13,52.4,52.6,52.17,52.48,1772935,sample-prices
AURX,2023-03-14,53.21,53.35,52.96,53.22,2135229,sample-prices
AURX,2023-03-15,53.46,53.59,53.29,53.49,245797,sample-prices
AURX,2023-03-16,54.18,54.81,53.88,54.14,3765236,sample-prices
AURX,2023-03-17,53.55,53.62,53.15,53.47,2535999,sample-prices
AURX,2023-03-20,53.36,53.77,53.03,53.27,2946395,sample-prices
AURX,2023-03-21,53.32,53.58,53.13,53.37,2137355,sample-prices
AURX,2023-03-22,53.23,53.45,53.05,53.37,2179995,sample-prices
AURX,2023-03-23,52.31,52.32,51.94,52.18,2989756,sample-prices
AURX,2023-03-24,52.37,52.7,52.35,52.44,561108,sample-prices
AURX,2023-03-27,51.09,51.48,50.93,51.12,2833121,sample-prices
AURX,2023-03-28,51.2,51.67,51.18,51.26,732959,sample-prices
AURX,2023-03-29,50.04,50.13,49.83,50.09,1283465,sample-prices
AURX,2023-03-30,51.16,51.31,51.04,51.25,1541485,sample-prices
AURX,2023-03-31,50.96,51.03,50.81,50.98,3563353,sample-prices
AURX,2023-04-03,51.41,51.43,51.3,51.39,2822085,sample-prices
AURX,2023-04-04,51.97,52.01,51.61,51.99,1774544,sample-prices
AURX,2023-04-05,51.14,51.53,51.04,51.09,1918549,sample-prices
AURX,2023-04-06,50.98,51.09,50.96,50.96,1143518,sample-prices
AURX,2023-04-07,50.59,50.7,50.55,50.65,3074705,sample-prices
AURX,2023-04-10,50.32,50.5,50.21,50.42,1510358,sample-prices
AURX,2023-04-11,49.96,49.97,49.8,49.88,3124740,sample-prices
AURX,2023-04-12,50.1,50.58,50.01,50.14,3192711,sample-prices
AURX,2023-04-13,49.59,49.64,49.28,49.56,549113,sample-prices
AURX,2023-04-14,49.95,50.27,49.82,50.03,3953060,sample-prices
AURX,2023-04-17,48.44,48.56,48.31,48.31,2958776,sample-prices
AURX,2023-04-18,48.08,48.21,47.97,48.08,3792582,sample-prices
AURX,2023-04-19,47.65,47.8,47.62,47.64,3547385,sample-prices
AURX,2023-04-20,46.52,46.73,46.04,46.62,2117271,sample-prices
AURX,2023-04-21,46.82,47.1,46.73,46.85,2885743,sample-prices
AURX,2023-04-24,46.61,46.74,46.51,46.6,1345322,sample-prices
AURX,2023-04-25,46.96,47.08,46.79,47.03,1721949,sample-prices
AURX,2023-04-26,47.92,48.24,47.73,47.98,1525670,sample-prices
AURX,2023-04-27,48.47,48.49,48.22,48.44,3016668,sample-prices
AURX,2023-04-28,47.46,48.0,47.31,47.38,348121,sample-prices
AURX,2023-05-01,47.97,48.35,47.85,48.0,1780297,sample-prices
AURX,2023-05-02,47.66,47.72,47.47,47.54,2911629,sample-prices
AURX,2023-05-03,47.55,47.75,47.55,47.57,479101,sample-prices
AURX,2023-05-04,47.69,47.99,47.32,47.72,3725139,sample-prices
AURX,2023-05-05,47.73,47.98,47.72,47.73,1789180,sample-prices
AURX,2023-05-08,47.41,47.55,47.34,47.48,1663637,sample-prices
AURX,2023-05-09,46.87,47.07,46.72,46.86,370670,sample-prices
AURX,2023-05-10,46.47,46.61,46.44,46.52,2116033,sample-prices
AURX,2023-05-11,46.56,46.72,46.54,46.56,2914234,sample-prices
AURX,2023-05-12,46.55,46.94,46.26,46.6,3264315,sample-prices
AURX,2023-05-15,46.13,46.38,45.99,46.25,2741329,sample-prices
AURX,2023-05-16,45.74,45.94,45.5,45.65,3126710,sample-prices
AURX,2023-05-17,45.78,45.87,45.58,45.75,1957888,sample-prices
AURX,2023-05-18,46.13,46.16,46.11,46.15,1207811,sample-prices
AURX,2023-05-19,46.36,46.46,46.3,46.31,397444,sample-prices
AURX,2023-05-22,46.05,46.09,45.64,46.05,1787424,sample-prices
AURX,2023-05-23,46.2,46.4,46.16,46.17,2744001,sample-prices
AURX,2023-05-24,46.33,46.48,46.24,46.31,3885131,sample-prices
AURX,2023-05-25,46.45,46.51,46.16,46.39,1402828,sample-prices
AURX,2023-05-26,46.16,46.24,45.85,45.98,1201107,sample-prices
AURX,2023-05-29,45.81,46.04,45.74,45.87,2133577,sample-prices
AURX,2023-05-30,45.99,46.15,45.74,45.94,2146523,sample-prices
AURX,2023-05-31,45.53,45.59,45.34,45.49,1467103,sample-prices
AURX,2023-06-01,45.08,45.28,44.84,45.11,2928636,sample-prices
AURX,2023-06-02,45.6,45.82,45.04,45.55,2421009,sample-prices
AURX,2023-06-05,44.81,45.0,44.61,44.85,3732602,sample-prices
AURX,2023-06-06,44.71,44.86,44.71,44.8,2015009,sample-prices
AURX,2023-06-07,44.54,44.6,44.12,44.5,2880035,sample-prices
AURX,2023-06-08,45.03,45.34,44.72,45.16,1728433,sample-prices
AURX,2023-06-09,45.58,45.98,45.48,45.61,3529815,sample-prices
AURX,2023-06-12,45.84,46.08,45.83,45.9,2725449,sample-prices
AURX,2023-06-13,45.12,45.14,45.08,45.13,1666500,sample-prices
AURX,2023-06-14,43.76,43.83,43.74,43.79,1301432,sample-prices
AURX,2023-06-15,43.87,43.97,43.8,43.89,2432574,sample-prices
AURX,2023-06-16,44.07,44.23,43.89,44.1,3241787,sample-prices
AURX,2023-06-19,44.51,44.57,44.5,44.56,1941829,sample-prices
AURX,2023-06-20,44.78,45.09,44.76,44.82,3721045,sample-prices
AURX,2023-06-21,45.62,45.87,45.57,45.67,2527269,sample-prices
AURX,2023-06-22,45.34,45.73,45.25,45.3,2055797,sample-prices
AURX,2023-06-23,44.36,44.73,44.2,44.45,1796845,sample-prices
AURX,2023-06-26,44.05,44.07,43.89,44.05,1245372,sample-prices
AURX,2023-06-27,45.24,45.55,45.07,45.3,1310783,sample-prices
AURX,2023-06-28,45.03,45.36,44.9,45.08,3616349,sample-prices
AURX,2023-06-29,45.71,45.79,45.58,45.78,218457,sample-prices
AURX,2023-06-30,45.4,45.62,45.27,45.33,2328710,sample-prices
AURX,2023-07-03,45.28,45.71,45.1,45.24,1838373,sample-prices
AURX,2023-07-04,44.81,44.91,44.67,44.82,1243871,sample-prices
AURX,2023-07-05,44.45,44.65,44.37,44.57,863241,sample-prices
AURX,2023-07-06,43.9,44.05,43.83,43.85,1710048,sample-prices
AURX,2023-07-07,43.7,43.79,43.23,43.57,3946913,sample-prices
AURX,2023-07-10,44.28,44.48,44.23,44.28,2996821,sample-prices
AURX,2023-07-11,43.83,44.23,43.62,43.79,1827892,sample-prices
AURX,2023-07-12,43.28,43.47,43.04,43.25,3803834,sample-prices
AURX,2023-07-13,43.66,44.11,43.47,43.6,1294627,sample-prices
AURX,2023-07-14,43.85,43.96,43.69,43.87,2992948,sample-prices
AURX,2023-07-17,43.46,43.55,43.1,43.44,1091873,sample-prices
AURX,2023-07-18,43.31,43.35,43.08,43.23,3791018,sample-prices
AURX,2023-07-19,44.11,44.2,44.04,44.1,396649,sample-prices
AURX,2023-07-20,44.31,44.71,44.23,44.28,1206344,sample-prices
AURX,2023-07-21,45.17,45.17,44.66,45.09,1956466,sample-prices
AURX,2023-07-24,44.55,44.96,44.52,44.7,1917582,sample-prices
AURX,2023-07-25,44.39,44.54,44.38,44.49,2836665,sample-prices
AURX,2023-07-26,43.88,44.36,43.72,43.87,1474873,sample-prices
AURX,2023-07-27,44.49,44.52,44.02,44.39,3042669,sample-prices
AURX,2023-07-28,43.82,43.99,43.73,43.76,1706179,sample-prices
AURX,2023-07-31,44.73,44.85,44.57,44.68,920066,sample-prices
AURX,2023-08-01,44.38,44.59,43.98,44.37,2201630,sample-prices
AURX,2023-08-02,44.13,44.4,43.77,44.05,2312334,sample-prices
AURX,2023-08-03,43.84,43.95,43.4,43.86,1524216,sample-prices
AURX,2023-08-04,44.49,44.68,44.35,44.52,607690,sample-prices
AURX,2023-08-07,43.75,43.78,43.47,43.76,782211,sample-prices
AURX,2023-08-08,43.2,43.32,43.16,43.17,3621056,sample-prices
AURX,2023-08-09,42.96,43.12,42.7,42.98,1979785,sample-prices
AURX,2023-08-10,43.3,43.62,43.18,43.34,1425360,sample-prices
AURX,2023-08-11,44.0,44.34,43.87,44.0,224314,sample-prices
AURX,2023-08-14,43.87,44.13,43.79,43.93,969140,sample-prices
AURX,2023-08-15,44.0,44.15,43.92,44.05,2561428,sample-prices
AURX,2023-08-16,43.95,44.15,43.66,44.0,2936820,sample-prices
AURX,2023-08-17,43.98,44.42,43.88,44.0,1457806,sample-prices
AURX,2023-08-18,45.2,45.57,45.0,45.31,543550,sample-prices
AURX,2023-08-21,45.55,45.71,45.43,45.6,3381761,sample-prices
AURX,2023-08-22,43.7,43.99,43.62,43.72,3483611,sample-prices
AURX,2023-08-23,44.48,44.86,44.31,44.41,1650460,sample-prices
AURX,2023-08-24,46.21,46.51,46.02,46.32,2119582,sample-prices
AURX,2023-08-25,46.21,46.41,46.03,46.23,911217,sample-prices
AURX,2023-08-28,45.96,45.98,45.86,45.97,1728124,sample-prices
AURX,2023-08-29,45.43,45.58,44.9,45.38,951898,sample-prices
AURX,2023-08-30,45.11,45.26,44.96,45.06,328735,sample-prices
AURX,2023-08-31,44.84,44.99,44.73,44.8,3166326,sample-prices
AURX,2023-09-01,44.84,45.21,44.49,44.88,2640806,sample-prices
AURX,2023-09-04,44.42,44.54,44.21,44.51,3675804,sample-prices
AURX,2023-09-05,44.33,44.59,44.21,44.36,2284733,sample-prices
AURX,2023-09-06,43.77,43.88,43.72,43.8,388257,sample-prices
AURX,2023-09-07,43.66,44.01,43.62,43.66,3629461,sample-prices
AURX,2023-09-08,44.82,45.16,44.66,44.83,863440,sample-prices
AURX,2023-09-11,44.9,44.93,44.88,44.91,3169570,sample-prices
AURX,2023-09-12,45.31,45.31,45.07,45.22,1888331,sample-prices
AURX,2023-09-13,45.51,45.76,45.11,45.56,857123,sample-prices
AURX,2023-09-14,45.62,45.87,45.4,45.77,3971365,sample-prices
AURX,2023-09-15,45.29,45.38,45.0,45.22,295152,sample-prices
AURX,2023-09-18,45.87,45.94,45.6,45.77,1427874,sample-prices
AURX,2023-09-19,45.45,45.49,45.18,45.33,1705047,sample-prices
AURX,2023-09-20,46.11,46.15,45.85,46.15,1606569,sample-prices
AURX,2023-09-21,45.22,45.56,45.18,45.24,2271778,sample-prices
AURX,2023-09-22,45.15,45.28,45.01,45.03,2487589,sample-prices
AURX,2023-09-25,45.11,45.36,45.01,45.15,1891975,sample-prices
AURX,2023-09-26,45.54,45.57,45.34,45.53,2985638,sample-prices
AURX,2023-09-27,44.91,45.02,44.78,44.86,3670609,sample-prices
AURX,2023-09-28,44.72,44.89,44.72,44.75,2064241,sample-prices
AURX,2023-09-29,44.82,45.13,44.59,44.68,320009,sample-prices
AURX,2023-10-02,44.35,44.44,43.98,44.36,1383647,sample-prices
AURX,2023-10-03,43.93,44.22,43.68,44.07,3137001,sample-prices
AURX,2023-10-04,44.18,44.19,43.92,44.16,1533810,sample-prices
AURX,2023-10-05,44.66,44.76,44.58,44.72,1067677,sample-prices
AURX,2023-10-06,43.53,43.93,43.39,43.5,2437340,sample-prices
AURX,2023-10-09,43.47,43.54,43.33,43.48,2086946,sample-prices
AURX,2023-10-10,43.09,43.33,42.84,43.01,2910060,sample-prices
AURX,2023-10-11,42.36,42.44,42.17,42.34,2923166,sample-prices
AURX,2023-10-12,41.89,41.94,41.7,41.8,845586,sample-prices
AURX,2023-10-13,43.02,43.15,42.72,42.99,3416103,sample-prices
AURX,2023-10-16,42.51,42.55,42.1,42.43,2241880,sample-prices
AURX,2023-10-17,41.32,41.34,41.2,41.24,602580,sample-prices
AURX,2023-10-18,42.02,42.24,41.99,42.08,2508060,sample-prices
AURX,2023-10-19,41.48,41.72,41.38,41.58,466434,sample-prices
AURX,2023-10-20,41.05,41.28,41.05,41.16,661888,sample-prices
AURX,2023-10-23,40.46,40.57,40.25,40.36,1994148,sample-prices
AURX,2023-10-24,41.37,41.46,41.33,41.36,3177897,sample-prices
AURX,2023-10-25,42.12,42.18,42.11,42.17,3008854,sample-prices
AURX,2023-10-26,42.62,42.62,42.42,42.62,2084865,sample-prices
AURX,2023-10-27,43.2,43.26,43.09,43.12,3524433,sample-prices
AURX,2023-10-30,43.57,43.71,43.55,43.61,2976057,sample-prices
AURX,2023-10-31,43.2,43.23,42.82,43.11,3286728,sample-prices
AURX,2023-11-01,43.21,43.63,43.01,43.19,1342706,sample-prices
AURX,2023-11-02,43.61,43.76,43.53,43.53,1148747,sample-prices
AURX,2023-11-03,43.77,43.93,43.72,43.75,3705943,sample-prices
AURX,2023-11-06,43.04,43.15,42.8,43.09,3268300,sample-prices
AURX,2023-11-07,42.75,42.82,42.7,42.74,3615544,sample-prices
AURX,2023-11-08,42.32,42.56,42.2,42.28,210287,sample-prices
AURX,2023-11-09,42.8,42.88,42.53,42.82,554486,sample-prices
AURX,2023-11-10,42.6,42.81,42.53,42.57,2386120,sample-prices
AURX,2023-11-13,42.84,43.14,42.82,42.88,3129084,sample-prices
AURX,2023-11-14,42.71,43.04,42.41,42.63,2088698,sample-prices
AURX,2023-11-15,42.28,42.35,42.05,42.29,2132940,sample-prices
AURX,2023-11-16,42.46,42.52,42.3,42.45,2854028,sample-prices
AURX,2023-11-17,43.15,43.37,42.95,43.23,2121171,sample-prices
AURX,2023-11-20,42.33,42.82,42.26,42.31,1892008,sample-prices
AURX,2023-11-21,41.96,42.09,41.95,41.97,2488662,sample-prices
AURX,2023-11-22,41.64,41.66,41.61,41.63,1547956,sample-prices
AURX,2023-11-23,41.21,41.31,41.0,41.28,1394185,sample-prices
AURX,2023-11-24,41.0,41.09,40.85,41.03,1023207,sample-prices
AURX,2023-11-27,40.76,40.97,40.46,40.65,1050886,sample-prices
AURX,2023-11-28,41.34,41.37,41.27,41.37,3956100,sample-prices
AURX,2023-11-29,41.35,41.77,41.12,41.36,2513317,sample-prices
AURX,2023-11-30,41.54,41.89,41.37,41.59,432955,sample-prices
AURX,2023-12-01,41.83,41.91,41.74,41.76,963951,sample-prices
AURX,2023-12-04,41.31,41.37,41.01,41.28,3518311,sample-prices
AURX,2023-12-05,41.8,42.0,41.63,41.74,3061589,sample-prices
AURX,2023-12-06,41.8,41.91,41.47,41.74,1293674,sample-prices
AURX,2023-12-07,41.24,41.33,41.07,41.18,2183857,sample-prices
AURX,2023-12-08,42.25,42.38,42.04,42.2,2998145,sample-prices
AURX,2023-12-11,42.39,42.44,42.32,42.41,2186667,sample-prices
AURX,2023-12-12,42.9,43.01,42.73,42.93,1612502,sample-prices
AURX,2023-12-13,43.61,43.74,43.43,43.66,2432074,sample-prices
AURX,2023-12-14,43.99,44.0,43.89,43.99,443993,sample-prices
AURX,2023-12-15,43.49,43.51,43.26,43.4,1961430,sample-prices
AURX,2023-12-18,43.98,44.08,43.9,43.94,2711299,sample-prices
AURX,2023-12-19,44.12,44.2,43.94,44.16,3402232,sample-prices
AURX,2023-12-20,43.18,43.25,42.88,43.23,1759677,sample-prices
AURX,2023-12-21,41.76,41.99,41.64,41.75,653727,sample-prices
AURX,2023-12-22,41.79,41.83,41.7,41.83,1243366,sample-prices
AURX,2023-12-25,41.09,41.22,40.91,41.05,1457674,sample-prices
AURX,2023-12-26,40.87,41.04,40.83,40.83,1042928,sample-prices
AURX,2023-12-27,40.88,41.19,40.49,40.77,2267589,sample-prices
AURX,2023-12-28,40.84,41.0,40.62,40.78,3949453,sample-prices
AURX,2023-12-29,40.2,40.29,40.16,40.2,1824606,sample-prices
AURX,2024-01-01,39.72,39.9,39.63,39.73,3988862,sample-prices
AURX,2024-01-02,39.71,39.91,39.62,39.75,2163634,sample-prices
AURX,2024-01-03,40.68,40.71,40.39,40.62,2226872,sample-prices
AURX,2024-01-04,41.37,41.5,41.09,41.35,2307700,sample-prices
AURX,2024-01-05,41.69,41.86,41.44,41.71,228435,sample-prices
AURX,2024-01-08,41.55,42.11,41.37,41.6,2154664,sample-prices
AURX,2024-01-09,41.54,41.55,41.35,41.45,2458318,sample-prices
AURX,2024-01-10,40.75,40.97,40.44,40.79,2694941,sample-prices
AURX,2024-01-11,39.75,39.91,39.62,39.83,242509,sample-prices
AURX,2024-01-12,40.23,40.38,40.09,40.21,279902,sample-prices
AURX,2024-01-15,40.18,40.27,40.14,40.17,3839234,sample-prices
AURX,2024-01-16,40.09,40.24,40.02,40.11,2192739,sample-prices
AURX,2024-01-17,39.85,40.09,39.7,39.89,244874,sample-prices
AURX,2024-01-18,40.17,40.35,40.08,40.22,803777,sample-prices
AURX,2024-01-19,40.94,41.04,40.94,40.98,2380612,sample-prices
AURX,2024-01-22,40.93,41.13,40.84,40.93,2784196,sample-prices
AURX,2024-01-23,40.99,41.36,40.93,40.99,2898003,sample-prices
AURX,2024-01-24,42.35,42.66,42.08,42.25,2090294,sample-prices
AURX,2024-01-25,42.39,42.61,42.27,42.38,430687,sample-prices
AURX,2024-01-26,41.76,41.89,41.66,41.7,389014,sample-prices
AURX,2024-01-29,40.85,41.04,40.66,40.9,1996971,sample-prices
AURX,2024-01-30,41.38,41.88,41.09,41.43,465286,sample-prices
AURX,2024-01-31,41.56,41.88,41.35,41.61,521027,sample-prices
AURX,2024-02-01,42.28,42.32,42.24,42.3,1905543,sample-prices
AURX,2024-02-02,42.75,42.95,42.51,42.71,2853122,sample-prices
AURX,2024-02-05,42.92,43.38,42.56,42.94,628319,sample-prices
AURX,2024-02-06,42.89,42.92,42.54,42.88,2368776,sample-prices
AURX,2024-02-07,42.3,42.36,42.18,42.31,1615528,sample-prices
AURX,2024-02-08,41.56,41.67,41.13,41.47,1164786,sample-prices
AURX,2024-02-09,41.17,41.18,41.1,41.11,1096415,sample-prices
AURX,2024-02-12,41.94,42.07,41.9,41.92,3712265,sample-prices
AURX,2024-02-13,42.47,42.48,42.06,42.32,3334889,sample-prices
AURX,2024-02-14,42.8,42.96,42.76,42.89,2664103,sample-prices
AURX,2024-02-15,43.32,43.56,43.2,43.31,727167,sample-prices
AURX,2024-02-16,43.78,43.87,43.49,43.63,1129008,sample-prices
AURX,2024-02-19,43.47,43.61,43.26,43.31,2218583,sample-prices
AURX,2024-02-20,43.96,44.23,43.79,43.83,3863252,sample-prices
AURX,2024-02-21,43.98,44.3,43.94,44.11,1107145,sample-prices
AURX,2024-02-22,45.5,45.6,45.48,45.53,1043418,sample-prices
AURX,2024-02-23,46.3,46.46,46.11,46.34,3238153,sample-prices
AURX,2024-02-26,45.5,45.86,45.43,45.58,3692531,sample-prices
AURX,2024-02-27,45.35,45.36,45.21,45.36,1041336,sample-prices
AURX,2024-02-28,44.27,44.29,44.15,44.25,942594,sample-prices
AURX,2024-02-29,43.73,43.92,43.62,43.71,1269164,sample-prices
AURX,2024-03-01,43.42,43.48,43.2,43.47,1346814,sample-prices
AURX,2024-03-04,42.89,43.03,42.85,42.95,3990892,sample-prices
AURX,2024-03-05,43.87,44.02,43.58,43.83,1236776,sample-prices
AURX,2024-03-06,44.94,45.16,44.92,45.0,2572332,sample-prices
AURX,2024-03-07,44.97,45.08,44.85,45.0,2817808,sample-prices
AURX,2024-03-08,45.05,45.08,44.52,44.97,2337750,sample-prices
AURX,2024-03-11,45.38,45.43,45.3,45.38,415907,sample-prices
AURX,2024-03-12,46.38,46.6,46.35,46.44,328707,sample-prices
AURX,2024-03-13,47.03,47.19,46.94,46.94,2993305,sample-prices
AURX,2024-03-14,45.54,45.82,45.45,45.62,2034821,sample-prices
AURX,2024-03-15,45.89,46.01,45.75,45.92,1460647,sample-prices
AURX,2024-03-18,45.32,45.41,45.15,45.38,495140,sample-prices
AURX,2024-03-19,44.62,44.76,44.23,44.55,2483058,sample-prices
AURX,2024-03-20,44.09,44.2,43.65,44.0,2324936,sample-prices
AURX,2024-03-21,43.47,43.64,43.28,43.5,3941423,sample-prices
AURX,2024-03-22,44.18,44.31,44.15,44.18,3297517,sample-prices
AURX,2024-03-25,44.17,44.38,43.87,44.15,2067750,sample-prices
AURX,2024-03-26,44.58,44.71,44.44,44.56,2509182,sample-prices
AURX,2024-03-27,44.19,44.33,44.16,44.27,302051,sample-prices
AURX,2024-03-28,44.68,44.73,44.55,44.65,2240874,sample-prices
AURX,2024-03-29,44.74,44.86,44.62,44.79,3093729,sample-prices
AURX,2024-04-01,44.06,44.17,43.97,44.06,3927997,sample-prices
AURX,2024-04-02,44.71,44.8,44.28,44.63,562343,sample-prices
AURX,2024-04-03,44.47,44.51,44.23,44.27,484914,sample-prices
AURX,2024-04-04,44.04,44.06,43.68,43.99,1456282,sample-prices
AURX,2024-04-05,44.34,44.5,44.25,44.32,1321826,sample-prices
AURX,2024-04-08,44.15,44.67,44.1,44.2,2662756,sample-prices
AURX,2024-04-09,42.78,42.83,42.68,42.82,1118353,sample-prices
AURX,2024-04-10,43.07,43.17,42.92,43.12,1282485,sample-prices
AURX,2024-04-11,43.16,43.43,42.98,43.22,1326115,sample-prices
AURX,2024-04-12,44.11,44.25,43.8,44.11,1513040,sample-prices
AURX,2024-04-15,44.96,45.07,44.88,44.95,1248535,sample-prices
AURX,2024-04-16,44.2,44.35,44.08,44.25,3255204,sample-prices
AURX,2024-04-17,43.21,43.4,43.15,43.27,3392486,sample-prices
AURX,2024-04-18,42.15,42.22,41.95,42.21,1487043,sample-prices
AURX,2024-04-19,42.37,42.59,42.27,42.3,2822450,sample-prices
AURX,2024-04-22,42.23,42.47,42.18,42.27,2897720,sample-prices
AURX,2024-04-23,43.31,43.37,43.2,43.28,330553,sample-prices
AURX,2024-04-24,44.17,44.22,44.16,44.21,1247413,sample-prices
AURX,2024-04-25,44.45,44.7,44.37,44.52,2556643,sample-prices
AURX,2024-04-26,44.8,44.98,44.39,44.65,2937744,sample-prices
AURX,2024-04-29,44.48,44.92,44.43,44.59,715365,sample-prices
AURX,2024-04-30,44.24,44.36,43.99,44.25,3781535,sample-prices
AURX,2024-05-01,44.07,44.26,43.82,43.97,3262484,sample-prices
AURX,2024-05-02,44.11,44.24,43.88,44.04,3760244,sample-prices
AURX,2024-05-03,43.67,43.82,43.55,43.6,1441704,sample-prices
AURX,2024-05-06,43.68,43.83,43.42,43.66,247369,sample-prices
AURX,2024-05-07,43.87,44.07,43.85,43.86,2400765,sample-prices
AURX,2024-05-08,44.44,44.53,44.33,44.47,1047537,sample-prices
AURX,2024-05-09,45.08,45.2,45.06,45.14,3265758,sample-prices
AURX,2024-05-10,45.53,45.62,45.35,45.42,1310885,sample-prices
AURX,2024-05-13,44.18,44.23,44.03,44.18,721149,sample-prices
AURX,2024-05-14,43.59,43.67,43.25,43.6,2440574,sample-prices
AURX,2024-05-15,42.96,43.32,42.76,42.89,2346704,sample-prices
AURX,2024-05-16,44.33,44.43,44.05,44.28,2330278,sample-prices
AURX,2024-05-17,43.56,43.79,43.3,43.49,2819397,sample-prices
AURX,2024-05-20,42.2,42.26,42.11,42.21,1455207,sample-prices
AURX,2024-05-21,41.76,41.9,41.69,41.8,1582417,sample-prices
AURX,2024-05-22,41.63,41.73,41.28,41.63,2127544,sample-prices
AURX,2024-05-23,42.15,42.67,42.0,42.09,2727600,sample-prices
AURX,2024-05-24,42.33,42.47,42.24,42.39,2315963,sample-prices
AURX,2024-05-27,43.16,43.19,42.97,43.17,1114363,sample-prices
AURX,2024-05-28,42.06,42.29,41.92,42.1,3901616,sample-prices
AURX,2024-05-29,41.5,41.55,41.37,41.52,2204616,sample-prices
AURX,2024-05-30,42.28,42.29,42.13,42.24,3370806,sample-prices
AURX,2024-05-31,41.72,41.73,41.41,41.72,3197919,sample-prices
AURX,2024-06-03,41.61,41.67,41.53,41.63,2703615,sample-prices
AURX,2024-06-04,40.78,40.94,40.66,40.88,445996,sample-prices
AURX,2024-06-05,40.84,40.97,40.8,40.93,3431078,sample-prices
AURX,2024-06-06,40.95,41.1,40.9,40.92,2829513,sample-prices
AURX,2024-06-07,41.77,41.88,41.32,41.82,3712301,sample-prices
AURX,2024-06-10,42.2,42.41,42.17,42.23,1873916,sample-prices
AURX,2024-06-11,41.09,41.25,41.0,41.08,226924,sample-prices
AURX,2024-06-12,41.21,41.26,41.16,41.21,2857343,sample-prices
AURX,2024-06-13,41.03,41.37,40.94,41.13,3074878,sample-prices
AURX,2024-06-14,41.74,41.88,41.69,41.78,1323223,sample-prices
AURX,2024-06-17,41.65,41.71,41.33,41.64,3762747,sample-prices
AURX,2024-06-18,41.4,41.47,41.39,41.4,549439,sample-prices
AURX,2024-06-19,40.82,41.02,40.54,40.85,3213478,sample-prices
AURX,2024-06-20,41.59,41.75,41.49,41.66,1625172,sample-prices
AURX,2024-06-21,41.75,41.95,41.69,41.87,2300151,sample-prices
AURX,2024-06-24,41.96,42.19,41.71,42.01,3634612,sample-prices
AURX,2024-06-25,42.82,42.91,42.71,42.72,2339332,sample-prices
AURX,2024-06-26,41.44,41.59,41.39,41.57,1078213,sample-prices
AURX,2024-06-27,41.45,41.61,41.42,41.44,2924816,sample-prices
AURX,2024-06-28,42.36,42.37,42.17,42.35,312762,sample-prices
AURX,2024-07-01,43.72,43.79,43.61,43.7,2355015,sample-prices
AURX,2024-07-02,44.78,45.07,44.48,44.73,1893893,sample-prices
AURX,2024-07-03,44.73,44.91,44.61,44.81,3691856,sample-prices
AURX,2024-07-04,45.0,45.36,44.64,45.02,2463816,sample-prices
AURX,2024-07-05,45.21,45.44,45.15,45.24,1647573,sample-prices
AURX,2024-07-08,44.35,44.44,44.27,44.28,299127,sample-prices
AURX,2024-07-09,45.04,45.17,44.64,44.91,1999206,sample-prices
AURX,2024-07-10,44.14,44.3,44.08,44.12,2983657,sample-prices
AURX,2024-07-11,43.54,43.86,43.3,43.63,2267572,sample-prices
AURX,2024-07-12,44.01,44.25,43.54,43.87,1946157,sample-prices
AURX,2024-07-15,44.27,44.43,44.08,44.38,3481991,sample-prices
AURX,2024-07-16,44.31,44.5,43.93,44.4,1826762,sample-prices
AURX,2024-07-17,45.3,45.39,45.14,45.3,2154413,sample-prices
AURX,2024-07-18,45.36,45.52,45.08,45.27,2348942,sample-prices
AURX,2024-07-19,45.27,45.31,45.05,45.27,3381365,sample-prices
AURX,2024-07-22,44.56,44.62,44.3,44.58,1804486,sample-prices
AURX,2024-07-23,45.15,45.19,44.97,45.08,1175368,sample-prices
AURX,2024-07-24,45.18,45.29,44.87,45.09,3970613,sample-prices
AURX,2024-07-25,45.52,45.61,45.42,45.53,1683696,sample-prices
AURX,2024-07-26,45.36,45.61,45.21,45.32,2007112,sample-prices
AURX,2024-07-29,45.53,45.63,45.52,45.55,3991166,sample-prices
AURX,2024-07-30,44.86,44.99,44.81,44.82,2102265,sample-prices
AURX,2024-07-31,43.23,43.56,43.16,43.29,744147,sample-prices
AURX,2024-08-01,42.58,42.69,42.31,42.67,2383489,sample-prices
AURX,2024-08-02,43.25,43.33,43.0,43.23,2839224,sample-prices
AURX,2024-08-05,43.63,43.81,43.49,43.65,1730493,sample-prices
AURX,2024-08-06,43.82,43.91,43.78,43.83,2740085,sample-prices
AURX,2024-08-07,43.74,43.92,43.5,43.63,3140061,sample-prices
AURX,2024-08-08,43.58,43.84,43.29,43.66,1779596,sample-prices
AURX,2024-08-09,43.68,43.74,43.61,43.7,632133,sample-prices
AURX,2024-08-12,42.92,42.94,42.66,42.87,3300166,sample-prices
AURX,2024-08-13,42.49,42.78,42.28,42.4,3782816,sample-prices
AURX,2024-08-14,42.82,42.94,42.63,42.76,998731,sample-prices
AURX,2024-08-15,43.42,43.53,43.09,43.42,3673896,sample-prices
AURX,2024-08-16,43.4,43.64,43.26,43.37,3651713,sample-prices
AURX,2024-08-19,43.42,43.43,43.36,43.42,3555857,sample-prices
AURX,2024-08-20,42.31,42.45,42.21,42.3,1567744,sample-prices
AURX,2024-08-21,42.07,42.37,41.91,41.99,3533660,sample-prices
AURX,2024-08-22,42.92,43.05,42.62,42.95,402671,sample-prices
AURX,2024-08-23,43.54,43.96,43.24,43.48,2502554,sample-prices
AURX,2024-08-26,43.6,43.89,43.29,43.55,2537515,sample-prices
AURX,2024-08-27,43.83,43.94,43.69,43.83,2451893,sample-prices
AURX,2024-08-28,43.91,44.18,43.7,44.03,380060,sample-prices
AURX,2024-08-29,43.48,43.52,43.4,43.45,3298391,sample-prices
AURX,2024-08-30,42.79,42.8,42.38,42.72,1868333,sample-prices
AURX,2024-09-02,42.89,43.16,42.78,42.95,1759664,sample-prices
AURX,2024-09-03,42.91,42.97,42.88,42.95,3246846,sample-prices
AURX,2024-09-04,42.49,42.74,42.45,42.51,3449142,sample-prices
AURX,2024-09-05,41.95,41.96,41.73,41.84,3855167,sample-prices
AURX,2024-09-06,41.59,41.92,41.52,41.68,2973534,sample-prices
AURX,2024-09-09,42.4,42.44,42.16,42.31,3904858,sample-prices
AURX,2024-09-10,42.47,42.53,42.39,42.43,255081,sample-prices
AURX,2024-09-11,42.8,42.8,42.73,42.8,542520,sample-prices
AURX,2024-09-12,42.56,42.58,42.27,42.54,800862,sample-prices
AURX,2024-09-13,41.46,41.59,41.37,41.56,3054986,sample-prices
AURX,2024-09-16,41.89,42.21,41.62,41.85,1734792,sample-prices
AURX,2024-09-17,41.03,41.14,40.98,40.99,535882,sample-prices
AURX,2024-09-18,40.49,40.51,40.38,40.46,1607333,sample-prices
AURX,2024-09-19,40.66,40.81,40.24,40.74,3852789,sample-prices
AURX,2024-09-20,41.61,41.62,41.24,41.56,2710737,sample-prices
AURX,2024-09-23,41.89,42.06,41.87,41.94,522904,sample-prices
AURX,2024-09-24,41.76,41.85,41.61,41.84,2558223,sample-prices
AURX,2024-09-25,41.96,42.0,41.9,41.93,2852949,sample-prices
AURX,2024-09-26,42.74,42.8,42.66,42.75,2650067,sample-prices
AURX,2024-09-27,42.91,43.04,42.76,42.9,1778069,sample-prices
AURX,2024-09-30,43.83,43.91,43.75,43.8,3195687,sample-prices
AURX,2024-10-01,43.5,43.66,43.42,43.44,2592424,sample-prices
AURX,2024-10-02,44.01,44.13,43.95,44.0,3965850,sample-prices
AURX,2024-10-03,43.38,43.87,43.26,43.33,1825692,sample-prices
AURX,2024-10-04,43.4,43.52,43.13,43.43,1596844,sample-prices
AURX,2024-10-07,42.91,43.14,42.61,43.01,2270935,sample-prices
AURX,2024-10-08,43.45,43.51,42.98,43.27,1284950,sample-prices
AURX,2024-10-09,43.74,43.79,43.55,43.66,1303175,sample-prices
AURX,2024-10-10,43.58,43.62,43.44,43.53,468266,sample-prices
AURX,2024-10-11,43.56,43.71,43.25,43.64,2510889,sample-prices
AURX,2024-10-14,43.41,43.46,43.26,43.36,3415393,sample-prices
AURX,2024-10-15,44.03,44.11,43.81,43.97,1685650,sample-prices
AURX,2024-10-16,44.33,44.59,44.25,44.36,3572419,sample-prices
AURX,2024-10-17,45.02,45.25,44.94,45.09,2768457,sample-prices
AURX,2024-10-18,45.41,45.6,45.07,45.54,3403021,sample-prices
AURX,2024-10-21,47.02,47.25,46.83,46.9,974019,sample-prices
AURX,2024-10-22,47.19,47.29,46.98,47.07,1556584,sample-prices
AURX,2024-10-23,47.19,47.47,47.11,47.14,2926414,sample-prices
AURX,2024-10-24,45.76,45.98,45.75,45.83,2146142,sample-prices
AURX,2024-10-25,45.42,45.49,45.24,45.44,741340,sample-prices
AURX,2024-10-28,44.47,44.55,44.45,44.53,2273708,sample-prices
AURX,2024-10-29,45.0,45.11,44.95,45.02,930793,sample-prices
AURX,2024-10-30,45.64,45.7,45.61,45.69,2831846,sample-prices
AURX,2024-10-31,45.99,46.21,45.91,45.92,3315563,sample-prices
AURX,2024-11-01,46.01,46.08,45.86,46.04,1671043,sample-prices
AURX,2024-11-04,46.59,46.85,46.19,46.67,2709752,sample-prices
AURX,2024-11-05,46.66,46.98,46.61,46.72,3039460,sample-prices
AURX,2024-11-06,46.5,46.55,46.24,46.52,3348861,sample-prices
AURX,2024-11-07,46.66,47.0,46.62,46.64,1904433,sample-prices
AURX,2024-11-08,45.6,45.76,45.26,45.41,1502215,sample-prices
AURX,2024-11-11,45.83,46.13,45.77,45.88,1009860,sample-prices
AURX,2024-11-12,43.41,43.49,43.34,43.49,3550533,sample-prices
AURX,2024-11-13,42.96,43.16,42.76,43.04,625012,sample-prices
AURX,2024-11-14,42.35,42.49,42.07,42.42,461968,sample-prices
AURX,2024-11-15,42.8,42.81,42.59,42.77,3963174,sample-prices
AURX,2024-11-18,41.7,41.85,41.51,41.78,1240623,sample-prices
AURX,2024-11-19,41.6,41.74,41.52,41.69,2924009,sample-prices
AURX,2024-11-20,42.44,42.56,42.35,42.36,948523,sample-prices
AURX,2024-11-21,41.72,41.79,41.59,41.74,399542,sample-prices
AURX,2024-11-22,41.79,42.12,41.69,41.94,2408738,sample-prices
AURX,2024-11-25,41.14,41.52,41.03,41.22,2262373,sample-prices
AURX,2024-11-26,41.72,41.98,41.64,41.68,1807728,sample-prices
AURX,2024-11-27,41.71,41.97,41.38,41.55,2654338,sample-prices
AURX,2024-11-28,41.02,41.42,40.86,40.94,2921179,sample-prices
AURX,2024-11-29,39.87,40.04,39.82,40.0,1120112,sample-prices
AURX,2024-12-02,40.11,40.16,40.03,40.08,2526448,sample-prices
AURX,2024-12-03,39.64,39.65,39.46,39.6,3861153,sample-prices
AURX,2024-12-04,38.45,38.64,38.28,38.53,533403,sample-prices
AURX,2024-12-05,38.8,38.97,38.72,38.78,2851334,sample-prices
AURX,2024-12-06,39.09,39.1,38.83,39.06,2719101,sample-prices
AURX,2024-12-09,39.43,39.58,39.32,39.45,3319926,sample-prices
AURX,2024-12-10,39.53,39.85,39.45,39.46,3417968,sample-prices
AURX,2024-12-11,39.32,39.74,39.31,39.36,2710885,sample-prices
AURX,2024-12-12,39.24,39.47,39.08,39.35,1117660,sample-prices
AURX,2024-12-13,39.13,39.38,38.92,39.18,902435,sample-prices
AURX,2024-12-16,39.2,39.34,39.05,39.22,1313543,sample-prices
AURX,2024-12-17,38.4,38.6,38.16,38.44,715912,sample-prices
AURX,2024-12-18,38.3,38.41,38.16,38.21,3198739,sample-prices
AURX,2024-12-19,38.71,38.84,38.59,38.73,568272,sample-prices
AURX,2024-12-20,38.48,38.71,38.35,38.5,310472,sample-prices
AURX,2024-12-23,37.71,37.84,37.53,37.77,605714,sample-prices
AURX,2024-12-24,38.0,38.11,37.89,38.06,1376677,sample-prices
AURX,2024-12-25,38.45,38.64,38.41,38.49,2384270,sample-prices
AURX,2024-12-26,37.47,37.6,37.41,37.46,3376500,sample-prices
AURX,2024-12-27,38.55,38.6,38.42,38.47,2438651,sample-prices
AURX,2024-12-30,38.45,38.51,38.35,38.39,2703284,sample-prices
AURX,2024-12-31,38.92,38.95,38.8,38.82,1395906,sample-prices
BELV,2022-06-01,59.21,59.24,59.17,59.24,1422164,sample-prices
BELV,2022-06-02,59.61,60.1,59.4,59.73,2181384,sample-prices
BELV,2022-06-03,60.3,60.35,60.2,60.25,2037489,sample-prices
BELV,2022-06-06,59.65,59.83,59.51,59.69,2328797,sample-prices
BELV,2022-06-07,60.46,60.46,60.09,60.26,3234042,sample-prices
BELV,2022-06-08,60.02,60.05,60.0,60.01,499507,sample-prices
BELV,2022-06-09,59.42,59.47,59.29,59.43,3452689,sample-prices
BELV,2022-06-10,58.98,59.19,58.95,58.98,427484,sample-prices
BELV,2022-06-13,59.21,59.3,58.96,59.16,318715,sample-prices
BELV,2022-06-14,59.09,59.11,58.98,59.04,340198,sample-prices
BELV,2022-06-15,58.99,59.09,58.89,59.04,470132,sample-prices
BELV,2022-06-16,58.43,58.46,57.91,58.43,2909627,sample-prices
BELV,2022-06-17,58.94,59.29,58.66,58.96,273743,sample-prices
BELV,2022-06-20,58.61,58.95,58.51,58.84,688619,sample-prices
BELV,2022-06-21,60.6,60.62,60.43,60.52,2311122,sample-prices
BELV,2022-06-22,61.61,61.82,61.19,61.62,2060473,sample-prices
BELV,2022-06-23,61.51,61.52,61.11,61.3,3691432,sample-prices
BELV,2022-06-24,60.54,60.97,60.36,60.49,2507103,sample-prices
BELV,2022-06-27,60.16,60.32,60.12,60.18,3376363,sample-prices
BELV,2022-06-28,59.58,59.66,59.23,59.42,3420117,sample-prices
BELV,2022-06-29,61.2,61.21,60.93,61.06,602095,sample-prices
BELV,2022-06-30,61.75,61.94,61.55,61.81,1107112,sample-prices
BELV,2022-07-01,62.31,62.48,62.03,62.22,1555432,sample-prices
BELV,2022-07-04,61.31,61.56,61.16,61.24,1980062,sample-prices
BELV,2022-07-05,61.32,61.39,61.17,61.23,890572,sample-prices
BELV,2022-07-06,60.03,60.21,59.85,59.94,1757455,sample-prices
BELV,2022-07-07,58.86,59.24,58.81,58.91,1171966,sample-prices
BELV,2022-07-08,58.47,58.51,57.64,58.45,2579142,sample-prices
BELV,2022-07-11,58.94,59.38,58.8,58.82,2690166,sample-prices
BELV,2022-07-12,60.44,60.87,60.34,60.45,3909898,sample-prices
BELV,2022-07-13,59.43,59.67,59.3,59.5,943932,sample-prices
BELV,2022-07-14,60.04,60.3,59.81,59.92,2330003,sample-prices
BELV,2022-07-15,59.16,59.48,59.06,59.11,1967638,sample-prices
BELV,2022-07-18,59.44,59.79,59.42,59.55,1414499,sample-prices
BELV,2022-07-19,61.17,61.19,60.93,61.11,1807081,sample-prices
BELV,2022-07-20,59.26,59.4,59.18,59.31,3769815,sample-prices
BELV,2022-07-21,58.62,58.63,58.18,58.51,3455599,sample-prices
BELV,2022-07-22,60.35,60.45,60.25,60.35,3635434,sample-prices
BELV,2022-07-25,59.24,59.48,58.86,59.06,3657215,sample-prices
BELV,2022-07-26,60.13,60.53,59.93,60.22,1761097,sample-prices
BELV,2022-07-27,59.17,59.43,58.98,59.35,1731258,sample-prices
BELV,2022-07-28,58.57,59.07,58.2,58.52,2962345,sample-prices
BELV,2022-07-29,58.33,58.6,58.18,58.26,246418,sample-prices
BELV,2022-08-01,58.75,58.88,58.69,58.72,3177351,sample-prices
BELV,2022-08-02,59.45,59.74,59.21,59.33,3315006,sample-prices
BELV,2022-08-03,60.56,60.99,60.43,60.59,357110,sample-prices
BELV,2022-08-04,59.89,60.05,59.79,59.95,2550452,sample-prices
BELV,2022-08-05,61.34,61.62,61.05,61.4,2658353,sample-prices
BELV,2022-08-08,60.44,60.74,60.17,60.31,3770936,sample-prices
BELV,2022-08-09,60.41,60.43,60.24,60.39,3600866,sample-prices
BELV,2022-08-10,59.68,59.95,59.62,59.77,684221,sample-prices
BELV,2022-08-11,60.0,60.12,59.83,59.98,3999287,sample-prices
BELV,2022-08-12,60.32,60.47,59.87,60.35,459721,sample-prices
BELV,2022-08-15,59.38,59.79,59.03,59.29,2899079,sample-prices
BELV,2022-08-16,59.04,59.3,58.9,59.01,1122560,sample-prices
BELV,2022-08-17,60.31,60.48,60.11,60.37,337341,sample-prices
BELV,2022-08-18,60.75,61.07,60.48,60.76,1279222,sample-prices
BELV,2022-08-19,60.78,60.88,60.52,60.61,1060083,sample-prices
BELV,2022-08-22,60.55,60.82,60.21,60.58,299595,sample-prices
BELV,2022-08-23,59.44,59.55,59.27,59.37,3331551,sample-prices
BELV,2022-08-24,58.87,58.96,58.77,58.93,2936533,sample-prices
BELV,2022-08-25,59.22,59.56,58.91,59.36,1878855,sample-prices
BELV,2022-08-26,60.1,60.28,59.7,60.12,3074760,sample-prices
BELV,2022-08-29,60.43,60.73,60.25,60.47,2292025,sample-prices
BELV,2022-08-30,60.79,60.86,60.29,60.79,3693043,sample-prices
BELV,2022-08-31,62.07,62.37,62.06,62.29,3777997,sample-prices
BELV,2022-09-01,62.48,62.49,62.44,62.45,3145886,sample-prices
BELV,2022-09-02,61.75,62.03,61.0,61.8,1546067,sample-prices
BELV,2022-09-05,62.62,62.79,62.39,62.77,2450387,sample-prices
BELV,2022-09-06,62.33,62.45,62.09,62.23,580287,sample-prices
BELV,2022-09-07,63.46,63.96,63.2,63.57,1613614,sample-prices
BELV,2022-09-08,64.65,64.77,64.53,64.74,782694,sample-prices
BELV,2022-09-09,63.48,63.96,63.46,63.67,3536072,sample-prices
BELV,2022-09-12,62.6,62.75,62.38,62.66,2364632,sample-prices
BELV,2022-09-13,62.13,62.18,61.79,62.08,3899923,sample-prices
BELV,2022-09-14,61.59,61.98,61.41,61.73,2974282,sample-prices
BELV,2022-09-15,61.71,62.23,61.62,61.75,1799464,sample-prices
BELV,2022-09-16,62.25,62.44,61.71,62.29,3603142,sample-prices
BELV,2022-09-19,62.75,62.81,62.57,62.77,1094805,sample-prices
BELV,2022-09-20,60.89,61.22,60.46,60.94,2656704,sample-prices
BELV,2022-09-21,58.12,58.28,58.01,58.25,3348288,sample-prices
BELV,2022-09-22,57.62,57.69,57.34,57.45,877105,sample-prices
BELV,2022-09-23,57.66,57.76,57.52,57.69,625977,sample-prices
BELV,2022-09-26,57.05,57.1,56.63,56.92,3986179,sample-prices
BELV,2022-09-27,56.62,56.77,56.6,56.71,2019889,sample-prices
BELV,2022-09-28,56.43,56.8,56.42,56.52,1943824,sample-prices
BELV,2022-09-29,56.62,56.64,56.2,56.49,1710401,sample-prices
BELV,2022-09-30,56.32,56.33,55.91,56.3,2446520,sample-prices
BELV,2022-10-03,56.56,56.73,56.46,56.5,634199,sample-prices
BELV,2022-10-04,55.73,55.8,55.55,55.63,3723553,sample-prices
BELV,2022-10-05,56.34,56.66,56.12,56.27,3432135,sample-prices
BELV,2022-10-06,55.83,55.87,55.46,55.77,2523434,sample-prices
BELV,2022-10-07,55.28,55.65,55.16,55.28,2685097,sample-prices
BELV,2022-10-10,55.5,55.69,55.25,55.34,1771924,sample-prices
BELV,2022-10-11,54.69,54.84,54.21,54.77,3960702,sample-prices
BELV,2022-10-12,54.55,54.66,54.32,54.64,2009396,sample-prices
BELV,2022-10-13,54.73,54.73,54.45,54.61,2796451,sample-prices
BELV,2022-10-14,54.78,54.98,54.65,54.89,2659896,sample-prices
BELV,2022-10-17,53.55,53.69,53.5,53.57,3962553,sample-prices
BELV,2022-10-18,53.2,53.44,53.07,53.21,3702666,sample-prices
BELV,2022-10-19,52.85,52.91,52.33,52.85,2388333,sample-prices
BELV,2022-10-20,51.33,51.49,50.94,51.31,3367657,sample-prices
BELV,2022-10-21,50.68,50.73,50.54,50.64,2059070,sample-prices
BELV,2022-10-24,51.45,51.49,51.41,51.42,1816219,sample-prices
BELV,2022-10-25,51.44,51.58,51.09,51.44,3668400,sample-prices
BELV,2022-10-26,50.99,51.05,50.6,50.95,3502438,sample-prices
BELV,2022-10-27,50.98,51.12,50.7,51.05,1851519,sample-prices
BELV,2022-10-28,51.23,51.45,51.13,51.4,3033601,sample-prices
BELV,2022-10-31,51.9,52.17,51.76,52.0,1422950,sample-prices
BELV,2022-11-01,53.62,53.84,53.36,53.56,3277787,sample-prices
BELV,2022-11-02,53.46,53.74,53.3,53.47,1427887,sample-prices
BELV,2022-11-03,53.23,53.4,53.12,53.15,3701824,sample-prices
BELV,2022-11-04,51.79,51.94,51.77,51.88,3618482,sample-prices
BELV,2022-11-07,51.34,51.59,51.22,51.26,2874670,sample-prices
BELV,2022-11-08,50.6,50.78,50.43,50.49,2664346,sample-prices
BELV,2022-11-09,51.23,51.35,51.15,51.35,1849200,sample-prices
BELV,2022-11-10,51.81,52.04,51.59,51.9,348043,sample-prices
BELV,2022-11-11,52.71,53.07,52.6,52.86,1918514,sample-prices
BELV,2022-11-14,50.77,50.8,50.51,50.67,679717,sample-prices
BELV,2022-11-15,51.37,51.56,51.3,51.42,1749387,sample-prices
BELV,2022-11-16,51.92,52.02,51.73,51.89,1928123,sample-prices
BELV,2022-11-17,51.46,51.61,51.35,51.41,3455711,sample-prices
BELV,2022-11-18,51.67,52.3,51.62,51.66,1268734,sample-prices
BELV,2022-11-21,51.24,51.26,50.87,51.21,3142344,sample-prices
BELV,2022-11-22,50.91,51.0,50.68,50.89,3988255,sample-prices
BELV,2022-11-23,50.77,51.34,50.68,50.84,3219251,sample-prices
BELV,2022-11-24,50.49,50.52,50.17,50.43,3447202,sample-prices
BELV,2022-11-25,49.84,49.94,49.51,49.81,3101312,sample-prices
BELV,2022-11-28,49.35,49.66,49.24,49.29,1500797,sample-prices
BELV,2022-11-29,49.39,49.57,49.27,49.34,1871130,sample-prices
BELV,2022-11-30,50.06,50.21,49.91,49.92,2354330,sample-prices
BELV,2022-12-01,50.09,50.12,50.01,50.05,3872816,sample-prices
BELV,2022-12-02,50.86,51.03,50.84,50.94,2527292,sample-prices
BELV,2022-12-05,52.64,52.81,52.52,52.67,671273,sample-prices
BELV,2022-12-06,50.83,51.46,50.71,50.91,1504394,sample-prices
BELV,2022-12-07,49.64,49.66,49.47,49.64,267299,sample-prices
BELV,2022-12-08,50.3,50.5,50.16,50.34,1057424,sample-prices
BELV,2022-12-09,49.51,49.96,49.34,49.64,3696463,sample-prices
BELV,2022-12-12,50.23,50.96,50.02,50.32,947356,sample-prices
BELV,2022-12-13,50.21,50.56,50.08,50.25,3680679,sample-prices
BELV,2022-12-14,50.2,50.37,50.19,50.2,3742031,sample-prices
BELV,2022-12-15,49.97,50.01,49.77,49.95,3002721,sample-prices
BELV,2022-12-16,51.03,51.1,51.02,51.07,1014512,sample-prices
BELV,2022-12-19,51.54,51.67,51.34,51.53,1978744,sample-prices
BELV,2022-12-20,51.43,51.57,50.86,51.38,511295,sample-prices
BELV,2022-12-21,52.08,52.24,51.59,51.98,818381,sample-prices
BELV,2022-12-22,50.99,51.14,50.96,51.02,1411814,sample-prices
BELV,2022-12-23,50.92,51.0,50.66,50.82,3996984,sample-prices
BELV,2022-12-26,50.5,50.52,50.25,50.38,912619,sample-prices
BELV,2022-12-27,49.99,50.18,49.74,50.04,3877105,sample-prices
BELV,2022-12-28,50.05,50.31,49.99,50.09,2972791,sample-prices
BELV,2022-12-29,49.84,49.92,49.76,49.89,2706830,sample-prices
BELV,2022-12-30,49.24,49.24,49.01,49.16,1826507,sample-prices
BELV,2023-01-02,47.89,48.07,47.75,48.02,1627124,sample-prices
BELV,2023-01-03,47.77,47.94,47.66,47.79,2875322,sample-prices
BELV,2023-01-04,47.8,48.05,47.63,47.84,354233,sample-prices
BELV,2023-01-05,48.66,48.73,48.54,48.6,2792700,sample-prices
BELV,2023-01-06,49.32,49.71,49.31,49.53,1867485,sample-prices
BELV,2023-01-09,50.25,50.31,49.95,50.16,1814930,sample-prices
BELV,2023-01-10,49.92,49.97,49.86,49.94,332096,sample-prices
BELV,2023-01-11,48.85,48.88,48.7,48.88,966414,sample-prices
BELV,2023-01-12,49.27,49.28,49.16,49.21,2296592,sample-prices
BELV,2023-01-13,49.04,49.09,48.99,49.05,1259098,sample-prices
BELV,2023-01-16,49.46,49.76,49.12,49.56,979142,sample-prices
BELV,2023-01-17,50.02,50.31,49.63,49.98,1881604,sample-prices
BELV,2023-01-18,49.53,49.7,49.32,49.52,2383775,sample-prices
BELV,2023-01-19,50.31,50.37,49.78,50.1,2785638,sample-prices
BELV,2023-01-20,50.31,50.51,50.07,50.28,3354013,sample-prices
BELV,2023-01-23,51.2,51.75,51.12,51.19,614406,sample-prices
BELV,2023-01-24,52.73,52.9,52.55,52.75,417969,sample-prices
BELV,2023-01-25,52.83,52.91,52.57,52.83,1039339,sample-prices
BELV,2023-01-26,53.05,53.06,52.69,53.02,3960739,sample-prices
BELV,2023-01-27,53.25,53.38,52.73,53.1,2374220,sample-prices
BELV,2023-01-30,51.63,51.65,51.34,51.57,3513427,sample-prices
BELV,2023-01-31,51.83,51.92,51.68,51.76,1431122,sample-prices
BELV,2023-02-01,51.76,51.77,51.52,51.72,922201,sample-prices
BELV,2023-02-02,50.78,50.91,50.52,50.63,1497142,sample-prices
BELV,2023-02-03,50.81,50.89,50.8,50.81,2039141,sample-prices
BELV,2023-02-06,50.37,50.93,50.34,50.55,2597906,sample-prices
BELV,2023-02-07,51.08,51.28,50.94,51.18,2590617,sample-prices
BELV,2023-02-08,51.42,51.56,51.27,51.36,3938517,sample-prices
BELV,2023-02-09,51.51,51.9,51.14,51.41,2549796,sample-prices
BELV,2023-02-10,50.63,51.02,50.48,50.69,1104057,sample-prices
BELV,2023-02-13,49.71,50.03,49.63,49.79,2865519,sample-prices
BELV,2023-02-14,49.01,49.35,49.0,49.12,804472,sample-prices
BELV,2023-02-15,50.08,50.21,49.87,50.02,2378667,sample-prices
BELV,2023-02-16,49.04,49.45,48.69,49.05,2581289,sample-prices
BELV,2023-02-17,48.89,49.18,48.68,48.8,1347671,sample-prices
BELV,2023-02-20,47.73,47.96,47.6,47.85,3673217,sample-prices
BELV,2023-02-21,47.44,47.52,47.27,47.5,969288,sample-prices
BELV,2023-02-22,49.23,49.46,49.18,49.22,3693708,sample-prices
BELV,2023-02-23,48.81,49.1,48.72,48.89,3846096,sample-prices
BELV,2023-02-24,48.95,49.17,48.81,48.91,1990366,sample-prices
BELV,2023-02-27,48.39,48.49,48.3,48.43,2684475,sample-prices
BELV,2023-02-28,47.42,47.46,47.09,47.31,3141291,sample-prices
BELV,2023-03-01,47.29,47.6,47.13,47.39,444043,sample-prices
BELV,2023-03-02,48.42,48.66,48.32,48.38,1306800,sample-prices
BELV,2023-03-03,48.19,48.36,48.19,48.34,1428476,sample-prices
BELV,2023-03-06,49.34,49.49,49.05,49.24,2613030,sample-prices
BELV,2023-03-07,49.18,49.34,49.08,49.19,3169450,sample-prices
BELV,2023-03-08,48.03,48.05,47.61,47.94,2194221,sample-prices
BELV,2023-03-09,47.83,48.02,47.75,47.81,866239,sample-prices
BELV,2023-03-10,47.87,48.24,47.66,47.97,1401684,sample-prices
BELV,2023-03-13,48.61,48.9,48.38,48.58,3593526,sample-prices
BELV,2023-03-14,48.58,48.68,48.38,48.45,1802416,sample-prices
BELV,2023-03-15,48.28,48.61,48.13,48.26,2322669,sample-prices
BELV,2023-03-16,48.73,48.82,48.58,48.76,840751,sample-prices
BELV,2023-03-17,48.54,48.81,48.33,48.4,1116483,sample-prices
BELV,2023-03-20,49.34,49.5,49.24,49.25,2112073,sample-prices
BELV,2023-03-21,49.07,49.48,48.98,48.99,602176,sample-prices
BELV,2023-03-22,48.85,49.05,48.73,48.92,1529997,sample-prices
BELV,2023-03-23,48.66,48.82,48.64,48.7,3949638,sample-prices
BELV,2023-03-24,48.67,48.76,48.63,48.69,1781991,sample-prices
BELV,2023-03-27,47.94,48.47,47.79,47.87,256732,sample-prices
BELV,2023-03-28,48.6,48.82,48.42,48.56,2819645,sample-prices
BELV,2023-03-29,48.72,49.05,48.34,48.71,1031357,sample-prices
BELV,2023-03-30,49.6,49.66,49.48,49.57,1912051,sample-prices
BELV,2023-03-31,49.99,50.12,49.87,50.1,516041,sample-prices
BELV,2023-04-03,50.55,50.62,50.32,50.47,643474,sample-prices
BELV,2023-04-04,51.15,51.27,51.09,51.22,1186698,sample-prices
BELV,2023-04-05,51.33,51.66,50.98,51.31,2306332,sample-prices
BELV,2023-04-06,51.09,51.21,50.93,51.15,2705649,sample-prices
BELV,2023-04-07,50.3,50.37,50.09,50.17,1034115,sample-prices
BELV,2023-04-10,49.84,50.12,49.66,49.88,2331390,sample-prices
BELV,2023-04-11,49.78,50.02,49.7,49.81,1412084,sample-prices
BELV,2023-04-12,48.66,48.71,48.5,48.67,754069,sample-prices
BELV,2023-04-13,49.14,49.39,49.07,49.08,534262,sample-prices
BELV,2023-04-14,50.04,50.29,49.88,50.15,3917130,sample-prices
BELV,2023-04-17,48.49,48.65,48.42,48.49,3966560,sample-prices
BELV,2023-04-18,47.06,47.47,46.89,47.21,2635924,sample-prices
BELV,2023-04-19,46.6,46.68,46.5,46.53,2922446,sample-prices
BELV,2023-04-20,46.72,46.77,46.71,46.77,3892326,sample-prices
BELV,2023-04-21,46.69,46.7,46.49,46.69,2207594,sample-prices
BELV,2023-04-24,46.98,47.09,46.92,47.04,1915267,sample-prices
BELV,2023-04-25,45.92,46.05,45.64,45.86,3600687,sample-prices
BELV,2023-04-26,45.57,45.92,45.52,45.57,1219900,sample-prices
BELV,2023-04-27,45.72,45.74,45.54,45.69,1509118,sample-prices
BELV,2023-04-28,44.9,45.08,44.88,44.96,3937384,sample-prices
BELV,2023-05-01,45.7,45.88,45.48,45.61,397937,sample-prices
BELV,2023-05-02,45.31,45.37,45.09,45.17,2393445,sample-prices
BELV,2023-05-03,45.38,45.43,45.15,45.35,1905179,sample-prices
BELV,2023-05-04,46.67,46.93,46.51,46.74,1828577,sample-prices
BELV,2023-05-05,47.41,47.42,47.25,47.42,2025952,sample-prices
BELV,2023-05-08,48.72,48.8,48.6,48.75,1445017,sample-prices
BELV,2023-05-09,48.6,48.76,48.28,48.6,1739101,sample-prices
BELV,2023-05-10,48.86,48.9,48.67,48.81,616343,sample-prices
BELV,2023-05-11,48.49,48.66,48.47,48.59,1362583,sample-prices
BELV,2023-05-12,48.0,48.1,47.64,47.9,2689473,sample-prices
BELV,2023-05-15,47.37,47.44,47.37,47.44,436128,sample-prices
BELV,2023-05-16,46.33,46.43,46.26,46.37,3962247,sample-prices
BELV,2023-05-17,46.1,46.13,45.54,46.06,2673036,sample-prices
BELV,2023-05-18,46.05,46.36,45.95,45.97,733094,sample-prices
BELV,2023-05-19,45.63,45.86,45.33,45.63,2063513,sample-prices
BELV,2023-05-22,45.3,45.54,45.18,45.3,3021747,sample-prices
BELV,2023-05-23,45.38,45.5,44.97,45.35,875587,sample-prices
BELV,2023-05-24,45.54,45.93,45.5,45.64,2508376,sample-prices
BELV,2023-05-25,45.11,45.44,44.93,45.24,2308336,sample-prices
BELV,2023-05-26,46.16,46.18,46.03,46.11,1271415,sample-prices
BELV,2023-05-29,47.38,47.8,47.12,47.4,3967312,sample-prices
BELV,2023-05-30,46.54,46.71,46.52,46.58,1566302,sample-prices
BELV,2023-05-31,47.47,47.59,47.35,47.55,2602472,sample-prices
BELV,2023-06-01,47.54,47.74,47.51,47.54,2253597,sample-prices
BELV,2023-06-02,47.88,48.15,47.66,47.84,352118,sample-prices
BELV,2023-06-05,47.43,47.63,47.39,47.51,2226527,sample-prices
BELV,2023-06-06,47.3,47.59,46.98,47.36,756281,sample-prices
BELV,2023-06-07,46.55,46.84,46.48,46.65,1737691,sample-prices
BELV,2023-06-08,47.47,47.57,47.33,47.41,1559678,sample-prices
BELV,2023-06-09,48.18,48.39,47.95,48.23,2893075,sample-prices
BELV,2023-06-12,48.53,48.92,48.2,48.47,2413232,sample-prices
BELV,2023-06-13,48.92,49.0,48.84,48.85,2215315,sample-prices
BELV,2023-06-14,48.01,48.2,47.7,48.03,2699474,sample-prices
BELV,2023-06-15,47.42,47.54,47.23,47.27,318519,sample-prices
BELV,2023-06-16,47.29,47.38,47.13,47.35,493610,sample-prices
BELV,2023-06-19,46.61,46.76,46.36,46.55,2465059,sample-prices
BELV,2023-06-20,48.6,48.67,48.36,48.53,752283,sample-prices
BELV,2023-06-21,49.45,49.79,49.05,49.35,966826,sample-prices
BELV,2023-06-22,48.21,48.45,47.89,48.17,1032643,sample-prices
BELV,2023-06-23,48.0,48.18,47.87,47.96,1298170,sample-prices
BELV,2023-06-26,47.56,47.85,47.17,47.56,3734691,sample-prices
BELV,2023-06-27,48.59,48.81,48.37,48.64,1621148,sample-prices
BELV,2023-06-28,48.41,48.81,48.38,48.46,2813780,sample-prices
BELV,2023-06-29,48.3,48.71,48.0,48.33,806775,sample-prices
BELV,2023-06-30,48.66,48.72,48.52,48.6,820982,sample-prices
BELV,2023-07-03,47.35,47.58,47.01,47.4,1469458,sample-prices
BELV,2023-07-04,46.44,46.9,46.4,46.42,318853,sample-prices
BELV,2023-07-05,46.96,47.02,46.84,47.01,703981,sample-prices
BELV,2023-07-06,46.36,46.6,46.14,46.42,2654759,sample-prices
BELV,2023-07-07,47.67,47.7,47.48,47.54,1596288,sample-prices
BELV,2023-07-10,47.96,48.23,47.87,48.04,2980356,sample-prices
BELV,2023-07-11,47.21,47.41,47.07,47.21,207180,sample-prices
BELV,2023-07-12,46.46,46.59,46.16,46.44,3007285,sample-prices
BELV,2023-07-13,45.83,45.89,45.53,45.89,2151774,sample-prices
BELV,2023-07-14,46.05,46.15,45.94,46.01,3040522,sample-prices
BELV,2023-07-17,46.0,46.31,45.77,45.98,2600215,sample-prices
BELV,2023-07-18,46.2,46.26,45.93,46.14,620640,sample-prices
BELV,2023-07-19,46.49,46.51,46.1,46.47,1612244,sample-prices
BELV,2023-07-20,46.38,46.73,46.29,46.46,2603770,sample-prices
BELV,2023-07-21,46.61,46.71,46.43,46.65,2703686,sample-prices
BELV,2023-07-24,45.87,46.03,45.52,45.87,3995680,sample-prices
BELV,2023-07-25,46.05,46.11,45.96,46.08,2579486,sample-prices
BELV,2023-07-26,46.63,46.71,46.26,46.66,1765998,sample-prices
BELV,2023-07-27,46.61,46.62,46.16,46.49,1382092,sample-prices
BELV,2023-07-28,46.08,46.2,46.06,46.08,1363786,sample-prices
BELV,2023-07-31,46.73,46.79,46.69,46.74,3511755,sample-prices
BELV,2023-08-01,47.01,47.18,46.93,47.05,3186673,sample-prices
BELV,2023-08-02,47.41,47.65,47.28,47.33,2034456,sample-prices
BELV,2023-08-03,47.62,47.89,47.2,47.51,932422,sample-prices
BELV,2023-08-04,47.22,47.33,47.11,47.2,721097,sample-prices
BELV,2023-08-07,47.35,47.68,47.04,47.26,953080,sample-prices
BELV,2023-08-08,47.78,48.03,47.72,47.72,1922485,sample-prices
BELV,2023-08-09,48.05,48.17,47.84,48.16,1331924,sample-prices
BELV,2023-08-10,48.52,48.77,48.36,48.46,2395900,sample-prices
BELV,2023-08-11,49.2,49.45,49.01,49.32,1302181,sample-prices
BELV,2023-08-14,48.85,49.12,48.61,48.93,1070735,sample-prices
BELV,2023-08-15,49.19,49.31,49.0,49.14,2715935,sample-prices
BELV,2023-08-16,49.05,49.5,48.68,48.98,1220142,sample-prices
BELV,2023-08-17,48.31,48.49,48.1,48.23,863799,sample-prices
BELV,2023-08-18,48.51,48.58,48.42,48.52,2803480,sample-prices
BELV,2023-08-21,47.44,47.45,47.17,47.39,2104686,sample-prices
BELV,2023-08-22,45.92,46.04,45.68,46.03,2267395,sample-prices
BELV,2023-08-23,46.54,46.93,46.35,46.6,1661343,sample-prices
BELV,2023-08-24,47.33,47.68,47.05,47.29,1763600,sample-prices
BELV,2023-08-25,47.65,47.68,47.41,47.61,1821573,sample-prices
BELV,2023-08-28,46.68,46.83,46.53,46.74,2106110,sample-prices
BELV,2023-08-29,46.89,46.95,46.74,46.83,2004990,sample-prices
BELV,2023-08-30,46.94,47.02,46.74,46.97,2293294,sample-prices
BELV,2023-08-31,47.3,47.49,47.11,47.24,1830776,sample-prices
BELV,2023-09-01,46.52,46.78,46.37,46.52,518914,sample-prices
BELV,2023-09-04,47.7,47.94,47.56,47.75,3375406,sample-prices
BELV,2023-09-05,47.69,47.9,47.58,47.86,1500434,sample-prices
BELV,2023-09-06,47.39,47.54,47.25,47.43,2992428,sample-prices
BELV,2023-09-07,47.31,47.76,47.1,47.34,1792059,sample-prices
BELV,2023-09-08,48.19,48.35,47.95,48.26,2741040,sample-prices
BELV,2023-09-11,48.47,48.55,48.44,48.44,1216941,sample-prices
BELV,2023-09-12,48.9,49.13,48.82,49.01,2566313,sample-prices
BELV,2023-09-13,48.76,49.03,48.59,48.75,918331,sample-prices
BELV,2023-09-14,49.45,49.6,49.23,49.4,1569451,sample-prices
BELV,2023-09-15,48.48,48.67,48.43,48.58,1305907,sample-prices
BELV,2023-09-18,48.6,48.77,48.59,48.65,2207795,sample-prices
BELV,2023-09-19,48.62,48.84,48.42,48.59,2413628,sample-prices
BELV,2023-09-20,49.61,49.73,49.54,49.7,3501628,sample-prices
BELV,2023-09-21,49.88,49.99,49.55,49.97,3389863,sample-prices
BELV,2023-09-22,51.3,51.5,51.12,51.27,3496809,sample-prices
BELV,2023-09-25,50.75,50.87,50.67,50.7,597543,sample-prices
BELV,2023-09-26,51.16,51.28,50.85,51.12,3589750,sample-prices
BELV,2023-09-27,52.4,52.49,51.92,52.2,2447484,sample-prices
BELV,2023-09-28,52.22,52.47,52.09,52.12,404118,sample-prices
BELV,2023-09-29,52.4,52.47,52.0,52.33,3151061,sample-prices
BELV,2023-10-02,53.55,53.64,53.45,53.56,418969,sample-prices
BELV,2023-10-03,53.01,53.09,52.82,52.93,1053214,sample-prices
BELV,2023-10-04,51.5,51.58,51.39,51.55,3987675,sample-prices
BELV,2023-10-05,51.99,52.21,51.97,52.0,3125520,sample-prices
BELV,2023-10-06,52.18,52.27,52.08,52.15,2671950,sample-prices
BELV,2023-10-09,51.85,51.96,51.78,51.9,2057869,sample-prices
BELV,2023-10-10,52.7,52.78,52.63,52.65,3818727,sample-prices
BELV,2023-10-11,51.14,51.17,51.09,51.15,1575755,sample-prices
BELV,2023-10-12,50.91,51.1,50.62,50.96,2784231,sample-prices
BELV,2023-10-13,51.6,51.65,51.58,51.63,1465631,sample-prices
BELV,2023-10-16,51.88,51.92,51.55,51.68,3060966,sample-prices
BELV,2023-10-17,49.54,49.82,49.46,49.58,1507108,sample-prices
BELV,2023-10-18,50.34,50.61,49.95,50.47,3029654,sample-prices
BELV,2023-10-19,49.62,50.17,49.32,49.51,798910,sample-prices
BELV,2023-10-20,47.97,48.19,47.87,47.94,3528209,sample-prices
BELV,2023-10-23,47.68,48.06,47.55,47.71,1654946,sample-prices
BELV,2023-10-24,48.53,48.97,48.36,48.67,3982999,sample-prices
BELV,2023-10-25,47.99,48.07,47.71,47.99,3995059,sample-prices
BELV,2023-10-26,49.29,49.36,48.9,49.33,1959501,sample-prices
BELV,2023-10-27,49.35,49.39,49.28,49.35,2171641,sample-prices
BELV,2023-10-30,49.42,49.62,49.38,49.4,2706443,sample-prices
BELV,2023-10-31,49.5,49.64,49.4,49.52,3134243,sample-prices
BELV,2023-11-01,50.1,50.17,50.04,50.1,3355317,sample-prices
BELV,2023-11-02,49.99,50.19,49.95,50.12,1145080,sample-prices
BELV,2023-11-03,50.54,50.62,50.22,50.4,1340942,sample-prices
BELV,2023-11-06,49.51,49.94,49.23,49.64,2085263,sample-prices
BELV,2023-11-07,49.11,49.18,48.92,48.98,801972,sample-prices
BELV,2023-11-08,49.61,50.05,49.51,49.56,2562787,sample-prices
BELV,2023-11-09,49.46,49.65,49.23,49.59,2287977,sample-prices
BELV,2023-11-10,50.6,50.8,50.55,50.6,2644439,sample-prices
BELV,2023-11-13,50.66,50.83,50.48,50.65,2356144,sample-prices
BELV,2023-11-14,48.76,49.27,48.44,48.74,580482,sample-prices
BELV,2023-11-15,48.85,49.09,48.76,48.89,290050,sample-prices
BELV,2023-11-16,48.94,48.94,48.26,48.88,2366551,sample-prices
BELV,2023-11-17,49.29,49.52,49.06,49.42,316534,sample-prices
BELV,2023-11-20,47.58,47.74,47.32,47.73,2506563,sample-prices
BELV,2023-11-21,47.1,47.31,46.97,47.23,2621011,sample-prices
BELV,2023-11-22,46.07,46.21,45.79,46.0,3934447,sample-prices
BELV,2023-11-23,45.44,45.6,45.07,45.41,1267847,sample-prices
BELV,2023-11-24,44.24,44.31,44.17,44.29,3018282,sample-prices
BELV,2023-11-27,44.57,44.73,44.45,44.49,3402496,sample-prices
BELV,2023-11-28,44.01,44.07,43.41,44.02,740391,sample-prices
BELV,2023-11-29,44.7,45.09,44.64,44.74,3394956,sample-prices
BELV,2023-11-30,44.7,45.02,44.68,44.73,2323313,sample-prices
BELV,2023-12-01,44.97,44.98,44.73,44.93,2614631,sample-prices
BELV,2023-12-04,46.2,46.23,46.15,46.18,2319891,sample-prices
BELV,2023-12-05,46.3,46.61,46.08,46.32,2459427,sample-prices
BELV,2023-12-06,45.68,46.0,45.58,45.68,1381567,sample-prices
BELV,2023-12-07,45.06,45.26,44.96,44.97,2333675,sample-prices
BELV,2023-12-08,45.06,45.24,44.92,44.99,2469659,sample-prices
BELV,2023-12-11,44.81,44.95,44.72,44.79,1147475,sample-prices
BELV,2023-12-12,44.74,44.96,44.54,44.84,3236127,sample-prices
BELV,2023-12-13,44.6,44.69,44.5,44.66,761368,sample-prices
BELV,2023-12-14,44.58,44.67,44.36,44.46,1108077,sample-prices
BELV,2023-12-15,44.42,44.5,44.37,44.45,1931814,sample-prices
BELV,2023-12-18,44.7,44.77,44.44,44.68,3468418,sample-prices
BELV,2023-12-19,44.38,44.6,44.21,44.51,254852,sample-prices
BELV,2023-12-20,45.26,45.39,45.06,45.29,2504012,sample-prices
BELV,2023-12-21,44.73,44.82,44.38,44.79,3237022,sample-prices
BELV,2023-12-22,45.48,45.54,45.22,45.53,3373707,sample-prices
BELV,2023-12-25,45.27,45.36,45.01,45.27,809035,sample-prices
BELV,2023-12-26,45.31,45.57,45.14,45.24,1733483,sample-prices
BELV,2023-12-27,45.8,45.92,45.46,45.73,1636457,sample-prices
BELV,2023-12-28,45.76,45.92,45.75,45.78,3105924,sample-prices
BELV,2023-12-29,45.62,45.84,45.35,45.54,2406575,sample-prices
BELV,2024-01-01,45.16,45.5,45.1,45.2,3931408,sample-prices
BELV,2024-01-02,45.21,45.25,44.64,45.08,3445759,sample-prices
BELV,2024-01-03,45.77,46.0,45.56,45.76,3964917,sample-prices
BELV,2024-01-04,45.66,45.87,45.36,45.57,794366,sample-prices
BELV,2024-01-05,45.71,45.73,45.57,45.71,600670,sample-prices
BELV,2024-01-08,45.59,45.76,45.42,45.46,3510126,sample-prices
BELV,2024-01-09,45.56,45.92,45.23,45.44,1596968,sample-prices
BELV,2024-01-10,45.57,45.88,45.45,45.53,3531297,sample-prices
BELV,2024-01-11,45.81,45.87,45.77,45.8,3343179,sample-prices
BELV,2024-01-12,46.89,46.92,46.73,46.91,1692457,sample-prices
BELV,2024-01-15,47.32,47.62,47.18,47.22,1584755,sample-prices
BELV,2024-01-16,47.31,47.37,47.26,47.27,345256,sample-prices
BELV,2024-01-17,47.46,47.52,47.38,47.43,3351686,sample-prices
BELV,2024-01-18,49.1,49.44,48.91,49.19,1463177,sample-prices
BELV,2024-01-19,49.57,49.68,49.47,49.5,305713,sample-prices
BELV,2024-01-22,48.42,48.44,48.11,48.44,895357,sample-prices
BELV,2024-01-23,46.8,47.02,46.76,46.88,644620,sample-prices
BELV,2024-01-24,46.26,46.49,45.75,46.36,2376275,sample-prices
BELV,2024-01-25,47.36,47.65,47.19,47.49,394077,sample-prices
BELV,2024-01-26,48.59,48.9,48.24,48.76,642626,sample-prices
BELV,2024-01-29,48.2,48.24,48.02,48.21,3035940,sample-prices
BELV,2024-01-30,47.59,47.67,47.24,47.5,951515,sample-prices
BELV,2024-01-31,48.74,49.12,48.5,48.75,2543000,sample-prices
BELV,2024-02-01,49.5,49.8,49.4,49.49,522383,sample-prices
BELV,2024-02-02,49.82,49.84,49.56,49.83,1963127,sample-prices
BELV,2024-02-05,49.43,49.58,49.15,49.47,201584,sample-prices
BELV,2024-02-06,48.8,48.84,48.56,48.69,345477,sample-prices
BELV,2024-02-07,49.01,49.12,48.98,49.02,643254,sample-prices
BELV,2024-02-08,48.49,48.83,48.44,48.65,3499079,sample-prices
BELV,2024-02-09,47.61,47.76,47.3,47.71,896086,sample-prices
BELV,2024-02-12,48.6,48.74,48.59,48.7,2980319,sample-prices
BELV,2024-02-13,49.59,49.92,49.39,49.81,1440160,sample-prices
BELV,2024-02-14,49.54,49.63,49.21,49.55,2283234,sample-prices
BELV,2024-02-15,49.59,49.76,49.39,49.58,1914865,sample-prices
BELV,2024-02-16,50.42,50.75,50.39,50.54,3426192,sample-prices
BELV,2024-02-19,49.88,50.01,49.61,49.89,2679044,sample-prices
BELV,2024-02-20,50.39,50.52,50.21,50.38,1055374,sample-prices
BELV,2024-02-21,51.27,51.57,51.07,51.15,3964374,sample-prices
BELV,2024-02-22,51.23,51.34,51.12,51.28,2804706,sample-prices
BELV,2024-02-23,52.23,52.24,51.78,52.06,953999,sample-prices
BELV,2024-02-26,51.67,51.68,51.43,51.61,2237074,sample-prices
BELV,2024-02-27,52.24,52.41,52.16,52.25,2046684,sample-prices
BELV,2024-02-28,50.92,50.94,50.64,50.77,1296343,sample-prices
BELV,2024-02-29,50.22,50.46,50.11,50.24,759222,sample-prices
BELV,2024-03-01,49.54,49.64,49.2,49.53,1249066,sample-prices
BELV,2024-03-04,49.4,49.62,49.15,49.34,790518,sample-prices
BELV,2024-03-05,49.41,49.66,49.35,49.5,2352081,sample-prices
BELV,2024-03-06,49.02,49.19,48.47,48.87,2137046,sample-prices
BELV,2024-03-07,48.63,49.12,48.56,48.69,3315846,sample-prices
BELV,2024-03-08,48.15,48.4,48.01,48.25,1057479,sample-prices
BELV,2024-03-11,49.75,49.84,49.49,49.8,1820122,sample-prices
BELV,2024-03-12,49.58,49.78,49.34,49.54,341382,sample-prices
BELV,2024-03-13,49.26,49.27,49.13,49.19,899377,sample-prices
BELV,2024-03-14,48.56,48.62,48.4,48.43,977935,sample-prices
BELV,2024-03-15,48.66,48.91,48.34,48.48,562904,sample-prices
BELV,2024-03-18,48.42,48.56,48.33,48.41,3562679,sample-prices
BELV,2024-03-19,48.56,48.87,48.46,48.65,841348,sample-prices
BELV,2024-03-20,49.79,49.98,49.67,49.72,306666,sample-prices
BELV,2024-03-21,49.44,49.7,49.34,49.55,927276,sample-prices
BELV,2024-03-22,50.56,50.6,50.52,50.57,3049704,sample-prices
BELV,2024-03-25,51.37,51.64,51.37,51.49,1001039,sample-prices
BELV,2024-03-26,50.32,50.62,49.99,50.33,3880508,sample-prices
BELV,2024-03-27,50.81,50.82,50.47,50.66,1401341,sample-prices
BELV,2024-03-28,50.36,50.83,50.1,50.41,3257078,sample-prices
BELV,2024-03-29,49.93,50.22,49.89,49.99,1898961,sample-prices
BELV,2024-04-01,50.56,50.76,50.35,50.68,3424738,sample-prices
BELV,2024-04-02,51.21,51.34,51.17,51.19,450488,sample-prices
BELV,2024-04-03,51.82,51.96,51.23,51.78,2219697,sample-prices
BELV,2024-04-04,51.35,51.63,50.82,51.19,1624127,sample-prices
BELV,2024-04-05,50.9,50.95,50.61,50.77,900290,sample-prices
BELV,2024-04-08,50.78,51.2,50.78,50.98,1207584,sample-prices
BELV,2024-04-09,49.08,49.31,48.8,49.11,1824211,sample-prices
BELV,2024-04-10,49.21,49.55,49.16,49.2,3533473,sample-prices
BELV,2024-04-11,50.02,50.16,49.93,50.12,2624110,sample-prices
BELV,2024-04-12,50.59,50.7,50.38,50.53,590045,sample-prices
BELV,2024-04-15,51.77,51.86,51.73,51.83,2130270,sample-prices
BELV,2024-04-16,51.71,52.13,51.55,51.83,1091675,sample-prices
BELV,2024-04-17,51.07,51.36,50.86,51.12,981534,sample-prices
BELV,2024-04-18,50.82,50.88,50.76,50.77,1159054,sample-prices
BELV,2024-04-19,51.39,51.75,51.33,51.45,1307282,sample-prices
BELV,2024-04-22,51.71,51.71,51.59,51.65,744380,sample-prices
BELV,2024-04-23,52.71,52.79,52.71,52.76,687837,sample-prices
BELV,2024-04-24,53.79,54.19,53.75,53.8,1948408,sample-prices
BELV,2024-04-25,53.55,53.88,53.43,53.65,3214153,sample-prices
BELV,2024-04-26,53.76,53.86,53.49,53.76,647774,sample-prices
BELV,2024-04-29,54.3,54.48,53.91,54.37,2952121,sample-prices
BELV,2024-04-30,54.62,54.8,54.4,54.64,2177661,sample-prices
BELV,2024-05-01,54.77,55.03,54.7,54.7,2230286,sample-prices
BELV,2024-05-02,53.69,53.89,53.59,53.77,1770679,sample-prices
BELV,2024-05-03,53.53,53.78,53.44,53.53,3174859,sample-prices
BELV,2024-05-06,53.97,54.02,53.89,53.98,1403208,sample-prices
BELV,2024-05-07,54.27,54.3,54.0,54.02,614541,sample-prices
BELV,2024-05-08,54.77,54.98,54.16,54.63,2857602,sample-prices
BELV,2024-05-09,56.06,56.32,55.94,56.01,3661364,sample-prices
BELV,2024-05-10,55.46,55.68,55.34,55.36,628493,sample-prices
BELV,2024-05-13,55.31,55.33,55.06,55.18,1322191,sample-prices
BELV,2024-05-14,53.81,54.23,53.78,53.96,547736,sample-prices
BELV,2024-05-15,53.54,53.7,53.37,53.42,2908912,sample-prices
BELV,2024-05-16,53.56,54.01,53.1,53.48,3236209,sample-prices
BELV,2024-05-17,53.58,53.82,53.32,53.7,1725776,sample-prices
BELV,2024-05-20,52.81,53.18,52.36,52.77,2840185,sample-prices
BELV,2024-05-21,51.54,51.82,51.26,51.61,3078016,sample-prices
BELV,2024-05-22,51.51,51.62,51.45,51.51,1229074,sample-prices
BELV,2024-05-23,51.44,51.68,51.39,51.47,3966205,sample-prices
BELV,2024-05-24,52.27,52.32,51.88,52.25,897620,sample-prices
BELV,2024-05-27,51.81,52.09,51.52,51.78,1621544,sample-prices
BELV,2024-05-28,50.58,50.77,50.45,50.6,1151463,sample-prices
BELV,2024-05-29,50.34,50.41,50.2,50.25,377258,sample-prices
BELV,2024-05-30,51.31,51.39,51.14,51.31,2619879,sample-prices
BELV,2024-05-31,50.61,50.65,50.33,50.5,2980262,sample-prices
BELV,2024-06-03,50.84,51.01,50.54,50.75,746319,sample-prices
BELV,2024-06-04,50.61,50.64,50.51,50.63,3998059,sample-prices
BELV,2024-06-05,50.19,50.39,49.87,50.06,2105012,sample-prices
BELV,2024-06-06,50.44,50.53,50.26,50.28,1905009,sample-prices
BELV,2024-06-07,50.58,50.94,50.43,50.57,2924260,sample-prices
BELV,2024-06-10,51.34,51.56,51.19,51.37,2168368,sample-prices
BELV,2024-06-11,50.62,51.04,50.28,50.58,520254,sample-prices
BELV,2024-06-12,51.18,51.2,50.86,51.15,3391522,sample-prices
BELV,2024-06-13,51.4,51.8,51.35,51.4,1994337,sample-prices
BELV,2024-06-14,51.42,51.65,51.2,51.5,1540390,sample-prices
BELV,2024-06-17,50.94,51.22,50.9,50.94,1318210,sample-prices
BELV,2024-06-18,50.75,51.0,50.62,50.77,2857387,sample-prices
BELV,2024-06-19,51.94,52.15,51.87,51.94,1538102,sample-prices
BELV,2024-06-20,52.94,52.97,52.43,52.83,3318795,sample-prices
BELV,2024-06-21,53.19,53.33,52.62,53.19,1449125,sample-prices
BELV,2024-06-24,52.97,53.18,52.62,52.86,2152054,sample-prices
BELV,2024-06-25,54.03,54.25,53.99,54.05,2290766,sample-prices
BELV,2024-06-26,54.84,54.89,54.62,54.81,266215,sample-prices
BELV,2024-06-27,55.32,55.64,55.12,55.26,1357312,sample-prices
BELV,2024-06-28,56.47,56.48,56.08,56.48,238405,sample-prices
BELV,2024-07-01,57.52,57.63,57.18,57.52,3774221,sample-prices
BELV,2024-07-02,57.86,57.96,57.85,57.89,1130570,sample-prices
BELV,2024-07-03,57.5,57.57,57.41,57.49,2182357,sample-prices
BELV,2024-07-04,58.59,58.65,58.32,58.5,2415454,sample-prices
BELV,2024-07-05,58.69,58.95,58.65,58.79,2061402,sample-prices
BELV,2024-07-08,58.82,58.88,58.72,58.76,663781,sample-prices
BELV,2024-07-09,58.32,58.68,58.31,58.48,554952,sample-prices
BELV,2024-07-10,57.62,57.7,57.47,57.65,579827,sample-prices
BELV,2024-07-11,56.87,57.02,56.59,56.72,1305928,sample-prices
BELV,2024-07-12,56.63,56.87,56.4,56.7,2179495,sample-prices
BELV,2024-07-15,56.41,56.51,56.38,56.5,3336643,sample-prices
BELV,2024-07-16,56.22,56.33,55.65,56.15,3428423,sample-prices
BELV,2024-07-17,57.48,58.13,57.18,57.36,2627422,sample-prices
BELV,2024-07-18,57.27,57.34,57.12,57.32,2138061,sample-prices
BELV,2024-07-19,57.33,57.54,57.24,57.39,739359,sample-prices
BELV,2024-07-22,55.78,56.15,55.58,55.9,3573302,sample-prices
BELV,2024-07-23,56.17,56.41,55.98,56.15,2437931,sample-prices
BELV,2024-07-24,56.71,56.95,56.48,56.69,1914056,sample-prices
BELV,2024-07-25,56.55,57.08,56.38,56.44,2374076,sample-prices
BELV,2024-07-26,57.68,58.01,57.22,57.54,2315345,sample-prices
BELV,2024-07-29,56.76,56.91,56.68,56.85,2418377,sample-prices
BELV,2024-07-30,56.39,56.63,56.24,56.34,2502713,sample-prices
BELV,2024-07-31,55.36,55.74,54.73,55.36,1741752,sample-prices
BELV,2024-08-01,55.29,55.44,55.27,55.38,3394190,sample-prices
BELV,2024-08-02,54.9,55.04,54.85,54.9,1416482,sample-prices
BELV,2024-08-05,54.77,55.15,54.67,54.77,331372,sample-prices
BELV,2024-08-06,54.61,54.74,54.25,54.51,2527225,sample-prices
BELV,2024-08-07,54.31,54.57,54.04,54.41,3912624,sample-prices
BELV,2024-08-08,55.68,55.88,55.67,55.78,3846941,sample-prices
BELV,2024-08-09,54.05,54.28,53.62,54.18,560475,sample-prices
BELV,2024-08-12,53.39,53.47,53.34,53.37,2478983,sample-prices
BELV,2024-08-13,53.4,53.54,53.37,53.38,3657913,sample-prices
BELV,2024-08-14,53.9,54.07,53.5,53.76,2457636,sample-prices
BELV,2024-08-15,54.04,54.09,53.82,54.06,3657504,sample-prices
BELV,2024-08-16,54.7,54.77,54.49,54.63,535803,sample-prices
BELV,2024-08-19,53.77,53.91,53.76,53.88,2415356,sample-prices
BELV,2024-08-20,53.41,54.0,53.18,53.46,1257009,sample-prices
BELV,2024-08-21,53.27,53.39,53.11,53.13,1646519,sample-prices
BELV,2024-08-22,52.96,53.09,52.84,52.87,1116697,sample-prices
BELV,2024-08-23,53.56,53.71,53.5,53.53,3415791,sample-prices
BELV,2024-08-26,53.85,53.98,53.71,53.87,3817541,sample-prices
BELV,2024-08-27,53.49,53.82,53.48,53.53,800786,sample-prices
BELV,2024-08-28,53.91,53.98,53.75,53.94,2787318,sample-prices
BELV,2024-08-29,53.95,54.09,53.72,53.97,1812588,sample-prices
BELV,2024-08-30,53.23,53.4,53.21,53.23,2425228,sample-prices
BELV,2024-09-02,52.57,52.67,52.33,52.5,922350,sample-prices
BELV,2024-09-03,51.21,51.5,51.1,51.18,2994728,sample-prices
BELV,2024-09-04,51.84,52.39,51.33,51.98,256907,sample-prices
BELV,2024-09-05,50.49,50.65,50.44,50.5,3678114,sample-prices
BELV,2024-09-06,50.9,51.09,50.86,50.91,816841,sample-prices
BELV,2024-09-09,51.83,52.27,51.42,51.93,1171357,sample-prices
BELV,2024-09-10,51.55,51.7,51.19,51.58,2484628,sample-prices
BELV,2024-09-11,52.75,53.16,52.67,52.87,1452998,sample-prices
BELV,2024-09-12,51.85,52.07,51.48,51.78,730134,sample-prices
BELV,2024-09-13,52.24,52.35,51.98,52.26,532328,sample-prices
BELV,2024-09-16,51.94,52.09,51.85,52.03,1434075,sample-prices
BELV,2024-09-17,51.44,51.6,51.01,51.37,1413962,sample-prices
BELV,2024-09-18,51.88,51.96,51.78,51.96,1864033,sample-prices
BELV,2024-09-19,52.03,52.34,51.72,51.97,3533765,sample-prices
BELV,2024-09-20,52.29,52.56,52.05,52.35,2678278,sample-prices
BELV,2024-09-23,51.85,52.25,51.82,51.83,1253310,sample-prices
BELV,2024-09-24,52.9,53.24,52.8,52.94,2564910,sample-prices
BELV,2024-09-25,52.24,52.28,51.77,52.15,2179312,sample-prices
BELV,2024-09-26,53.35,53.43,53.06,53.36,3800400,sample-prices
BELV,2024-09-27,54.03,54.42,53.76,53.98,3270670,sample-prices
BELV,2024-09-30,53.94,54.37,53.77,54.05,3951892,sample-prices
BELV,2024-10-01,54.1,54.17,53.99,54.06,2869409,sample-prices
BELV,2024-10-02,53.89,54.07,53.86,53.92,2459361,sample-prices
BELV,2024-10-03,53.11,53.12,52.95,53.06,610769,sample-prices
BELV,2024-10-04,52.57,52.89,52.24,52.43,1374084,sample-prices
BELV,2024-10-07,51.94,52.25,51.87,51.96,3551442,sample-prices
BELV,2024-10-08,52.97,53.35,52.68,52.98,2341184,sample-prices
BELV,2024-10-09,54.35,54.35,54.12,54.18,3433165,sample-prices
BELV,2024-10-10,54.7,54.79,54.43,54.77,2949432,sample-prices
BELV,2024-10-11,56.02,56.03,55.67,55.92,324087,sample-prices
BELV,2024-10-14,55.52,56.0,55.37,55.61,2013437,sample-prices
BELV,2024-10-15,54.73,54.94,54.64,54.78,2733402,sample-prices
BELV,2024-10-16,54.37,54.79,54.29,54.37,564412,sample-prices
BELV,2024-10-17,54.7,55.17,54.6,54.83,1317998,sample-prices
BELV,2024-10-18,55.39,55.54,55.24,55.34,2332626,sample-prices
BELV,2024-10-21,56.77,57.01,56.68,56.83,1672417,sample-prices
BELV,2024-10-22,56.72,56.97,56.66,56.72,3112508,sample-prices
BELV,2024-10-23,57.02,57.08,56.99,57.06,3100102,sample-prices
BELV,2024-10-24,56.34,56.96,56.11,56.43,3646429,sample-prices
BELV,2024-10-25,56.68,57.13,56.0,56.58,539434,sample-prices
BELV,2024-10-28,56.19,56.26,55.98,56.21,3625982,sample-prices
BELV,2024-10-29,55.99,55.99,55.88,55.96,2244316,sample-prices
BELV,2024-10-30,56.93,57.34,56.75,56.94,479725,sample-prices
BELV,2024-10-31,57.86,57.94,57.72,57.87,332196,sample-prices
BELV,2024-11-01,56.19,56.73,55.91,56.45,2302818,sample-prices
BELV,2024-11-04,58.24,58.54,58.14,58.24,3280374,sample-prices
BELV,2024-11-05,57.91,58.43,57.65,57.76,203630,sample-prices
BELV,2024-11-06,57.49,57.96,57.47,57.6,1040420,sample-prices
BELV,2024-11-07,58.05,58.13,57.71,58.1,3721033,sample-prices
BELV,2024-11-08,57.31,57.58,57.26,57.32,2043543,sample-prices
BELV,2024-11-11,56.83,57.03,56.66,56.77,1308414,sample-prices
BELV,2024-11-12,54.98,55.35,54.92,54.97,3789458,sample-prices
BELV,2024-11-13,53.91,53.96,53.88,53.93,2419283,sample-prices
BELV,2024-11-14,53.55,53.77,53.33,53.55,2184289,sample-prices
BELV,2024-11-15,53.06,53.08,52.81,52.99,3800058,sample-prices
BELV,2024-11-18,52.42,52.74,52.12,52.52,1918564,sample-prices
BELV,2024-11-19,52.94,53.09,52.76,53.0,3975169,sample-prices
BELV,2024-11-20,54.02,54.11,54.0,54.1,840102,sample-prices
BELV,2024-11-21,54.22,54.41,53.75,54.27,3033606,sample-prices
BELV,2024-11-22,54.32,54.44,54.23,54.39,334217,sample-prices
BELV,2024-11-25,53.74,54.04,53.58,53.63,1201259,sample-prices
BELV,2024-11-26,54.45,54.67,54.16,54.46,3230207,sample-prices
BELV,2024-11-27,54.82,55.12,54.62,54.8,1227974,sample-prices
BELV,2024-11-28,54.97,55.29,54.86,54.96,438142,sample-prices
BELV,2024-11-29,54.15,54.18,53.97,54.16,2219125,sample-prices
BELV,2024-12-02,52.88,53.0,52.85,52.93,1308639,sample-prices
BELV,2024-12-03,54.13,54.43,53.9,54.07,3831005,sample-prices
BELV,2024-12-04,54.61,54.82,54.3,54.46,1840342,sample-prices
BELV,2024-12-05,54.3,54.47,54.15,54.33,2729231,sample-prices
BELV,2024-12-06,53.69,54.26,53.65,53.89,2489022,sample-prices
BELV,2024-12-09,55.23,55.55,54.93,55.21,1803673,sample-prices
BELV,2024-12-10,56.8,56.84,56.38,56.7,1366009,sample-prices
BELV,2024-12-11,56.53,56.95,56.28,56.41,2483386,sample-prices
BELV,2024-12-12,56.87,57.23,56.34,56.71,1913741,sample-prices
BELV,2024-12-13,56.46,56.81,56.37,56.56,933716,sample-prices
BELV,2024-12-16,56.26,56.41,55.93,56.2,2701213,sample-prices
BELV,2024-12-17,55.91,55.94,55.76,55.94,947836,sample-prices
BELV,2024-12-18,56.08,56.35,56.07,56.11,1570108,sample-prices
BELV,2024-12-19,55.7,55.94,55.66,55.78,638846,sample-prices
BELV,2024-12-20,55.19,55.54,54.78,55.13,344321,sample-prices
BELV,2024-12-23,54.24,54.49,54.15,54.36,1730621,sample-prices
BELV,2024-12-24,54.37,54.51,54.04,54.36,1679648,sample-prices
BELV,2024-12-25,54.13,54.15,53.86,54.12,3224704,sample-prices
BELV,2024-12-26,53.11,53.12,52.74,53.05,3526910,sample-prices
BELV,2024-12-27,53.28,53.41,53.24,53.3,2504722,sample-prices
BELV,2024-12-30,54.65,54.74,54.55,54.65,3920660,sample-prices
BELV,2024-12-31,55.12,55.43,54.83,55.19,2485455,sample-prices
CYNT,2022-06-01,66.93,67.5,66.27,66.81,801037,sample-prices
CYNT,2022-06-02,67.27,67.46,67.13,67.21,2190372,sample-prices
CYNT,2022-06-03,69.07,69.55,68.87,69.01,563707,sample-prices
CYNT,2022-06-06,69.81,70.73,69.65,70.0,1043843,sample-prices
CYNT,2022-06-07,71.7,72.01,71.5,71.7,3822156,sample-prices
CYNT,2022-06-08,71.52,71.64,71.08,71.35,2362358,sample-prices
CYNT,2022-06-09,69.72,69.85,69.66,69.73,3896451,sample-prices
CYNT,2022-06-10,69.06,69.39,68.43,69.06,2483614,sample-prices
CYNT,2022-06-13,70.11,70.4,70.02,70.14,3609139,sample-prices
CYNT,2022-06-14,70.24,70.5,70.0,70.26,2904599,sample-prices
CYNT,2022-06-15,70.64,70.89,70.4,70.71,1442930,sample-prices
CYNT,2022-06-16,69.64,70.05,69.49,69.82,2589856,sample-prices
CYNT,2022-06-17,70.96,71.33,70.81,70.83,509995,sample-prices
CYNT,2022-06-20,71.76,72.14,71.46,71.63,1691184,sample-prices
CYNT,2022-06-21,73.6,73.67,73.48,73.62,873805,sample-prices
CYNT,2022-06-22,74.67,74.97,74.31,74.61,3671462,sample-prices
CYNT,2022-06-23,74.59,75.04,74.54,74.57,2239632,sample-prices
CYNT,2022-06-24,73.59,74.05,73.41,73.63,2655480,sample-prices
CYNT,2022-06-27,72.86,73.15,72.85,73.04,3723110,sample-prices
CYNT,2022-06-28,72.35,72.66,72.19,72.44,2013083,sample-prices
CYNT,2022-06-29,73.47,73.52,73.33,73.45,669230,sample-prices
CYNT,2022-06-30,75.84,76.1,74.84,75.93,1729527,sample-prices
CYNT,2022-07-01,75.7,76.11,75.42,75.85,2964098,sample-prices
CYNT,2022-07-04,74.99,75.52,74.82,75.04,340035,sample-prices
CYNT,2022-07-05,75.96,76.09,75.72,75.91,2426294,sample-prices
CYNT,2022-07-06,75.45,75.71,75.18,75.25,1003864,sample-prices
CYNT,2022-07-07,75.07,75.44,75.02,75.05,2737168,sample-prices
CYNT,2022-07-08,74.99,75.0,74.72,74.95,3627283,sample-prices
CYNT,2022-07-11,76.32,76.74,75.75,76.3,2338867,sample-prices
CYNT,2022-07-12,76.64,76.83,76.17,76.68,1204401,sample-prices
CYNT,2022-07-13,76.4,76.43,76.16,76.35,1213730,sample-prices
CYNT,2022-07-14,76.47,76.6,76.35,76.43,736786,sample-prices
CYNT,2022-07-15,76.76,76.95,76.47,76.69,3831217,sample-prices
CYNT,2022-07-18,76.47,76.86,76.16,76.53,843874,sample-prices
CYNT,2022-07-19,76.76,77.23,76.59,76.84,2705921,sample-prices
CYNT,2022-07-20,74.73,74.98,74.41,74.63,754394,sample-prices
CYNT,2022-07-21,74.73,74.89,74.48,74.72,2201202,sample-prices
CYNT,2022-07-22,75.7,75.79,75.61,75.78,652432,sample-prices
CYNT,2022-07-25,73.85,73.97,73.54,73.83,1066562,sample-prices
CYNT,2022-07-26,73.51,73.58,73.26,73.55,3005611,sample-prices
CYNT,2022-07-27,74.35,74.53,74.3,74.36,1041568,sample-prices
CYNT,2022-07-28,74.9,75.21,74.62,75.04,2259915,sample-prices
CYNT,2022-07-29,75.43,75.79,75.09,75.47,809548,sample-prices
CYNT,2022-08-01,76.5,77.01,76.35,76.36,2460978,sample-prices
CYNT,2022-08-02,78.63,79.01,78.33,78.66,685684,sample-prices
CYNT,2022-08-03,76.71,76.98,76.31,76.84,1274452,sample-prices
CYNT,2022-08-04,77.51,77.66,77.1,77.4,2384319,sample-prices
CYNT,2022-08-05,76.79,76.84,76.7,76.8,2661978,sample-prices
CYNT,2022-08-08,77.59,78.11,77.27,77.68,1675219,sample-prices
CYNT,2022-08-09,78.76,78.89,78.45,78.63,3544212,sample-prices
CYNT,2022-08-10,78.86,79.12,78.28,78.93,2625181,sample-prices
CYNT,2022-08-11,79.81,80.27,79.58,79.73,1393833,sample-prices
CYNT,2022-08-12,79.51,80.27,79.43,79.58,2266281,sample-prices
CYNT,2022-08-15,79.78,80.03,79.38,79.89,2032020,sample-prices
CYNT,2022-08-16,79.69,80.05,79.57,79.88,1245058,sample-prices
CYNT,2022-08-17,80.56,81.13,80.16,80.43,2472704,sample-prices
CYNT,2022-08-18,79.82,80.1,79.69,79.78,1550497,sample-prices
CYNT,2022-08-19,79.03,79.06,78.98,79.03,1813312,sample-prices
CYNT,2022-08-22,78.62,78.73,78.61,78.69,1981570,sample-prices
CYNT,2022-08-23,79.38,79.83,79.29,79.6,810769,sample-prices
CYNT,2022-08-24,79.09,79.1,78.84,78.9,1985787,sample-prices
CYNT,2022-08-25,79.7,79.9,79.4,79.85,291391,sample-prices
CYNT,2022-08-26,79.94,80.61,79.47,80.25,3047040,sample-prices
CYNT,2022-08-29,82.22,82.44,81.9,82.05,2561769,sample-prices
CYNT,2022-08-30,81.7,81.72,80.74,81.56,1973600,sample-prices
CYNT,2022-08-31,85.02,85.49,84.44,85.04,2755259,sample-prices
CYNT,2022-09-01,83.91,84.32,83.5,83.97,2372969,sample-prices
CYNT,2022-09-02,82.36,82.55,81.75,82.36,3165950,sample-prices
CYNT,2022-09-05,84.68,84.91,84.47,84.73,2977880,sample-prices
CYNT,2022-09-06,84.07,84.35,84.0,84.34,3853826,sample-prices
CYNT,2022-09-07,83.52,83.64,83.05,83.5,2015360,sample-prices
CYNT,2022-09-08,83.94,84.14,83.52,83.99,2292993,sample-prices
CYNT,2022-09-09,82.82,82.97,82.66,82.81,2602814,sample-prices
CYNT,2022-09-12,82.62,82.82,82.08,82.53,1040413,sample-prices
CYNT,2022-09-13,80.59,80.85,80.25,80.62,671610,sample-prices
CYNT,2022-09-14,78.87,78.93,78.62,78.9,657187,sample-prices
CYNT,2022-09-15,79.27,79.67,79.22,79.32,696795,sample-prices
CYNT,2022-09-16,79.74,79.93,79.34,79.9,3809707,sample-prices
CYNT,2022-09-19,79.96,80.17,79.53,80.05,736778,sample-prices
CYNT,2022-09-20,77.01,77.29,76.71,76.94,1182444,sample-prices
CYNT,2022-09-21,75.46,75.92,74.99,75.44,1427406,sample-prices
CYNT,2022-09-22,77.81,78.43,77.63,77.84,1869652,sample-prices
CYNT,2022-09-23,75.21,75.46,74.91,75.19,2154003,sample-prices
CYNT,2022-09-26,76.09,76.7,76.02,76.29,1736901,sample-prices
CYNT,2022-09-27,76.14,76.56,76.08,76.17,731262,sample-prices
CYNT,2022-09-28,76.79,76.85,76.32,76.77,447700,sample-prices
CYNT,2022-09-29,77.7,77.79,77.37,77.74,1493207,sample-prices
CYNT,2022-09-30,79.26,79.5,78.78,79.09,1316365,sample-prices
CYNT,2022-10-03,77.73,77.76,77.37,77.6,1499590,sample-prices
CYNT,2022-10-04,76.38,76.58,76.04,76.42,409857,sample-prices
CYNT,2022-10-05,76.38,76.44,75.87,76.25,1571783,sample-prices
CYNT,2022-10-06,76.16,76.77,75.93,76.43,642042,sample-prices
CYNT,2022-10-07,75.68,75.82,75.24,75.72,2511181,sample-prices
CYNT,2022-10-10,74.96,75.07,74.91,74.96,2878154,sample-prices
CYNT,2022-10-11,76.12,76.25,75.98,76.21,3911694,sample-prices
CYNT,2022-10-12,76.79,77.04,76.72,76.78,354311,sample-prices
CYNT,2022-10-13,76.98,77.25,76.61,77.06,3637312,sample-prices
CYNT,2022-10-14,76.81,77.54,76.62,76.79,2685465,sample-prices
CYNT,2022-10-17,76.28,76.33,75.36,76.3,1164195,sample-prices
CYNT,2022-10-18,75.8,76.1,75.69,75.75,860715,sample-prices
CYNT,2022-10-19,74.52,74.73,74.14,74.67,1652406,sample-prices
CYNT,2022-10-20,72.44,72.52,72.22,72.28,3988294,sample-prices
CYNT,2022-10-21,71.29,71.75,70.67,71.48,1744131,sample-prices
CYNT,2022-10-24,71.97,72.18,71.42,71.95,1600767,sample-prices
CYNT,2022-10-25,71.09,71.39,70.81,71.17,1110024,sample-prices
CYNT,2022-10-26,71.58,71.86,71.53,71.57,2395050,sample-prices
CYNT,2022-10-27,72.89,73.04,72.46,72.91,2381705,sample-prices
CYNT,2022-10-28,74.15,74.29,73.95,74.11,1617515,sample-prices
CYNT,2022-10-31,75.26,75.44,75.08,75.31,1049130,sample-prices
CYNT,2022-11-01,75.91,76.44,75.44,75.99,3357347,sample-prices
CYNT,2022-11-02,76.49,77.45,76.34,76.44,3626641,sample-prices
CYNT,2022-11-03,75.64,75.88,75.52,75.76,647926,sample-prices
CYNT,2022-11-04,74.75,75.39,74.66,74.91,2216022,sample-prices
CYNT,2022-11-07,74.65,74.73,74.39,74.6,1707360,sample-prices
CYNT,2022-11-08,74.24,74.46,74.12,74.16,1042068,sample-prices
CYNT,2022-11-09,75.16,75.34,75.04,75.22,3189758,sample-prices
CYNT,2022-11-10,75.19,75.39,75.05,75.29,2438984,sample-prices
CYNT,2022-11-11,75.96,76.34,75.76,75.93,3425184,sample-prices
CYNT,2022-11-14,72.94,73.11,72.74,72.87,3044365,sample-prices
CYNT,2022-11-15,73.0,73.01,72.6,73.01,1167898,sample-prices
CYNT,2022-11-16,72.48,72.75,72.17,72.36,1138296,sample-prices
CYNT,2022-11-17,73.54,73.8,73.26,73.59,551985,sample-prices
CYNT,2022-11-18,72.8,73.08,72.25,72.59,493896,sample-prices
CYNT,2022-11-21,71.12,71.49,71.11,71.12,3100632,sample-prices
CYNT,2022-11-22,70.85,71.15,70.78,70.89,3940520,sample-prices
CYNT,2022-11-23,71.22,71.37,71.0,71.22,1108351,sample-prices
CYNT,2022-11-24,70.66,71.31,70.66,70.79,376079,sample-prices
CYNT,2022-11-25,69.97,70.11,69.41,69.84,1642294,sample-prices
CYNT,2022-11-28,69.09,69.32,68.89,68.96,2826790,sample-prices
CYNT,2022-11-29,69.79,69.87,69.7,69.82,1489815,sample-prices
CYNT,2022-11-30,69.1,69.19,68.64,69.1,238156,sample-prices
CYNT,2022-12-01,69.22,69.73,69.0,69.11,2305539,sample-prices
CYNT,2022-12-02,69.1,69.11,68.5,69.0,2511810,sample-prices
CYNT,2022-12-05,69.55,69.65,69.29,69.53,986038,sample-prices
CYNT,2022-12-06,68.25,68.46,67.92,68.33,1466690,sample-prices
CYNT,2022-12-07,68.5,69.03,67.68,68.52,2493758,sample-prices
CYNT,2022-12-08,68.04,68.06,67.87,68.04,1934521,sample-prices
CYNT,2022-12-09,67.01,67.06,66.95,67.05,2479497,sample-prices
CYNT,2022-12-12,67.25,67.42,66.93,67.16,905176,sample-prices
CYNT,2022-12-13,68.2,68.41,67.95,68.22,2408710,sample-prices
CYNT,2022-12-14,69.81,70.15,69.49,69.78,3510918,sample-prices
CYNT,2022-12-15,69.92,70.11,69.75,70.06,347898,sample-prices
CYNT,2022-12-16,70.9,71.07,70.75,70.98,3996441,sample-prices
CYNT,2022-12-19,70.78,71.29,70.72,70.86,1192978,sample-prices
CYNT,2022-12-20,71.36,71.59,71.27,71.34,1928556,sample-prices
CYNT,2022-12-21,70.66,70.89,70.31,70.58,311756,sample-prices
CYNT,2022-12-22,70.94,71.08,70.63,70.82,498884,sample-prices
CYNT,2022-12-23,69.9,70.24,69.87,70.15,2234877,sample-prices
CYNT,2022-12-26,70.26,70.59,69.92,70.08,3475292,sample-prices
CYNT,2022-12-27,69.77,70.19,69.47,69.66,1359246,sample-prices
CYNT,2022-12-28,69.22,69.7,68.91,69.34,269763,sample-prices
CYNT,2022-12-29,67.67,67.85,67.52,67.8,2134292,sample-prices
CYNT,2022-12-30,65.32,65.77,65.26,65.35,2253440,sample-prices
CYNT,2023-01-02,64.55,64.73,64.52,64.66,393636,sample-prices
CYNT,2023-01-03,63.29,63.76,63.04,63.38,1283664,sample-prices
CYNT,2023-01-04,62.85,62.99,62.7,62.85,902935,sample-prices
CYNT,2023-01-05,62.92,63.23,62.3,63.12,395217,sample-prices
CYNT,2023-01-06,64.88,65.22,64.52,64.82,1361517,sample-prices
CYNT,2023-01-09,65.01,65.54,64.99,64.99,3001915,sample-prices
CYNT,2023-01-10,64.33,64.38,64.14,64.28,3744316,sample-prices
CYNT,2023-01-11,63.15,63.39,62.99,63.14,3294106,sample-prices
CYNT,2023-01-12,63.93,64.07,63.56,63.93,2775884,sample-prices
CYNT,2023-01-13,63.97,64.29,63.83,63.98,2056019,sample-prices
CYNT,2023-01-16,64.85,65.15,64.19,64.86,810921,sample-prices
CYNT,2023-01-17,64.47,64.57,64.4,64.48,2913586,sample-prices
CYNT,2023-01-18,64.17,64.47,63.61,64.19,253613,sample-prices
CYNT,2023-01-19,64.73,64.81,64.58,64.67,1921121,sample-prices
CYNT,2023-01-20,62.93,63.05,62.64,62.95,3722367,sample-prices
CYNT,2023-01-23,62.1,62.38,61.75,62.16,1466769,sample-prices
CYNT,2023-01-24,64.09,64.13,63.64,64.0,3483062,sample-prices
CYNT,2023-01-25,63.28,63.6,63.1,63.2,3811981,sample-prices
CYNT,2023-01-26,64.33,64.57,64.04,64.29,1256622,sample-prices
CYNT,2023-01-27,64.82,65.59,64.65,64.88,2316166,sample-prices
CYNT,2023-01-30,65.72,65.72,65.32,65.58,2934905,sample-prices
CYNT,2023-01-31,65.85,66.13,65.69,65.69,2690504,sample-prices
CYNT,2023-02-01,65.6,65.72,64.95,65.49,942092,sample-prices
CYNT,2023-02-02,66.63,66.78,66.29,66.6,3487218,sample-prices
CYNT,2023-02-03,66.05,66.13,65.87,65.93,2448602,sample-prices
CYNT,2023-02-06,65.25,65.53,65.05,65.48,3773609,sample-prices
CYNT,2023-02-07,66.67,66.78,66.22,66.61,517303,sample-prices
CYNT,2023-02-08,67.78,68.12,67.15,67.72,1088840,sample-prices
CYNT,2023-02-09,67.61,67.73,67.6,67.68,3916394,sample-prices
CYNT,2023-02-10,67.48,67.78,67.09,67.37,329327,sample-prices
CYNT,2023-02-13,67.29,67.43,67.24,67.41,2393122,sample-prices
CYNT,2023-02-14,66.77,66.79,66.4,66.68,1619588,sample-prices
CYNT,2023-02-15,67.19,67.25,67.0,67.25,795064,sample-prices
CYNT,2023-02-16,65.95,66.16,65.7,65.9,3234275,sample-prices
CYNT,2023-02-17,66.36,66.76,66.05,66.35,3941836,sample-prices
CYNT,2023-02-20,64.09,64.5,63.74,64.15,2663190,sample-prices
CYNT,2023-02-21,63.29,63.43,63.14,63.34,2394278,sample-prices
CYNT,2023-02-22,65.21,65.62,65.0,65.28,599750,sample-prices
CYNT,2023-02-23,67.24,67.52,66.95,67.29,1205276,sample-prices
CYNT,2023-02-24,66.44,66.71,66.29,66.52,2992628,sample-prices
CYNT,2023-02-27,64.6,65.0,64.53,64.85,882791,sample-prices
CYNT,2023-02-28,62.91,63.35,62.79,63.07,2316611,sample-prices
CYNT,2023-03-01,62.94,63.51,62.88,62.89,1324483,sample-prices
CYNT,2023-03-02,64.95,65.47,64.86,65.03,1474477,sample-prices
CYNT,2023-03-03,65.25,65.84,64.8,65.32,2956537,sample-prices
CYNT,2023-03-06,64.49,64.88,64.3,64.65,1008957,sample-prices
CYNT,2023-03-07,64.38,64.52,64.22,64.43,2513383,sample-prices
CYNT,2023-03-08,64.11,64.26,63.92,64.12,511673,sample-prices
CYNT,2023-03-09,63.75,64.04,63.74,63.89,367925,sample-prices
CYNT,2023-03-10,63.81,64.17,63.27,63.69,3706887,sample-prices
CYNT,2023-03-13,63.86,64.32,63.82,63.9,1171704,sample-prices
CYNT,2023-03-14,64.67,64.73,64.04,64.61,1402963,sample-prices
CYNT,2023-03-15,66.19,66.68,65.94,66.3,3899808,sample-prices
CYNT,2023-03-16,66.65,66.87,66.17,66.59,3691197,sample-prices
CYNT,2023-03-17,66.53,66.73,66.11,66.56,1649281,sample-prices
CYNT,2023-03-20,67.2,67.36,66.82,67.02,900416,sample-prices
CYNT,2023-03-21,67.25,67.26,67.0,67.23,2250654,sample-prices
CYNT,2023-03-22,66.97,66.99,66.94,66.96,3582903,sample-prices
CYNT,2023-03-23,66.21,66.38,65.5,66.2,2136356,sample-prices
CYNT,2023-03-24,65.93,66.12,65.39,65.99,373738,sample-prices
CYNT,2023-03-27,66.24,66.33,65.89,66.22,633088,sample-prices
CYNT,2023-03-28,67.91,68.01,67.41,67.96,3421188,sample-prices
CYNT,2023-03-29,67.12,67.59,67.01,67.14,1184756,sample-prices
CYNT,2023-03-30,66.79,67.12,66.55,66.78,716364,sample-prices
CYNT,2023-03-31,67.44,67.86,67.12,67.32,3898641,sample-prices
CYNT,2023-04-03,68.47,68.83,68.34,68.62,3805260,sample-prices
CYNT,2023-04-04,70.17,70.42,70.01,70.07,1380205,sample-prices
CYNT,2023-04-05,70.04,70.12,69.83,69.98,1855979,sample-prices
CYNT,2023-04-06,69.92,70.13,69.53,70.09,2691109,sample-prices
CYNT,2023-04-07,70.24,70.37,70.03,70.06,2376635,sample-prices
CYNT,2023-04-10,68.73,68.89,67.94,68.79,2740003,sample-prices
CYNT,2023-04-11,67.25,67.52,67.03,67.14,3201148,sample-prices
CYNT,2023-04-12,67.76,67.85,67.67,67.71,477824,sample-prices
CYNT,2023-04-13,67.08,67.49,66.58,66.95,2238202,sample-prices
CYNT,2023-04-14,67.09,67.23,66.87,66.96,3114023,sample-prices
CYNT,2023-04-17,65.16,65.44,64.95,65.12,3920132,sample-prices
CYNT,2023-04-18,65.94,66.3,65.82,65.87,939511,sample-prices
CYNT,2023-04-19,66.39,66.49,66.02,66.48,3422363,sample-prices
CYNT,2023-04-20,67.77,68.11,67.44,67.84,1805435,sample-prices
CYNT,2023-04-21,67.11,67.15,66.84,67.13,2612761,sample-prices
CYNT,2023-04-24,67.36,67.73,66.28,67.4,837162,sample-prices
CYNT,2023-04-25,67.81,68.16,67.63,67.8,3479456,sample-prices
CYNT,2023-04-26,67.34,67.82,67.0,67.34,2759853,sample-prices
CYNT,2023-04-27,67.26,67.74,67.24,67.38,3366480,sample-prices
CYNT,2023-04-28,67.45,68.1,67.12,67.35,653845,sample-prices
CYNT,2023-05-01,67.79,67.93,67.49,67.72,3952014,sample-prices
CYNT,2023-05-02,67.86,68.16,67.43,67.8,977943,sample-prices
CYNT,2023-05-03,68.66,68.91,68.48,68.63,3156106,sample-prices
CYNT,2023-05-04,69.87,70.38,69.5,70.03,3766703,sample-prices
CYNT,2023-05-05,70.84,71.14,70.78,70.91,3847126,sample-prices
CYNT,2023-05-08,71.54,71.72,71.17,71.47,505065,sample-prices
CYNT,2023-05-09,72.03,72.47,71.82,71.98,1010476,sample-prices
CYNT,2023-05-10,72.31,72.68,72.17,72.2,2352789,sample-prices
CYNT,2023-05-11,71.71,71.86,71.52,71.73,2885880,sample-prices
CYNT,2023-05-12,70.9,71.29,70.8,70.98,3634896,sample-prices
CYNT,2023-05-15,69.42,69.93,69.41,69.44,3254890,sample-prices
CYNT,2023-05-16,68.66,68.98,68.31,68.5,852823,sample-prices
CYNT,2023-05-17,70.25,70.26,69.82,70.14,1382522,sample-prices
CYNT,2023-05-18,69.99,70.27,69.9,70.07,644787,sample-prices
CYNT,2023-05-19,70.11,70.45,69.87,70.06,1811391,sample-prices
CYNT,2023-05-22,69.66,69.73,69.02,69.47,1754733,sample-prices
CYNT,2023-05-23,70.44,70.47,70.04,70.38,1384083,sample-prices
CYNT,2023-05-24,70.11,70.17,69.88,70.04,2414377,sample-prices
CYNT,2023-05-25,71.36,71.52,70.98,71.3,2731776,sample-prices
CYNT,2023-05-26,70.92,71.35,70.9,71.06,2279845,sample-prices
CYNT,2023-05-29,71.54,71.87,71.31,71.72,3910742,sample-prices
CYNT,2023-05-30,71.48,71.62,71.22,71.6,3336179,sample-prices
CYNT,2023-05-31,71.73,71.77,71.56,71.73,1338850,sample-prices
CYNT,2023-06-01,70.75,71.06,70.39,70.71,537478,sample-prices
CYNT,2023-06-02,71.61,71.97,71.38,71.56,2683513,sample-prices
CYNT,2023-06-05,72.52,72.65,72.26,72.43,3873438,sample-prices
CYNT,2023-06-06,71.43,71.53,71.3,71.5,1918553,sample-prices
CYNT,2023-06-07,70.83,70.88,70.74,70.82,3552420,sample-prices
CYNT,2023-06-08,71.39,71.5,71.3,71.36,2780333,sample-prices
CYNT,2023-06-09,71.44,71.86,71.35,71.4,1369609,sample-prices
CYNT,2023-06-12,70.98,71.3,70.58,70.95,3877344,sample-prices
CYNT,2023-06-13,70.68,70.84,70.31,70.7,781202,sample-prices
CYNT,2023-06-14,69.09,69.25,68.87,69.08,2005093,sample-prices
CYNT,2023-06-15,68.46,68.69,68.45,68.62,2690976,sample-prices
CYNT,2023-06-16,68.58,68.65,68.21,68.58,1363329,sample-prices
CYNT,2023-06-19,67.78,67.91,67.58,67.71,1902849,sample-prices
CYNT,2023-06-20,70.28,70.6,70.13,70.22,3267575,sample-prices
CYNT,2023-06-21,71.32,71.44,71.13,71.25,3280678,sample-prices
CYNT,2023-06-22,70.34,70.43,70.14,70.38,1316791,sample-prices
CYNT,2023-06-23,69.2,69.38,68.99,69.12,3237092,sample-prices
CYNT,2023-06-26,69.32,69.43,69.1,69.15,744860,sample-prices
CYNT,2023-06-27,69.5,69.58,69.36,69.51,3674444,sample-prices
CYNT,2023-06-28,68.57,68.74,68.3,68.46,1295259,sample-prices
CYNT,2023-06-29,67.65,68.03,67.42,67.59,2363392,sample-prices
CYNT,2023-06-30,68.34,68.69,68.3,68.34,236797,sample-prices
CYNT,2023-07-03,66.71,66.89,66.58,66.77,2336464,sample-prices
CYNT,2023-07-04,64.46,64.6,64.09,64.27,1572304,sample-prices
CYNT,2023-07-05,62.81,62.95,62.61,62.75,717513,sample-prices
CYNT,2023-07-06,62.37,62.56,62.13,62.34,271681,sample-prices
CYNT,2023-07-07,64.58,65.0,64.03,64.36,3009094,sample-prices
CYNT,2023-07-10,64.59,64.61,64.07,64.47,3889302,sample-prices
CYNT,2023-07-11,64.3,64.62,64.15,64.3,3901879,sample-prices
CYNT,2023-07-12,63.43,63.84,63.27,63.34,1168206,sample-prices
CYNT,2023-07-13,62.08,62.16,61.85,62.06,3236824,sample-prices
CYNT,2023-07-14,61.85,62.51,61.31,61.92,3827260,sample-prices
CYNT,2023-07-17,63.04,63.25,62.96,63.03,3494967,sample-prices
CYNT,2023-07-18,63.27,63.38,63.26,63.32,2938415,sample-prices
CYNT,2023-07-19,63.31,63.56,63.17,63.28,3786039,sample-prices
CYNT,2023-07-20,63.43,63.78,63.37,63.42,1928884,sample-prices
CYNT,2023-07-21,62.4,62.46,61.92,62.45,2419458,sample-prices
CYNT,2023-07-24,60.2,60.56,60.01,60.21,3858972,sample-prices
CYNT,2023-07-25,60.76,61.14,60.64,60.75,2622130,sample-prices
CYNT,2023-07-26,61.08,61.29,61.02,61.11,2703144,sample-prices
CYNT,2023-07-27,61.56,61.76,61.44,61.6,1822273,sample-prices
CYNT,2023-07-28,60.15,60.27,59.8,60.08,331218,sample-prices
CYNT,2023-07-31,60.5,60.55,60.27,60.45,3031795,sample-prices
CYNT,2023-08-01,59.97,60.37,59.95,60.12,3087724,sample-prices
CYNT,2023-08-02,59.86,60.15,59.71,59.93,2370241,sample-prices
CYNT,2023-08-03,60.23,60.27,59.89,60.14,3316820,sample-prices
CYNT,2023-08-04,60.46,60.55,60.17,60.49,387293,sample-prices
CYNT,2023-08-07,60.21,60.22,60.13,60.16,1954335,sample-prices
CYNT,2023-08-08,61.76,61.82,61.58,61.76,609692,sample-prices
CYNT,2023-08-09,61.46,61.67,61.25,61.43,926791,sample-prices
CYNT,2023-08-10,62.13,62.39,61.8,62.14,1413695,sample-prices
CYNT,2023-08-11,63.35,63.53,63.13,63.32,3486860,sample-prices
CYNT,2023-08-14,63.39,64.03,63.12,63.52,3922756,sample-prices
CYNT,2023-08-15,63.36,63.59,63.29,63.46,1641788,sample-prices
CYNT,2023-08-16,63.66,64.0,63.56,63.71,1258761,sample-prices
CYNT,2023-08-17,63.16,63.5,63.08,63.14,521758,sample-prices
CYNT,2023-08-18,64.28,64.65,64.27,64.35,454555,sample-prices
CYNT,2023-08-21,64.23,64.37,64.12,64.2,2745548,sample-prices
CYNT,2023-08-22,62.86,63.06,62.34,63.01,2836141,sample-prices
CYNT,2023-08-23,63.05,63.11,63.02,63.05,832898,sample-prices
CYNT,2023-08-24,65.29,65.63,65.25,65.28,321332,sample-prices
CYNT,2023-08-25,64.77,65.31,64.7,64.83,1972699,sample-prices
CYNT,2023-08-28,64.16,64.26,64.03,64.09,1562321,sample-prices
CYNT,2023-08-29,64.84,65.22,64.44,64.64,2413107,sample-prices
CYNT,2023-08-30,64.59,65.04,64.3,64.66,688785,sample-prices
CYNT,2023-08-31,64.6,65.01,64.59,64.63,2839431,sample-prices
CYNT,2023-09-01,63.16,63.27,63.0,63.19,301641,sample-prices
CYNT,2023-09-04,64.01,64.7,64.01,64.19,2767912,sample-prices
CYNT,2023-09-05,64.76,65.05,64.75,64.81,2125702,sample-prices
CYNT,2023-09-06,63.82,63.91,63.66,63.68,3027664,sample-prices
CYNT,2023-09-07,64.02,64.18,63.78,63.96,2025707,sample-prices
CYNT,2023-09-08,65.38,65.4,65.21,65.36,2737106,sample-prices
CYNT,2023-09-11,67.07,67.15,66.72,66.95,846615,sample-prices
CYNT,2023-09-12,66.12,66.4,65.73,66.15,1930102,sample-prices
CYNT,2023-09-13,65.96,65.99,65.27,65.75,1772875,sample-prices
CYNT,2023-09-14,66.31,66.39,66.04,66.29,3666221,sample-prices
CYNT,2023-09-15,64.52,64.79,64.49,64.56,2463049,sample-prices
CYNT,2023-09-18,64.43,64.72,64.22,64.34,2568995,sample-prices
CYNT,2023-09-19,63.21,63.32,63.2,63.29,500455,sample-prices
CYNT,2023-09-20,63.61,63.95,63.5,63.68,1347086,sample-prices
CYNT,2023-09-21,62.73,63.02,62.28,62.91,3492179,sample-prices
CYNT,2023-09-22,64.05,64.47,63.43,63.89,513168,sample-prices
CYNT,2023-09-25,62.5,62.64,62.19,62.61,2705204,sample-prices
CYNT,2023-09-26,63.31,63.56,62.74,63.38,2005401,sample-prices
CYNT,2023-09-27,63.02,63.07,62.98,63.01,2014215,sample-prices
CYNT,2023-09-28,62.45,62.58,62.41,62.44,965451,sample-prices
CYNT,2023-09-29,62.93,63.07,62.84,62.85,2289378,sample-prices
CYNT,2023-10-02,64.25,64.82,63.91,64.36,2449034,sample-prices
CYNT,2023-10-03,63.74,63.87,63.41,63.54,3805608,sample-prices
CYNT,2023-10-04,62.37,62.46,62.33,62.36,3061379,sample-prices
CYNT,2023-10-05,62.43,62.69,62.1,62.43,3003657,sample-prices
CYNT,2023-10-06,61.91,62.18,61.65,61.84,2284693,sample-prices
CYNT,2023-10-09,60.86,61.22,60.82,60.88,542748,sample-prices
CYNT,2023-10-10,61.8,62.13,61.64,61.87,1703411,sample-prices
CYNT,2023-10-11,61.18,61.24,60.94,61.12,722106,sample-prices
CYNT,2023-10-12,61.03,61.17,60.43,60.87,1241067,sample-prices
CYNT,2023-10-13,60.93,61.08,60.82,60.94,1685647,sample-prices
CYNT,2023-10-16,60.51,60.87,60.5,60.51,1418702,sample-prices
CYNT,2023-10-17,58.4,58.66,58.02,58.38,986155,sample-prices
CYNT,2023-10-18,59.29,59.38,59.16,59.23,1986048,sample-prices
CYNT,2023-10-19,59.85,60.47,59.74,59.79,1733376,sample-prices
CYNT,2023-10-20,59.75,59.8,59.57,59.79,2492222,sample-prices
CYNT,2023-10-23,58.41,58.67,58.25,58.27,853587,sample-prices
CYNT,2023-10-24,58.36,58.68,58.04,58.61,3347819,sample-prices
CYNT,2023-10-25,58.98,59.31,58.91,58.92,3152303,sample-prices
CYNT,2023-10-26,61.68,62.01,61.52,61.66,2336156,sample-prices
CYNT,2023-10-27,62.24,62.4,62.2,62.32,1350600,sample-prices
CYNT,2023-10-30,62.34,62.5,61.97,62.26,3665061,sample-prices
CYNT,2023-10-31,62.9,63.38,62.59,63.03,1745917,sample-prices
CYNT,2023-11-01,63.63,63.79,63.4,63.52,3886791,sample-prices
CYNT,2023-11-02,64.26,64.44,63.91,64.3,1202985,sample-prices
CYNT,2023-11-03,64.76,64.78,64.45,64.64,2790490,sample-prices
CYNT,2023-11-06,64.1,64.46,63.95,63.96,1873144,sample-prices
CYNT,2023-11-07,62.91,63.01,62.62,62.7,2219187,sample-prices
CYNT,2023-11-08,63.07,63.24,62.87,62.95,3853855,sample-prices
CYNT,2023-11-09,62.66,62.67,62.53,62.6,1203940,sample-prices
CYNT,2023-11-10,63.2,63.49,62.83,63.29,3107068,sample-prices
CYNT,2023-11-13,62.73,62.84,62.68,62.68,2010819,sample-prices
CYNT,2023-11-14,61.51,62.11,61.16,61.58,1452675,sample-prices
CYNT,2023-11-15,62.03,62.57,61.58,62.03,3920614,sample-prices
CYNT,2023-11-16,63.21,63.49,63.09,63.27,1625887,sample-prices
CYNT,2023-11-17,63.99,64.08,63.7,63.88,2006733,sample-prices
CYNT,2023-11-20,62.78,62.95,62.32,62.68,3490663,sample-prices
CYNT,2023-11-21,62.48,62.52,62.32,62.44,1311626,sample-prices
CYNT,2023-11-22,61.83,61.88,61.37,61.74,2575418,sample-prices
CYNT,2023-11-23,59.22,59.52,58.95,59.37,468792,sample-prices
CYNT,2023-11-24,58.98,59.09,58.95,58.99,321209,sample-prices
CYNT,2023-11-27,56.76,56.88,56.39,56.79,1314341,sample-prices
CYNT,2023-11-28,55.84,56.22,55.5,55.87,1963540,sample-prices
CYNT,2023-11-29,57.09,57.13,56.75,57.06,3297478,sample-prices
CYNT,2023-11-30,57.74,57.82,57.52,57.7,649515,sample-prices
CYNT,2023-12-01,57.71,57.81,57.45,57.72,782143,sample-prices
CYNT,2023-12-04,57.23,57.33,57.12,57.25,3409257,sample-prices
CYNT,2023-12-05,57.64,57.74,57.36,57.48,3337877,sample-prices
CYNT,2023-12-06,56.73,57.02,56.69,56.73,2946753,sample-prices
CYNT,2023-12-07,55.44,55.53,55.32,55.38,552560,sample-prices
CYNT,2023-12-08,56.05,56.19,55.89,56.14,3572546,sample-prices
CYNT,2023-12-11,55.02,55.39,54.94,54.96,2888547,sample-prices
CYNT,2023-12-12,56.07,56.54,56.04,56.17,1586377,sample-prices
CYNT,2023-12-13,55.81,56.06,55.37,55.94,1669277,sample-prices
CYNT,2023-12-14,56.03,56.32,55.71,55.96,2408236,sample-prices
CYNT,2023-12-15,55.18,55.47,54.86,55.39,3700476,sample-prices
CYNT,2023-12-18,55.59,55.81,55.16,55.69,3456640,sample-prices
CYNT,2023-12-19,54.66,54.96,54.56,54.75,736413,sample-prices
CYNT,2023-12-20,55.15,55.24,54.86,55.11,1518860,sample-prices
CYNT,2023-12-21,55.62,55.94,55.42,55.62,3043417,sample-prices
CYNT,2023-12-22,55.8,56.12,55.26,55.68,315919,sample-prices
CYNT,2023-12-25,55.86,56.1,55.8,55.87,2472004,sample-prices
CYNT,2023-12-26,55.04,55.22,55.03,55.11,3315887,sample-prices
CYNT,2023-12-27,54.61,54.71,54.09,54.48,644526,sample-prices
CYNT,2023-12-28,54.86,54.99,54.68,54.72,1672823,sample-prices
CYNT,2023-12-29,53.98,54.24,53.86,54.08,1494153,sample-prices
CYNT,2024-01-01,54.03,54.06,53.74,53.93,965774,sample-prices
CYNT,2024-01-02,54.65,55.08,54.52,54.77,1737120,sample-prices
CYNT,2024-01-03,55.7,56.15,55.51,55.62,3413399,sample-prices
CYNT,2024-01-04,54.7,55.04,54.36,54.64,746241,sample-prices
CYNT,2024-01-05,55.66,55.8,55.54,55.68,3467644,sample-prices
CYNT,2024-01-08,54.92,55.14,54.79,55.01,661034,sample-prices
CYNT,2024-01-09,54.59,54.84,54.59,54.69,2431767,sample-prices
CYNT,2024-01-10,54.62,54.8,54.43,54.64,2868536,sample-prices
CYNT,2024-01-11,54.08,54.45,53.85,54.1,1065617,sample-prices
CYNT,2024-01-12,53.53,53.81,53.17,53.42,1653866,sample-prices
CYNT,2024-01-15,53.41,53.75,53.13,53.32,1530474,sample-prices
CYNT,2024-01-16,54.32,54.58,54.23,54.5,377051,sample-prices
CYNT,2024-01-17,55.46,55.76,55.19,55.38,1436401,sample-prices
CYNT,2024-01-18,55.96,56.57,55.73,56.1,1258749,sample-prices
CYNT,2024-01-19,55.72,55.82,55.7,55.74,850501,sample-prices
CYNT,2024-01-22,54.17,54.39,53.95,54.02,1478410,sample-prices
CYNT,2024-01-23,53.11,53.26,52.82,53.2,337520,sample-prices
CYNT,2024-01-24,53.56,53.89,53.2,53.65,1660684,sample-prices
CYNT,2024-01-25,54.2,54.49,54.1,54.36,3066039,sample-prices
CYNT,2024-01-26,53.85,54.06,53.77,54.02,1264629,sample-prices
CYNT,2024-01-29,52.6,52.99,52.37,52.77,1132078,sample-prices
CYNT,2024-01-30,53.06,53.37,52.76,53.28,3880507,sample-prices
CYNT,2024-01-31,54.13,54.61,53.82,54.27,2578168,sample-prices
CYNT,2024-02-01,55.22,55.47,55.19,55.21,3224080,sample-prices
CYNT,2024-02-02,56.44,56.55,56.07,56.21,3027030,sample-prices
CYNT,2024-02-05,54.36,54.83,54.13,54.49,1644589,sample-prices
CYNT,2024-02-06,54.61,54.65,54.4,54.49,386386,sample-prices
CYNT,2024-02-07,54.51,54.69,54.42,54.56,3114080,sample-prices
CYNT,2024-02-08,55.77,56.02,55.49,55.73,3655487,sample-prices
CYNT,2024-02-09,55.52,55.67,55.37,55.58,2331494,sample-prices
CYNT,2024-02-12,56.84,57.17,56.37,56.64,310051,sample-prices
CYNT,2024-02-13,58.19,58.52,57.71,58.03,240720,sample-prices
CYNT,2024-02-14,58.33,58.62,58.01,58.28,1502928,sample-prices
CYNT,2024-02-15,57.52,57.56,57.32,57.51,1734775,sample-prices
CYNT,2024-02-16,58.18,58.54,58.1,58.24,3942327,sample-prices
CYNT,2024-02-19,58.04,58.14,57.89,58.0,1349957,sample-prices
CYNT,2024-02-20,57.77,57.93,57.57,57.79,3515442,sample-prices
CYNT,2024-02-21,59.3,59.55,59.11,59.26,1735228,sample-prices
CYNT,2024-02-22,60.35,60.76,60.0,60.22,1391336,sample-prices
CYNT,2024-02-23,60.94,61.31,60.68,61.19,465855,sample-prices
CYNT,2024-02-26,61.17,61.4,61.05,61.27,2330041,sample-prices
CYNT,2024-02-27,60.96,61.09,60.89,61.03,3108203,sample-prices
CYNT,2024-02-28,59.87,60.01,59.7,59.84,585225,sample-prices
CYNT,2024-02-29,58.65,59.07,58.61,58.79,3174258,sample-prices
CYNT,2024-03-01,57.33,57.69,57.27,57.38,1968511,sample-prices
CYNT,2024-03-04,57.4,57.45,57.07,57.44,3142351,sample-prices
CYNT,2024-03-05,57.86,58.05,57.74,57.84,852544,sample-prices
CYNT,2024-03-06,58.96,59.12,58.93,59.08,1455636,sample-prices
CYNT,2024-03-07,60.4,60.48,60.13,60.36,2777126,sample-prices
CYNT,2024-03-08,59.83,60.71,59.81,59.95,290399,sample-prices
CYNT,2024-03-11,60.77,61.11,60.66,60.95,2528834,sample-prices
CYNT,2024-03-12,60.34,60.47,60.29,60.3,2417132,sample-prices
CYNT,2024-03-13,61.08,61.28,60.96,61.07,3377276,sample-prices
CYNT,2024-03-14,60.85,60.99,60.76,60.95,1827255,sample-prices
CYNT,2024-03-15,60.35,60.64,60.11,60.51,2126595,sample-prices
CYNT,2024-03-18,59.42,59.68,59.24,59.39,3009169,sample-prices
CYNT,2024-03-19,58.13,58.18,58.1,58.12,1261411,sample-prices
CYNT,2024-03-20,57.92,58.11,57.81,58.01,347825,sample-prices
CYNT,2024-03-21,58.22,58.36,57.77,58.07,3129217,sample-prices
CYNT,2024-03-22,58.65,58.94,58.48,58.55,755126,sample-prices
CYNT,2024-03-25,59.27,59.43,59.0,59.34,1475119,sample-prices
CYNT,2024-03-26,59.89,60.02,59.84,59.98,1477820,sample-prices
CYNT,2024-03-27,61.73,61.74,61.41,61.7,3307480,sample-prices
CYNT,2024-03-28,61.61,62.02,61.4,61.51,1513399,sample-prices
CYNT,2024-03-29,62.42,62.72,62.28,62.5,2347123,sample-prices
CYNT,2024-04-01,61.48,61.72,61.35,61.51,1351859,sample-prices
CYNT,2024-04-02,60.58,61.03,60.51,60.58,2519879,sample-prices
CYNT,2024-04-03,59.43,59.94,59.03,59.28,3256392,sample-prices
CYNT,2024-04-04,58.01,58.46,57.9,58.04,1726281,sample-prices
CYNT,2024-04-05,58.06,58.41,57.31,58.15,3815326,sample-prices
CYNT,2024-04-08,58.29,58.55,58.01,58.35,3169407,sample-prices
CYNT,2024-04-09,56.73,57.06,56.26,56.56,3753388,sample-prices
CYNT,2024-04-10,56.18,56.22,56.13,56.21,3133316,sample-prices
CYNT,2024-04-11,56.14,56.34,55.87,56.16,1708169,sample-prices
CYNT,2024-04-12,55.97,56.1,55.94,56.01,1335452,sample-prices
CYNT,2024-04-15,57.57,57.87,57.57,57.76,2505269,sample-prices
CYNT,2024-04-16,58.25,58.3,58.08,58.26,3243902,sample-prices
CYNT,2024-04-17,58.09,58.44,58.09,58.25,1510829,sample-prices
CYNT,2024-04-18,57.57,57.88,56.82,57.58,295957,sample-prices
CYNT,2024-04-19,58.51,58.71,58.35,58.56,2384718,sample-prices
CYNT,2024-04-22,57.97,58.16,57.59,57.97,2747386,sample-prices
CYNT,2024-04-23,58.25,58.26,57.87,58.2,3947184,sample-prices
CYNT,2024-04-24,60.16,60.79,60.15,60.3,2933488,sample-prices
CYNT,2024-04-25,59.51,59.53,59.46,59.51,707186,sample-prices
CYNT,2024-04-26,59.15,59.43,59.1,59.17,3834330,sample-prices
CYNT,2024-04-29,58.26,58.45,57.97,58.41,2521403,sample-prices
CYNT,2024-04-30,58.74,59.22,58.7,58.89,610373,sample-prices
CYNT,2024-05-01,58.7,58.97,58.7,58.79,1930050,sample-prices
CYNT,2024-05-02,58.5,59.04,58.24,58.65,2367540,sample-prices
CYNT,2024-05-03,59.04,59.29,58.82,59.04,2199649,sample-prices
CYNT,2024-05-06,58.65,58.82,58.64,58.73,3745330,sample-prices
CYNT,2024-05-07,58.04,58.07,58.0,58.03,3842022,sample-prices
CYNT,2024-05-08,57.4,57.58,57.16,57.39,526036,sample-prices
CYNT,2024-05-09,57.13,57.17,56.95,57.07,1345072,sample-prices
CYNT,2024-05-10,57.41,57.8,56.98,57.62,2076484,sample-prices
CYNT,2024-05-13,56.85,57.38,56.47,56.89,1253753,sample-prices
CYNT,2024-05-14,56.42,56.61,56.29,56.57,1880411,sample-prices
CYNT,2024-05-15,55.87,55.97,55.66,55.86,1112170,sample-prices
CYNT,2024-05-16,56.56,56.73,56.49,56.64,637171,sample-prices
CYNT,2024-05-17,55.41,55.45,55.25,55.39,2570883,sample-prices
CYNT,2024-05-20,54.23,54.3,54.17,54.3,2765071,sample-prices
CYNT,2024-05-21,53.2,53.28,52.99,53.07,239827,sample-prices
CYNT,2024-05-22,52.48,52.58,52.22,52.51,2602784,sample-prices
CYNT,2024-05-23,52.74,52.85,52.62,52.78,1927897,sample-prices
CYNT,2024-05-24,52.2,52.7,52.05,52.37,655831,sample-prices
CYNT,2024-05-27,53.67,54.0,53.51,53.72,957783,sample-prices
CYNT,2024-05-28,52.35,52.53,52.25,52.33,2206582,sample-prices
CYNT,2024-05-29,52.14,52.57,52.09,52.16,3281757,sample-prices
CYNT,2024-05-30,53.23,53.25,53.02,53.21,1514486,sample-prices
CYNT,2024-05-31,53.15,53.3,53.05,53.13,1877916,sample-prices
CYNT,2024-06-03,53.01,53.34,52.6,52.8,2125835,sample-prices
CYNT,2024-06-04,51.99,52.52,51.78,51.98,777691,sample-prices
CYNT,2024-06-05,51.52,51.77,51.41,51.59,1863578,sample-prices
CYNT,2024-06-06,51.73,52.21,51.69,51.84,764042,sample-prices
CYNT,2024-06-07,53.26,53.6,53.17,53.38,2862707,sample-prices
CYNT,2024-06-10,53.8,54.37,53.59,53.93,1457503,sample-prices
CYNT,2024-06-11,53.73,53.83,53.5,53.67,2650246,sample-prices
CYNT,2024-06-12,54.39,54.57,54.14,54.41,3116857,sample-prices
CYNT,2024-06-13,54.0,54.25,53.72,54.0,2091675,sample-prices
CYNT,2024-06-14,54.26,54.43,54.05,54.34,496282,sample-prices
CYNT,2024-06-17,53.79,53.94,53.57,53.86,1817403,sample-prices
CYNT,2024-06-18,54.07,54.39,53.82,54.08,3456667,sample-prices
CYNT,2024-06-19,55.1,55.29,54.93,55.06,3014702,sample-prices
CYNT,2024-06-20,56.05,56.23,55.99,56.13,2313402,sample-prices
CYNT,2024-06-21,57.46,57.62,57.25,57.35,615215,sample-prices
CYNT,2024-06-24,57.37,57.77,57.28,57.4,2489867,sample-prices
CYNT,2024-06-25,58.15,58.48,57.57,58.0,735385,sample-prices
CYNT,2024-06-26,57.6,57.9,57.22,57.73,2762089,sample-prices
CYNT,2024-06-27,56.86,57.12,56.7,56.85,420551,sample-prices
CYNT,2024-06-28,57.05,57.25,56.47,57.17,1024475,sample-prices
CYNT,2024-07-01,56.99,57.05,56.96,57.05,3916000,sample-prices
CYNT,2024-07-02,57.0,57.21,56.73,56.95,2104139,sample-prices
CYNT,2024-07-03,56.32,56.32,55.85,56.26,1736074,sample-prices
CYNT,2024-07-04,56.38,56.68,56.32,56.52,430286,sample-prices
CYNT,2024-07-05,57.34,57.89,57.16,57.43,2974621,sample-prices
CYNT,2024-07-08,55.86,55.86,55.5,55.71,3010404,sample-prices
CYNT,2024-07-09,55.95,56.2,55.88,55.96,3771543,sample-prices
CYNT,2024-07-10,54.98,55.05,54.75,54.85,1478757,sample-prices
CYNT,2024-07-11,54.57,54.6,54.48,54.57,2564394,sample-prices
CYNT,2024-07-12,54.19,54.32,54.05,54.22,3938661,sample-prices
CYNT,2024-07-15,54.85,54.97,54.81,54.86,3598083,sample-prices
CYNT,2024-07-16,53.75,54.08,53.51,53.73,3921354,sample-prices
CYNT,2024-07-17,54.01,54.37,53.98,54.02,3048353,sample-prices
CYNT,2024-07-18,53.98,54.07,53.63,53.79,423112,sample-prices
CYNT,2024-07-19,53.58,53.75,53.37,53.63,2217820,sample-prices
CYNT,2024-07-22,53.86,54.17,53.76,53.99,1937056,sample-prices
CYNT,2024-07-23,54.9,55.0,54.58,54.67,3155164,sample-prices
CYNT,2024-07-24,55.13,55.22,55.04,55.19,2954077,sample-prices
CYNT,2024-07-25,54.79,55.08,54.79,54.81,1050058,sample-prices
CYNT,2024-07-26,54.41,54.88,54.14,54.43,1301142,sample-prices
CYNT,2024-07-29,54.41,54.84,54.29,54.34,333590,sample-prices
CYNT,2024-07-30,53.25,53.4,53.04,53.18,2252737,sample-prices
CYNT,2024-07-31,52.18,52.4,51.85,52.07,2508658,sample-prices
CYNT,2024-08-01,52.41,52.65,52.39,52.53,3195949,sample-prices
CYNT,2024-08-02,52.42,52.53,52.28,52.42,1381396,sample-prices
CYNT,2024-08-05,52.03,52.04,51.91,51.99,559795,sample-prices
CYNT,2024-08-06,52.88,53.02,52.52,52.92,3560162,sample-prices
CYNT,2024-08-07,53.08,53.26,53.0,53.03,1230296,sample-prices
CYNT,2024-08-08,54.01,54.23,53.59,53.92,3217787,sample-prices
CYNT,2024-08-09,53.22,53.47,53.05,53.32,2139326,sample-prices
CYNT,2024-08-12,53.71,53.84,53.51,53.55,3867444,sample-prices
CYNT,2024-08-13,52.28,52.39,52.21,52.25,1670952,sample-prices
CYNT,2024-08-14,52.68,52.88,52.1,52.68,1638194,sample-prices
CYNT,2024-08-15,53.49,53.9,53.24,53.4,1132706,sample-prices
CYNT,2024-08-16,53.32,53.44,53.32,53.32,2527961,sample-prices
CYNT,2024-08-19,51.68,51.95,51.57,51.72,2388026,sample-prices
CYNT,2024-08-20,50.72,50.87,50.56,50.77,202170,sample-prices
CYNT,2024-08-21,49.69,49.98,49.42,49.79,2190924,sample-prices
CYNT,2024-08-22,50.58,50.73,50.31,50.46,866084,sample-prices
CYNT,2024-08-23,51.37,51.65,51.2,51.55,280628,sample-prices
CYNT,2024-08-26,52.3,52.33,52.24,52.3,3677495,sample-prices
CYNT,2024-08-27,51.84,51.94,51.68,51.88,1780254,sample-prices
CYNT,2024-08-28,52.85,53.09,52.4,52.76,2833140,sample-prices
CYNT,2024-08-29,52.7,52.97,52.36,52.47,3999241,sample-prices
CYNT,2024-08-30,52.42,52.81,52.38,52.52,3193235,sample-prices
CYNT,2024-09-02,52.72,52.96,52.56,52.72,1694694,sample-prices
CYNT,2024-09-03,52.06,52.29,51.82,52.22,2344202,sample-prices
CYNT,2024-09-04,52.85,52.98,52.25,52.76,787612,sample-prices
CYNT,2024-09-05,53.03,53.27,53.02,53.07,3892420,sample-prices
CYNT,2024-09-06,53.99,54.34,53.86,54.03,1136220,sample-prices
CYNT,2024-09-09,55.16,55.24,55.09,55.14,3535268,sample-prices
CYNT,2024-09-10,54.41,54.81,54.23,54.44,1361422,sample-prices
CYNT,2024-09-11,55.38,55.57,54.93,55.33,2377573,sample-prices
CYNT,2024-09-12,55.23,55.24,54.89,55.19,1470345,sample-prices
CYNT,2024-09-13,53.42,53.53,52.98,53.35,3294451,sample-prices
CYNT,2024-09-16,53.42,53.69,52.82,53.32,3154976,sample-prices
CYNT,2024-09-17,52.8,52.91,52.77,52.9,1911796,sample-prices
CYNT,2024-09-18,51.93,52.03,51.61,51.71,3501066,sample-prices
CYNT,2024-09-19,53.04,53.29,52.9,52.95,2946533,sample-prices
CYNT,2024-09-20,52.21,52.55,51.97,52.14,3205170,sample-prices
CYNT,2024-09-23,52.12,52.45,51.97,52.14,678279,sample-prices
CYNT,2024-09-24,52.89,53.35,52.72,52.99,2639512,sample-prices
CYNT,2024-09-25,54.78,55.0,54.06,54.73,1490109,sample-prices
CYNT,2024-09-26,55.43,55.63,55.07,55.34,2971801,sample-prices
CYNT,2024-09-27,54.11,54.52,53.84,54.08,828318,sample-prices
CYNT,2024-09-30,55.42,55.58,55.37,55.46,1586931,sample-prices
CYNT,2024-10-01,53.92,54.28,53.48,53.87,1703996,sample-prices
CYNT,2024-10-02,53.66,53.74,53.52,53.68,3643578,sample-prices
CYNT,2024-10-03,53.41,53.45,53.18,53.39,592026,sample-prices
CYNT,2024-10-04,53.85,54.01,53.42,53.81,2437380,sample-prices
CYNT,2024-10-07,53.51,53.65,53.51,53.53,1015374,sample-prices
CYNT,2024-10-08,53.72,53.82,53.43,53.82,3632003,sample-prices
CYNT,2024-10-09,53.66,53.97,53.55,53.63,619999,sample-prices
CYNT,2024-10-10,54.12,54.48,53.96,54.1,604032,sample-prices
CYNT,2024-10-11,53.33,53.45,53.23,53.32,1462129,sample-prices
CYNT,2024-10-14,53.59,53.65,53.36,53.59,3288124,sample-prices
CYNT,2024-10-15,52.81,52.9,52.79,52.88,1768051,sample-prices
CYNT,2024-10-16,54.58,54.72,54.27,54.69,3817466,sample-prices
CYNT,2024-10-17,54.8,54.9,54.69,54.73,3288705,sample-prices
CYNT,2024-10-18,54.94,55.2,54.86,55.06,2319097,sample-prices
CYNT,2024-10-21,56.21,56.28,55.82,56.23,3647538,sample-prices
CYNT,2024-10-22,56.68,56.91,56.39,56.74,1633900,sample-prices
CYNT,2024-10-23,56.43,56.51,56.36,56.43,2158653,sample-prices
CYNT,2024-10-24,55.58,55.69,55.46,55.54,843766,sample-prices
CYNT,2024-10-25,55.74,55.85,55.7,55.8,2088410,sample-prices
CYNT,2024-10-28,55.14,55.25,54.99,55.13,3842815,sample-prices
CYNT,2024-10-29,54.49,54.58,54.12,54.38,730126,sample-prices
CYNT,2024-10-30,54.06,54.21,53.94,54.04,855101,sample-prices
CYNT,2024-10-31,53.34,53.87,53.15,53.43,3799630,sample-prices
CYNT,2024-11-01,54.74,54.79,54.43,54.57,2664368,sample-prices
CYNT,2024-11-04,55.33,55.59,55.01,55.46,3782790,sample-prices
CYNT,2024-11-05,54.93,55.0,54.87,54.99,1079432,sample-prices
CYNT,2024-11-06,54.95,55.38,54.87,54.9,1347711,sample-prices
CYNT,2024-11-07,55.19,55.31,54.77,55.06,1419706,sample-prices
CYNT,2024-11-08,54.36,54.38,54.01,54.33,2316457,sample-prices
CYNT,2024-11-11,54.6,54.87,54.45,54.5,2748690,sample-prices
CYNT,2024-11-12,52.38,52.48,52.27,52.36,2170494,sample-prices
CYNT,2024-11-13,50.91,51.09,50.81,51.03,780936,sample-prices
CYNT,2024-11-14,52.48,52.68,52.2,52.32,1492535,sample-prices
CYNT,2024-11-15,53.13,53.21,52.8,53.07,1547955,sample-prices
CYNT,2024-11-18,52.51,52.77,52.45,52.63,1625334,sample-prices
CYNT,2024-11-19,52.62,52.65,52.59,52.6,3840932,sample-prices
CYNT,2024-11-20,53.03,53.27,52.86,53.15,1408054,sample-prices
CYNT,2024-11-21,52.09,52.23,52.07,52.17,2446831,sample-prices
CYNT,2024-11-22,53.1,53.2,52.98,53.01,3517543,sample-prices
CYNT,2024-11-25,53.71,53.93,53.05,53.65,2241627,sample-prices
CYNT,2024-11-26,54.44,54.61,53.86,54.24,1033364,sample-prices
CYNT,2024-11-27,55.02,55.19,54.79,55.05,3986025,sample-prices
CYNT,2024-11-28,55.04,55.09,54.92,54.99,2589688,sample-prices
CYNT,2024-11-29,55.27,55.51,55.13,55.17,1804276,sample-prices
CYNT,2024-12-02,54.99,55.08,54.84,55.05,981121,sample-prices
CYNT,2024-12-03,54.96,55.33,54.7,55.05,343407,sample-prices
CYNT,2024-12-04,54.5,54.7,54.25,54.42,2835375,sample-prices
CYNT,2024-12-05,54.57,54.87,54.41,54.51,1898614,sample-prices
CYNT,2024-12-06,53.92,54.05,53.51,53.86,2952634,sample-prices
CYNT,2024-12-09,54.3,54.54,54.25,54.29,3557738,sample-prices
CYNT,2024-12-10,54.75,54.94,54.57,54.87,3169503,sample-prices
CYNT,2024-12-11,54.93,55.27,54.44,54.81,2338061,sample-prices
CYNT,2024-12-12,55.29,55.39,55.13,55.31,3185110,sample-prices
CYNT,2024-12-13,54.89,54.99,54.69,54.95,1780518,sample-prices
CYNT,2024-12-16,55.14,55.25,55.13,55.16,2828016,sample-prices
CYNT,2024-12-17,54.47,54.59,54.31,54.37,284496,sample-prices
CYNT,2024-12-18,53.51,53.58,53.34,53.47,1124687,sample-prices
CYNT,2024-12-19,54.52,54.68,53.99,54.35,3404198,sample-prices
CYNT,2024-12-20,53.68,53.78,53.41,53.76,2494053,sample-prices
CYNT,2024-12-23,54.07,54.53,53.95,54.02,1084280,sample-prices
CYNT,2024-12-24,54.74,55.06,54.62,54.89,3407893,sample-prices
CYNT,2024-12-25,55.07,55.34,55.06,55.08,899216,sample-prices
CYNT,2024-12-26,54.31,54.65,54.14,54.38,1359822,sample-prices
CYNT,2024-12-27,54.78,54.96,54.27,54.75,3299065,sample-prices
CYNT,2024-12-30,54.23,54.45,54.07,54.31,1130994,sample-prices
CYNT,2024-12-31,53.94,54.44,53.76,53.92,886234,sample-prices
DRAK,2022-06-01,74.9,75.43,74.14,75.09,702007,sample-prices
DRAK,2022-06-02,77.03,77.15,76.81,76.85,1718477,sample-prices
DRAK,2022-06-03,78.09,78.13,77.7,77.88,3902222,sample-prices
DRAK,2022-06-06,76.87,76.89,76.17,76.71,1679036,sample-prices
DRAK,2022-06-07,76.22,76.29,76.06,76.23,933946,sample-prices
DRAK,2022-06-08,76.73,77.05,76.61,76.72,2217104,sample-prices
DRAK,2022-06-09,76.22,76.64,76.16,76.33,2495859,sample-prices
DRAK,2022-06-10,74.48,75.05,74.4,74.45,3888153,sample-prices
DRAK,2022-06-13,74.89,75.58,74.5,74.82,3384371,sample-prices
DRAK,2022-06-14,73.88,74.22,73.67,73.96,1079088,sample-prices
DRAK,2022-06-15,74.36,74.48,73.81,74.11,1992214,sample-prices
DRAK,2022-06-16,73.63,73.95,73.15,73.72,3109778,sample-prices
DRAK,2022-06-17,74.11,74.47,73.62,74.03,1032029,sample-prices
DRAK,2022-06-20,74.98,75.23,74.64,74.99,1318559,sample-prices
DRAK,2022-06-21,76.47,76.61,76.44,76.59,2958496,sample-prices
DRAK,2022-06-22,77.43,77.69,77.27,77.33,3636686,sample-prices
DRAK,2022-06-23,76.32,76.44,75.52,76.38,3304644,sample-prices
DRAK,2022-06-24,76.58,76.8,76.22,76.53,2475139,sample-prices
DRAK,2022-06-27,76.45,76.76,76.03,76.42,2389880,sample-prices
DRAK,2022-06-28,76.34,76.62,76.06,76.35,3770265,sample-prices
DRAK,2022-06-29,77.15,77.61,76.86,77.36,780760,sample-prices
DRAK,2022-06-30,77.4,77.44,77.3,77.43,819908,sample-prices
DRAK,2022-07-01,76.88,77.17,76.55,76.94,693794,sample-prices
DRAK,2022-07-04,74.48,74.65,74.36,74.51,2711849,sample-prices
DRAK,2022-07-05,74.14,74.47,74.04,74.15,913687,sample-prices
DRAK,2022-07-06,72.38,72.69,72.03,72.43,1331735,sample-prices
DRAK,2022-07-07,71.99,72.81,71.87,72.03,214980,sample-prices
DRAK,2022-07-08,72.54,72.77,72.28,72.62,408716,sample-prices
DRAK,2022-07-11,73.25,73.68,72.95,73.35,1355211,sample-prices
DRAK,2022-07-12,73.06,73.85,72.83,73.33,3688123,sample-prices
DRAK,2022-07-13,73.19,73.26,72.83,73.21,1244460,sample-prices
DRAK,2022-07-14,72.11,72.23,72.02,72.12,3673555,sample-prices
DRAK,2022-07-15,72.02,72.35,71.98,72.22,1705009,sample-prices
DRAK,2022-07-18,74.09,74.37,74.07,74.09,3789194,sample-prices
DRAK,2022-07-19,75.53,75.91,75.04,75.53,958537,sample-prices
DRAK,2022-07-20,74.57,74.59,74.17,74.41,2066568,sample-prices
DRAK,2022-07-21,74.19,74.34,73.83,74.28,2039104,sample-prices
DRAK,2022-07-22,75.22,75.36,75.07,75.14,3540159,sample-prices
DRAK,2022-07-25,74.21,74.91,74.07,74.08,2613593,sample-prices
DRAK,2022-07-26,74.86,75.22,74.64,75.02,3285957,sample-prices
DRAK,2022-07-27,76.94,77.11,76.7,76.82,3621689,sample-prices
DRAK,2022-07-28,77.52,77.77,77.06,77.29,3190578,sample-prices
DRAK,2022-07-29,77.42,77.86,77.28,77.42,2542904,sample-prices
DRAK,2022-08-01,77.85,77.98,77.6,77.78,1036498,sample-prices
DRAK,2022-08-02,78.08,78.29,77.72,78.13,818596,sample-prices
DRAK,2022-08-03,78.24,78.8,77.85,78.08,2578310,sample-prices
DRAK,2022-08-04,78.2,78.31,77.81,78.08,3047835,sample-prices
DRAK,2022-08-05,77.75,78.2,77.7,77.79,705798,sample-prices
DRAK,2022-08-08,77.63,77.79,77.45,77.66,2843345,sample-prices
DRAK,2022-08-09,78.42,78.5,78.25,78.3,1731231,sample-prices
DRAK,2022-08-10,77.77,78.15,77.7,77.9,3836058,sample-prices
DRAK,2022-08-11,78.92,79.35,78.58,78.77,772540,sample-prices
DRAK,2022-08-12,80.13,80.33,79.67,80.19,2314256,sample-prices
DRAK,2022-08-15,79.89,80.12,79.81,79.91,2310480,sample-prices
DRAK,2022-08-16,78.88,79.37,78.85,78.98,477655,sample-prices
DRAK,2022-08-17,80.67,80.69,80.51,80.63,3389341,sample-prices
DRAK,2022-08-18,81.3,81.68,80.74,81.17,862779,sample-prices
DRAK,2022-08-19,80.21,80.35,79.94,80.3,2309493,sample-prices
DRAK,2022-08-22,80.36,80.4,80.07,80.26,2774503,sample-prices
DRAK,2022-08-23,80.31,80.34,79.82,80.27,859041,sample-prices
DRAK,2022-08-24,80.08,80.53,79.83,79.89,1838323,sample-prices
DRAK,2022-08-25,80.13,80.4,79.56,80.25,3951179,sample-prices
DRAK,2022-08-26,79.97,80.74,79.8,80.19,1827839,sample-prices
DRAK,2022-08-29,80.24,80.99,80.21,80.26,1454742,sample-prices
DRAK,2022-08-30,80.45,80.97,79.72,80.33,3523074,sample-prices
DRAK,2022-08-31,81.2,81.35,80.8,81.3,3298516,sample-prices
DRAK,2022-09-01,81.22,81.75,81.21,81.23,938909,sample-prices
DRAK,2022-09-02,80.11,80.64,79.91,80.2,3656973,sample-prices
DRAK,2022-09-05,81.96,82.28,81.63,81.93,2047417,sample-prices
DRAK,2022-09-06,80.22,80.59,79.6,80.41,2546529,sample-prices
DRAK,2022-09-07,80.05,80.65,80.02,80.13,2507594,sample-prices
DRAK,2022-09-08,81.33,81.63,81.17,81.23,3405453,sample-prices
DRAK,2022-09-09,79.56,79.73,79.35,79.5,2281573,sample-prices
DRAK,2022-09-12,79.0,79.25,78.5,78.99,2142701,sample-prices
DRAK,2022-09-13,77.52,77.81,77.4,77.68,3302005,sample-prices
DRAK,2022-09-14,78.31,78.64,78.2,78.3,3485976,sample-prices
DRAK,2022-09-15,78.84,79.22,78.71,78.75,2851898,sample-prices
DRAK,2022-09-16,77.53,77.83,76.8,77.73,3814431,sample-prices
DRAK,2022-09-19,78.39,78.81,78.07,78.46,2567866,sample-prices
DRAK,2022-09-20,76.45,76.8,76.41,76.56,1905087,sample-prices
DRAK,2022-09-21,76.17,76.17,75.74,76.05,3805677,sample-prices
DRAK,2022-09-22,75.35,75.76,75.11,75.56,3564295,sample-prices
DRAK,2022-09-23,74.43,74.67,73.92,74.49,3423408,sample-prices
DRAK,2022-09-26,73.27,73.64,73.04,73.41,511615,sample-prices
DRAK,2022-09-27,73.39,73.67,73.31,73.31,3150314,sample-prices
DRAK,2022-09-28,72.81,72.88,72.71,72.78,1491760,sample-prices
DRAK,2022-09-29,74.07,74.38,73.65,74.04,2744667,sample-prices
DRAK,2022-09-30,74.54,74.91,74.41,74.6,1935360,sample-prices
DRAK,2022-10-03,75.32,75.41,75.21,75.24,2090537,sample-prices
DRAK,2022-10-04,74.63,74.78,74.25,74.59,1791848,sample-prices
DRAK,2022-10-05,74.1,74.53,73.6,74.13,1261656,sample-prices
DRAK,2022-10-06,73.96,74.04,73.77,73.86,2026889,sample-prices
DRAK,2022-10-07,73.68,74.29,73.64,73.78,2173359,sample-prices
DRAK,2022-10-10,74.63,74.75,74.35,74.48,2727276,sample-prices
DRAK,2022-10-11,73.89,74.08,73.74,73.91,1637936,sample-prices
DRAK,2022-10-12,73.49,74.13,72.95,73.51,3153126,sample-prices
DRAK,2022-10-13,73.19,73.34,72.99,73.26,1814184,sample-prices
DRAK,2022-10-14,74.43,74.76,74.04,74.41,2936481,sample-prices
DRAK,2022-10-17,72.75,72.9,72.46,72.7,2042995,sample-prices
DRAK,2022-10-18,70.43,70.67,70.35,70.65,2358468,sample-prices
DRAK,2022-10-19,70.59,70.97,70.47,70.57,1146669,sample-prices
DRAK,2022-10-20,68.38,68.56,68.18,68.33,488149,sample-prices
DRAK,2022-10-21,67.93,68.33,67.82,68.03,1474075,sample-prices
DRAK,2022-10-24,69.58,69.84,69.18,69.8,2917342,sample-prices
DRAK,2022-10-25,69.5,69.73,69.43,69.54,3003468,sample-prices
DRAK,2022-10-26,68.69,68.84,68.63,68.7,1605767,sample-prices
DRAK,2022-10-27,70.25,70.54,69.81,70.17,2324771,sample-prices
DRAK,2022-10-28,70.35,70.43,70.07,70.29,289778,sample-prices
DRAK,2022-10-31,69.66,69.82,69.51,69.57,1305675,sample-prices
DRAK,2022-11-01,69.18,69.52,68.99,69.24,2580914,sample-prices
DRAK,2022-11-02,67.5,67.6,67.03,67.56,472237,sample-prices
DRAK,2022-11-03,66.29,66.57,66.03,66.22,3034256,sample-prices
DRAK,2022-11-04,65.86,66.13,65.53,66.01,1271975,sample-prices
DRAK,2022-11-07,65.55,65.59,65.39,65.56,925786,sample-prices
DRAK,2022-11-08,64.83,65.17,64.5,64.68,2800834,sample-prices
DRAK,2022-11-09,63.81,63.99,63.79,63.91,682241,sample-prices
DRAK,2022-11-10,64.86,65.01,64.56,64.74,1128089,sample-prices
DRAK,2022-11-11,65.21,65.25,65.07,65.18,1119429,sample-prices
DRAK,2022-11-14,65.09,65.26,65.0,65.2,1797942,sample-prices
DRAK,2022-11-15,65.48,65.73,65.03,65.39,2227223,sample-prices
DRAK,2022-11-16,64.72,65.19,64.37,64.74,1685885,sample-prices
DRAK,2022-11-17,64.87,65.04,64.49,64.82,3141985,sample-prices
DRAK,2022-11-18,65.9,66.06,65.84,65.88,3897954,sample-prices
DRAK,2022-11-21,65.73,66.11,65.2,65.63,957063,sample-prices
DRAK,2022-11-22,65.97,66.37,65.85,66.09,1474448,sample-prices
DRAK,2022-11-23,64.69,65.52,64.68,64.71,3117830,sample-prices
DRAK,2022-11-24,63.89,64.11,63.36,63.72,429548,sample-prices
DRAK,2022-11-25,63.44,63.66,63.28,63.33,1891298,sample-prices
DRAK,2022-11-28,63.98,64.14,63.94,63.95,286503,sample-prices
DRAK,2022-11-29,62.83,63.26,62.73,63.05,2513289,sample-prices
DRAK,2022-11-30,63.68,63.82,63.06,63.55,289913,sample-prices
DRAK,2022-12-01,64.14,64.2,63.78,64.11,3309447,sample-prices
DRAK,2022-12-02,62.57,62.63,62.37,62.62,1821504,sample-prices
DRAK,2022-12-05,63.24,63.52,62.9,63.07,2550947,sample-prices
DRAK,2022-12-06,62.09,62.15,61.54,62.02,892141,sample-prices
DRAK,2022-12-07,61.36,61.59,61.3,61.32,3520383,sample-prices
DRAK,2022-12-08,63.26,63.44,63.13,63.26,1678314,sample-prices
DRAK,2022-12-09,63.45,63.71,63.14,63.59,1291003,sample-prices
DRAK,2022-12-12,65.06,65.3,64.66,65.12,3847207,sample-prices
DRAK,2022-12-13,65.45,65.58,65.32,65.35,207640,sample-prices
DRAK,2022-12-14,66.56,66.88,66.29,66.63,3707416,sample-prices
DRAK,2022-12-15,67.71,67.85,67.01,67.59,1367951,sample-prices
DRAK,2022-12-16,69.19,69.24,69.04,69.19,2818940,sample-prices
DRAK,2022-12-19,71.3,71.47,71.22,71.26,3139749,sample-prices
DRAK,2022-12-20,71.6,71.81,71.37,71.7,3668824,sample-prices
DRAK,2022-12-21,72.79,73.07,72.51,72.75,3567142,sample-prices
DRAK,2022-12-22,73.61,73.95,73.28,73.62,1234049,sample-prices
DRAK,2022-12-23,71.08,71.45,70.42,71.41,3166034,sample-prices
DRAK,2022-12-26,70.9,71.32,70.51,70.88,2917266,sample-prices
DRAK,2022-12-27,69.94,70.02,69.87,69.97,892751,sample-prices
DRAK,2022-12-28,69.94,70.25,69.56,69.94,3250732,sample-prices
DRAK,2022-12-29,68.37,68.46,67.79,68.3,341958,sample-prices
DRAK,2022-12-30,66.61,66.76,66.26,66.44,3559316,sample-prices
DRAK,2023-01-02,65.96,66.08,65.82,66.06,1027829,sample-prices
DRAK,2023-01-03,65.57,65.85,65.44,65.7,718107,sample-prices
DRAK,2023-01-04,65.81,65.99,65.63,65.72,3848012,sample-prices
DRAK,2023-01-05,66.23,66.24,66.04,66.08,3340321,sample-prices
DRAK,2023-01-06,67.87,68.28,67.73,67.92,1702636,sample-prices
DRAK,2023-01-09,67.76,68.15,67.27,67.71,2170181,sample-prices
DRAK,2023-01-10,67.67,68.04,67.17,67.93,2323360,sample-prices
DRAK,2023-01-11,68.32,68.78,68.22,68.24,3258200,sample-prices
DRAK,2023-01-12,68.26,68.6,67.97,68.07,1733315,sample-prices
DRAK,2023-01-13,67.28,67.28,67.01,67.16,1405714,sample-prices
DRAK,2023-01-16,66.86,67.05,66.53,66.92,2312180,sample-prices
DRAK,2023-01-17,66.98,67.1,66.91,67.05,1267847,sample-prices
DRAK,2023-01-18,66.46,67.05,65.9,66.47,659087,sample-prices
DRAK,2023-01-19,66.35,66.74,66.25,66.46,3513126,sample-prices
DRAK,2023-01-20,66.2,66.2,65.81,66.0,3959215,sample-prices
DRAK,2023-01-23,65.71,65.94,65.26,65.61,2808582,sample-prices
DRAK,2023-01-24,66.67,67.01,66.42,66.72,2743238,sample-prices
DRAK,2023-01-25,65.07,65.23,64.87,65.09,2300449,sample-prices
DRAK,2023-01-26,66.18,66.37,66.12,66.25,2953344,sample-prices
DRAK,2023-01-27,65.66,66.03,65.27,65.74,3464548,sample-prices
DRAK,2023-01-30,66.34,66.69,66.05,66.32,435042,sample-prices
DRAK,2023-01-31,66.24,66.61,66.06,66.27,1574780,sample-prices
DRAK,2023-02-01,66.35,66.66,66.2,66.29,3873311,sample-prices
DRAK,2023-02-02,65.9,66.28,65.36,65.97,2741724,sample-prices
DRAK,2023-02-03,65.51,66.27,65.27,65.44,895426,sample-prices
DRAK,2023-02-06,64.48,64.66,64.26,64.61,521746,sample-prices
DRAK,2023-02-07,63.66,63.83,63.26,63.7,2162193,sample-prices
DRAK,2023-02-08,63.46,63.9,63.28,63.51,3643927,sample-prices
DRAK,2023-02-09,63.08,63.16,62.94,63.1,2153799,sample-prices
DRAK,2023-02-10,62.63,62.73,62.48,62.5,669080,sample-prices
DRAK,2023-02-13,63.09,63.09,62.61,62.88,251284,sample-prices
DRAK,2023-02-14,62.56,62.76,62.51,62.56,334426,sample-prices
DRAK,2023-02-15,63.64,63.72,63.46,63.72,2310396,sample-prices
DRAK,2023-02-16,63.5,63.54,62.98,63.49,3345035,sample-prices
DRAK,2023-02-17,63.11,63.55,62.93,63.07,3589077,sample-prices
DRAK,2023-02-20,61.15,61.46,60.93,61.16,3835214,sample-prices
DRAK,2023-02-21,61.1,61.17,60.95,61.03,2037723,sample-prices
DRAK,2023-02-22,63.04,63.13,62.88,62.98,2552629,sample-prices
DRAK,2023-02-23,63.55,63.65,63.35,63.54,3161657,sample-prices
DRAK,2023-02-24,62.15,62.58,62.06,62.14,2711010,sample-prices
DRAK,2023-02-27,61.05,61.53,60.53,61.0,1027106,sample-prices
DRAK,2023-02-28,59.31,59.65,59.05,59.28,656521,sample-prices
DRAK,2023-03-01,59.05,59.51,59.03,59.05,1152865,sample-prices
DRAK,2023-03-02,60.29,60.57,60.03,60.19,2541509,sample-prices
DRAK,2023-03-03,61.51,61.52,61.48,61.5,3324416,sample-prices
DRAK,2023-03-06,59.43,59.77,59.05,59.45,3121014,sample-prices
DRAK,2023-03-07,60.84,60.89,60.51,60.76,994341,sample-prices
DRAK,2023-03-08,61.19,61.83,60.94,61.25,2761595,sample-prices
DRAK,2023-03-09,62.29,62.55,61.83,62.13,348023,sample-prices
DRAK,2023-03-10,60.8,60.95,60.76,60.8,3077102,sample-prices
DRAK,2023-03-13,60.57,60.9,60.13,60.66,3445433,sample-prices
DRAK,2023-03-14,61.13,61.37,60.95,61.11,2064506,sample-prices
DRAK,2023-03-15,62.36,62.62,62.23,62.51,3143424,sample-prices
DRAK,2023-03-16,64.23,64.29,63.86,64.03,1071494,sample-prices
DRAK,2023-03-17,63.68,63.8,63.5,63.74,1565035,sample-prices
DRAK,2023-03-20,63.61,63.77,63.39,63.65,719331,sample-prices
DRAK,2023-03-21,64.86,65.11,64.59,64.81,1519602,sample-prices
DRAK,2023-03-22,65.38,65.41,65.34,65.4,437577,sample-prices
DRAK,2023-03-23,65.85,66.15,65.73,65.74,2777476,sample-prices
DRAK,2023-03-24,68.02,68.14,67.55,67.93,492978,sample-prices
DRAK,2023-03-27,67.59,67.99,67.2,67.45,3434969,sample-prices
DRAK,2023-03-28,69.17,69.37,68.5,68.9,821492,sample-prices
DRAK,2023-03-29,68.55,68.71,68.55,68.67,1888957,sample-prices
DRAK,2023-03-30,69.92,69.99,69.67,69.82,3952702,sample-prices
DRAK,2023-03-31,69.82,69.88,69.51,69.82,3893273,sample-prices
DRAK,2023-04-03,68.88,68.98,68.57,68.94,1734183,sample-prices
DRAK,2023-04-04,71.09,71.13,70.69,70.9,3294976,sample-prices
DRAK,2023-04-05,70.93,71.07,70.07,71.05,1141364,sample-prices
DRAK,2023-04-06,70.64,70.85,70.49,70.73,1721773,sample-prices
DRAK,2023-04-07,72.24,72.34,72.01,72.12,3353918,sample-prices
DRAK,2023-04-10,72.36,72.45,71.31,72.2,2213345,sample-prices
DRAK,2023-04-11,71.42,71.73,71.25,71.38,2016888,sample-prices
DRAK,2023-04-12,72.36,72.76,72.28,72.4,452850,sample-prices
DRAK,2023-04-13,71.5,71.93,71.37,71.58,2997184,sample-prices
DRAK,2023-04-14,71.97,72.03,71.52,72.01,2992423,sample-prices
DRAK,2023-04-17,70.74,71.06,70.19,70.71,798550,sample-prices
DRAK,2023-04-18,71.53,71.58,71.26,71.43,1993038,sample-prices
DRAK,2023-04-19,70.96,71.13,70.83,70.87,2584621,sample-prices
DRAK,2023-04-20,71.14,71.39,70.99,71.0,1233151,sample-prices
DRAK,2023-04-21,70.45,70.59,70.3,70.52,3848312,sample-prices
DRAK,2023-04-24,69.29,69.41,69.04,69.35,1964357,sample-prices
DRAK,2023-04-25,68.91,69.0,68.81,68.99,1943703,sample-prices
DRAK,2023-04-26,68.26,68.41,68.05,68.28,1780628,sample-prices
DRAK,2023-04-27,67.24,67.64,67.15,67.28,1926593,sample-prices
DRAK,2023-04-28,67.81,68.03,67.23,67.95,3839999,sample-prices
DRAK,2023-05-01,68.11,68.25,67.65,68.13,3189027,sample-prices
DRAK,2023-05-02,68.09,68.54,68.06,68.16,487066,sample-prices
DRAK,2023-05-03,67.99,68.37,67.85,68.08,914240,sample-prices
DRAK,2023-05-04,68.58,68.78,68.25,68.74,1643725,sample-prices
DRAK,2023-05-05,70.73,70.76,69.72,70.63,3779841,sample-prices
DRAK,2023-05-08,71.34,71.78,71.15,71.21,1180732,sample-prices
DRAK,2023-05-09,71.4,71.49,71.08,71.4,481764,sample-prices
DRAK,2023-05-10,70.83,71.06,70.37,70.79,1834051,sample-prices
DRAK,2023-05-11,70.46,70.87,70.34,70.4,1106160,sample-prices
DRAK,2023-05-12,69.46,69.64,69.37,69.55,1791350,sample-prices
DRAK,2023-05-15,68.8,68.96,68.54,68.75,3195948,sample-prices
DRAK,2023-05-16,68.26,68.73,67.94,68.57,3337040,sample-prices
DRAK,2023-05-17,68.17,68.24,68.01,68.23,1047260,sample-prices
DRAK,2023-05-18,68.17,68.28,68.04,68.16,3110425,sample-prices
DRAK,2023-05-19,67.36,67.45,66.97,67.36,1560499,sample-prices
DRAK,2023-05-22,67.58,67.84,67.42,67.5,3073821,sample-prices
DRAK,2023-05-23,69.66,69.98,69.23,69.69,780915,sample-prices
DRAK,2023-05-24,71.71,71.98,71.31,71.52,3129178,sample-prices
DRAK,2023-05-25,72.28,72.99,71.65,72.42,2173162,sample-prices
DRAK,2023-05-26,72.33,72.39,72.15,72.29,1721135,sample-prices
DRAK,2023-05-29,72.01,72.67,71.91,72.0,2840803,sample-prices
DRAK,2023-05-30,71.83,72.02,71.55,71.87,3225095,sample-prices
DRAK,2023-05-31,71.07,71.49,71.05,71.1,2529205,sample-prices
DRAK,2023-06-01,70.81,71.47,70.62,70.86,843079,sample-prices
DRAK,2023-06-02,71.02,71.22,70.69,71.11,667564,sample-prices
DRAK,2023-06-05,71.11,71.21,70.88,70.99,3910024,sample-prices
DRAK,2023-06-06,70.87,71.24,70.73,70.9,3471494,sample-prices
DRAK,2023-06-07,70.25,70.58,70.19,70.23,996126,sample-prices
DRAK,2023-06-08,69.6,70.41,69.39,69.77,426086,sample-prices
DRAK,2023-06-09,71.19,71.38,70.93,71.09,1471297,sample-prices
DRAK,2023-06-12,72.28,72.51,72.0,72.1,1825918,sample-prices
DRAK,2023-06-13,73.39,73.53,73.35,73.42,333225,sample-prices
DRAK,2023-06-14,71.64,72.05,71.48,71.76,3468465,sample-prices
DRAK,2023-06-15,72.01,72.74,71.56,72.19,1331142,sample-prices
DRAK,2023-06-16,71.68,71.75,71.47,71.54,3425695,sample-prices
DRAK,2023-06-19,70.13,70.6,69.91,70.28,3049903,sample-prices
DRAK,2023-06-20,70.78,71.42,70.65,71.06,2454004,sample-prices
DRAK,2023-06-21,72.0,72.37,71.72,72.06,327419,sample-prices
DRAK,2023-06-22,71.67,71.79,71.29,71.74,2724660,sample-prices
DRAK,2023-06-23,70.88,71.59,70.78,71.15,2400306,sample-prices
DRAK,2023-06-26,69.79,69.98,69.29,69.92,1024869,sample-prices
DRAK,2023-06-27,71.17,71.27,70.95,71.1,3783134,sample-prices
DRAK,2023-06-28,69.93,70.38,69.6,69.85,1646511,sample-prices
DRAK,2023-06-29,70.05,70.53,69.77,70.07,3195332,sample-prices
DRAK,2023-06-30,71.09,71.35,71.06,71.07,584340,sample-prices
DRAK,2023-07-03,69.0,69.11,68.91,68.99,507041,sample-prices
DRAK,2023-07-04,68.04,68.1,67.91,67.99,3458532,sample-prices
DRAK,2023-07-05,69.09,69.49,68.77,69.19,3775519,sample-prices
DRAK,2023-07-06,69.39,69.79,68.85,69.45,2760801,sample-prices
DRAK,2023-07-07,69.56,69.86,69.48,69.51,1001479,sample-prices
DRAK,2023-07-10,69.39,69.53,69.25,69.51,1068100,sample-prices
DRAK,2023-07-11,67.48,67.8,67.13,67.55,2107816,sample-prices
DRAK,2023-07-12,67.4,67.79,67.15,67.62,490742,sample-prices
DRAK,2023-07-13,66.89,67.12,66.61,66.74,2396338,sample-prices
DRAK,2023-07-14,67.71,68.11,67.4,67.85,1803346,sample-prices
DRAK,2023-07-17,67.01,67.12,66.87,66.91,1701774,sample-prices
DRAK,2023-07-18,66.03,66.18,66.01,66.12,3977639,sample-prices
DRAK,2023-07-19,66.75,67.05,66.7,66.8,1431683,sample-prices
DRAK,2023-07-20,68.06,68.16,67.94,68.08,1933921,sample-prices
DRAK,2023-07-21,68.15,68.61,67.86,68.32,1163541,sample-prices
DRAK,2023-07-24,66.11,66.26,65.84,66.08,2126775,sample-prices
DRAK,2023-07-25,65.69,66.2,65.37,65.59,1610666,sample-prices
DRAK,2023-07-26,66.22,66.44,65.76,66.16,1220976,sample-prices
DRAK,2023-07-27,65.37,65.5,65.11,65.34,3956986,sample-prices
DRAK,2023-07-28,64.25,64.73,64.1,64.19,2981918,sample-prices
DRAK,2023-07-31,64.29,64.3,63.86,64.18,2964866,sample-prices
DRAK,2023-08-01,63.74,63.94,63.54,63.66,1821819,sample-prices
DRAK,2023-08-02,61.28,61.71,60.97,61.37,2977009,sample-prices
DRAK,2023-08-03,62.19,62.76,62.05,62.26,3402205,sample-prices
DRAK,2023-08-04,63.77,64.05,63.51,63.85,1119977,sample-prices
DRAK,2023-08-07,63.3,63.72,63.16,63.36,1369140,sample-prices
DRAK,2023-08-08,63.45,63.86,63.44,63.56,1277941,sample-prices
DRAK,2023-08-09,62.0,62.41,61.49,62.1,3864598,sample-prices
DRAK,2023-08-10,61.31,61.51,60.9,61.4,1728313,sample-prices
DRAK,2023-08-11,61.5,61.56,61.36,61.46,1303727,sample-prices
DRAK,2023-08-14,61.35,62.03,61.12,61.34,2954462,sample-prices
DRAK,2023-08-15,61.8,61.99,61.46,61.88,2562508,sample-prices
DRAK,2023-08-16,60.89,61.13,60.74,60.86,3706648,sample-prices
DRAK,2023-08-17,60.94,61.06,60.72,60.92,2000266,sample-prices
DRAK,2023-08-18,62.36,62.4,61.96,62.37,2990795,sample-prices
DRAK,2023-08-21,61.92,61.95,61.67,61.88,1632873,sample-prices
DRAK,2023-08-22,60.85,61.3,60.65,60.85,299374,sample-prices
DRAK,2023-08-23,62.26,62.58,62.1,62.23,3804695,sample-prices
DRAK,2023-08-24,63.78,63.8,63.55,63.78,512731,sample-prices
DRAK,2023-08-25,64.0,64.01,63.78,63.88,3136902,sample-prices
DRAK,2023-08-28,63.3,63.65,63.03,63.38,626399,sample-prices
DRAK,2023-08-29,63.45,63.53,63.35,63.5,1493389,sample-prices
DRAK,2023-08-30,63.1,63.25,62.75,62.98,2893733,sample-prices
DRAK,2023-08-31,62.87,63.18,62.49,62.97,2521071,sample-prices
DRAK,2023-09-01,63.74,64.08,63.34,63.65,3764284,sample-prices
DRAK,2023-09-04,64.28,64.47,64.04,64.23,2952550,sample-prices
DRAK,2023-09-05,65.22,65.27,65.0,65.08,474237,sample-prices
DRAK,2023-09-06,63.66,64.08,63.55,63.79,2843057,sample-prices
DRAK,2023-09-07,64.16,64.55,63.95,64.22,2021227,sample-prices
DRAK,2023-09-08,64.55,64.73,64.5,64.58,1214370,sample-prices
DRAK,2023-09-11,64.81,65.0,64.78,64.79,2592087,sample-prices
DRAK,2023-09-12,64.17,64.24,63.87,63.92,2232139,sample-prices
DRAK,2023-09-13,64.23,64.27,64.23,64.27,985963,sample-prices
DRAK,2023-09-14,64.8,65.42,64.59,64.96,1597389,sample-prices
DRAK,2023-09-15,64.29,64.66,63.93,64.46,3930744,sample-prices
DRAK,2023-09-18,65.21,65.52,64.84,65.11,3982436,sample-prices
DRAK,2023-09-19,65.21,65.56,64.93,65.3,3760916,sample-prices
DRAK,2023-09-20,65.57,65.58,65.45,65.47,347037,sample-prices
DRAK,2023-09-21,65.28,65.57,65.12,65.39,2895300,sample-prices
DRAK,2023-09-22,65.92,66.17,65.74,66.02,2556794,sample-prices
DRAK,2023-09-25,64.44,64.95,64.19,64.47,981667,sample-prices
DRAK,2023-09-26,65.02,65.1,64.8,64.91,3224438,sample-prices
DRAK,2023-09-27,65.18,65.21,64.83,65.17,2140437,sample-prices
DRAK,2023-09-28,65.37,65.55,65.31,65.47,584583,sample-prices
DRAK,2023-09-29,64.59,64.95,64.5,64.77,201024,sample-prices
DRAK,2023-10-02,65.73,65.96,65.59,65.62,2505501,sample-prices
DRAK,2023-10-03,64.2,64.24,64.03,64.14,3381436,sample-prices
DRAK,2023-10-04,62.36,62.89,62.24,62.63,3936418,sample-prices
DRAK,2023-10-05,62.55,63.02,62.47,62.67,1940480,sample-prices
DRAK,2023-10-06,62.52,62.72,62.33,62.56,3042399,sample-prices
DRAK,2023-10-09,62.59,62.64,62.54,62.58,863785,sample-prices
DRAK,2023-10-10,61.79,61.95,61.28,61.86,3603380,sample-prices
DRAK,2023-10-11,60.0,60.06,59.93,60.04,3244271,sample-prices
DRAK,2023-10-12,58.99,59.2,58.56,59.01,1839268,sample-prices
DRAK,2023-10-13,60.19,60.22,60.18,60.2,943696,sample-prices
DRAK,2023-10-16,59.48,59.53,59.38,59.4,3110476,sample-prices
DRAK,2023-10-17,57.26,57.69,57.12,57.25,3624049,sample-prices
DRAK,2023-10-18,58.02,58.15,57.52,57.86,1324209,sample-prices
DRAK,2023-10-19,58.53,58.97,58.26,58.43,881618,sample-prices
DRAK,2023-10-20,58.52,58.58,58.47,58.52,480975,sample-prices
DRAK,2023-10-23,57.63,57.88,57.33,57.49,2304982,sample-prices
DRAK,2023-10-24,56.87,57.09,56.74,56.94,1342494,sample-prices
DRAK,2023-10-25,56.91,57.25,56.38,56.91,839970,sample-prices
DRAK,2023-10-26,58.4,58.6,57.95,58.45,747940,sample-prices
DRAK,2023-10-27,57.48,57.76,57.37,57.46,1250144,sample-prices
DRAK,2023-10-30,57.06,57.65,56.99,57.06,3965693,sample-prices
DRAK,2023-10-31,56.83,57.29,56.7,56.95,3053225,sample-prices
DRAK,2023-11-01,57.01,57.31,56.44,57.01,3595947,sample-prices
DRAK,2023-11-02,57.92,58.31,57.76,57.82,1526536,sample-prices
DRAK,2023-11-03,59.0,59.09,58.56,58.99,1908264,sample-prices
DRAK,2023-11-06,58.8,59.32,58.76,58.94,2452067,sample-prices
DRAK,2023-11-07,58.75,58.79,58.52,58.74,939840,sample-prices
DRAK,2023-11-08,59.09,59.2,58.81,59.1,3882080,sample-prices
DRAK,2023-11-09,60.34,60.53,60.12,60.25,2395992,sample-prices
DRAK,2023-11-10,60.36,60.76,60.32,60.42,2522104,sample-prices
DRAK,2023-11-13,59.67,59.73,59.42,59.68,2249144,sample-prices
DRAK,2023-11-14,59.03,59.28,58.77,59.08,3111862,sample-prices
DRAK,2023-11-15,59.19,59.5,58.87,59.19,3653083,sample-prices
DRAK,2023-11-16,58.07,58.13,57.91,58.02,2335536,sample-prices
DRAK,2023-11-17,57.56,57.67,57.23,57.43,839698,sample-prices
DRAK,2023-11-20,55.81,56.02,55.7,55.95,3887683,sample-prices
DRAK,2023-11-21,56.15,56.16,55.98,56.05,3980764,sample-prices
DRAK,2023-11-22,55.95,56.2,55.81,55.96,3462151,sample-prices
DRAK,2023-11-23,54.99,55.04,54.66,54.99,3567408,sample-prices
DRAK,2023-11-24,54.96,55.52,54.87,54.96,1191851,sample-prices
DRAK,2023-11-27,56.27,56.28,56.03,56.25,1689931,sample-prices
DRAK,2023-11-28,57.02,57.22,56.92,57.12,3580902,sample-prices
DRAK,2023-11-29,56.93,56.99,56.54,56.82,1783520,sample-prices
DRAK,2023-11-30,57.46,57.58,57.27,57.5,959310,sample-prices
DRAK,2023-12-01,55.68,55.7,55.55,55.62,1831834,sample-prices
DRAK,2023-12-04,55.42,55.59,55.12,55.55,2536568,sample-prices
DRAK,2023-12-05,56.28,56.46,55.86,56.19,1687028,sample-prices
DRAK,2023-12-06,56.28,56.57,55.96,56.32,321654,sample-prices
DRAK,2023-12-07,55.54,55.69,55.24,55.44,2160772,sample-prices
DRAK,2023-12-08,55.82,55.88,55.6,55.88,2821607,sample-prices
DRAK,2023-12-11,55.89,56.26,55.78,55.87,3106417,sample-prices
DRAK,2023-12-12,56.39,56.52,56.27,56.31,3599801,sample-prices
DRAK,2023-12-13,56.17,56.24,56.05,56.15,948708,sample-prices
DRAK,2023-12-14,56.43,56.89,56.1,56.29,352555,sample-prices
DRAK,2023-12-15,54.74,54.92,54.73,54.85,2917993,sample-prices
DRAK,2023-12-18,54.62,55.01,54.15,54.75,631566,sample-prices
DRAK,2023-12-19,55.35,55.54,55.32,55.33,1971908,sample-prices
DRAK,2023-12-20,56.02,56.15,55.77,56.05,3684947,sample-prices
DRAK,2023-12-21,54.76,54.89,54.75,54.78,1463826,sample-prices
DRAK,2023-12-22,55.74,56.05,55.71,55.8,2329501,sample-prices
DRAK,2023-12-25,55.85,55.98,55.77,55.85,2569794,sample-prices
DRAK,2023-12-26,54.26,54.33,53.91,54.28,3002843,sample-prices
DRAK,2023-12-27,52.99,53.07,52.97,53.02,1653809,sample-prices
DRAK,2023-12-28,53.33,53.5,53.33,53.33,1503278,sample-prices
DRAK,2023-12-29,51.78,51.84,51.73,51.76,2587210,sample-prices
DRAK,2024-01-01,52.47,52.54,52.38,52.48,437126,sample-prices
DRAK,2024-01-02,52.42,52.6,52.31,52.48,2763803,sample-prices
DRAK,2024-01-03,52.47,52.71,52.29,52.61,1489053,sample-prices
DRAK,2024-01-04,53.73,53.84,53.26,53.67,2160142,sample-prices
DRAK,2024-01-05,54.0,54.01,53.67,54.0,759066,sample-prices
DRAK,2024-01-08,53.15,53.32,52.99,53.1,2100788,sample-prices
DRAK,2024-01-09,52.83,52.96,52.51,52.84,619316,sample-prices
DRAK,2024-01-10,53.03,53.07,52.68,52.81,3108316,sample-prices
DRAK,2024-01-11,52.16,52.23,51.89,52.06,1993093,sample-prices
DRAK,2024-01-12,52.76,52.76,52.67,52.71,2207345,sample-prices
DRAK,2024-01-15,52.81,52.9,52.55,52.78,3423921,sample-prices
DRAK,2024-01-16,52.45,52.62,52.07,52.46,216008,sample-prices
DRAK,2024-01-17,51.6,51.92,51.27,51.53,894627,sample-prices
DRAK,2024-01-18,51.66,51.75,51.39,51.68,2127554,sample-prices
DRAK,2024-01-19,51.42,51.47,51.19,51.44,1709011,sample-prices
DRAK,2024-01-22,50.47,50.56,50.44,50.5,1892706,sample-prices
DRAK,2024-01-23,49.92,50.27,49.86,49.99,2503908,sample-prices
DRAK,2024-01-24,49.67,49.81,49.52,49.77,2587522,sample-prices
DRAK,2024-01-25,49.59,49.72,49.29,49.52,3609706,sample-prices
DRAK,2024-01-26,49.25,49.78,49.02,49.26,2590322,sample-prices
DRAK,2024-01-29,48.44,48.78,48.4,48.41,2480822,sample-prices
DRAK,2024-01-30,48.6,48.75,48.39,48.6,1905148,sample-prices
DRAK,2024-01-31,49.33,49.4,48.71,49.27,241422,sample-prices
DRAK,2024-02-01,49.85,50.0,49.69,49.78,2036243,sample-prices
DRAK,2024-02-02,50.25,50.73,50.21,50.4,262214,sample-prices
DRAK,2024-02-05,49.16,49.27,49.02,49.14,594122,sample-prices
DRAK,2024-02-06,48.97,49.18,48.93,48.95,1297680,sample-prices
DRAK,2024-02-07,49.31,49.34,48.99,49.24,2630739,sample-prices
DRAK,2024-02-08,49.39,49.71,48.61,49.19,2546359,sample-prices
DRAK,2024-02-09,49.27,49.37,49.22,49.28,3544005,sample-prices
DRAK,2024-02-12,50.41,50.73,50.39,50.49,863024,sample-prices
DRAK,2024-02-13,51.81,52.05,51.7,51.93,1954591,sample-prices
DRAK,2024-02-14,53.65,54.17,53.52,53.7,1367039,sample-prices
DRAK,2024-02-15,53.94,54.24,53.72,53.76,2219240,sample-prices
DRAK,2024-02-16,53.79,53.87,53.52,53.66,1189428,sample-prices
DRAK,2024-02-19,53.21,53.3,53.06,53.25,3617813,sample-prices
DRAK,2024-02-20,53.15,53.6,53.11,53.25,2265600,sample-prices
DRAK,2024-02-21,53.5,53.62,53.21,53.54,1167029,sample-prices
DRAK,2024-02-22,53.41,53.62,53.24,53.41,2990675,sample-prices
DRAK,2024-02-23,53.65,53.79,53.65,53.76,3053157,sample-prices
DRAK,2024-02-26,54.32,54.42,54.02,54.41,2270138,sample-prices
DRAK,2024-02-27,54.93,55.19,54.72,54.82,1623654,sample-prices
DRAK,2024-02-28,53.72,53.89,53.33,53.7,2246443,sample-prices
DRAK,2024-02-29,54.21,54.3,54.14,54.19,2205188,sample-prices
DRAK,2024-03-01,54.23,54.29,54.17,54.19,3750782,sample-prices
DRAK,2024-03-04,53.69,53.72,53.64,53.69,3870632,sample-prices
DRAK,2024-03-05,54.27,54.38,54.22,54.25,3924654,sample-prices
DRAK,2024-03-06,55.22,55.27,54.73,55.17,1096026,sample-prices
DRAK,2024-03-07,56.22,56.45,56.04,56.21,673056,sample-prices
DRAK,2024-03-08,57.01,57.53,56.97,57.01,3902108,sample-prices
DRAK,2024-03-11,57.42,57.63,57.39,57.46,1951399,sample-prices
DRAK,2024-03-12,56.43,56.49,56.16,56.32,1841206,sample-prices
DRAK,2024-03-13,55.82,56.11,55.72,55.75,1886217,sample-prices
DRAK,2024-03-14,54.83,55.06,54.83,54.92,3378302,sample-prices
DRAK,2024-03-15,55.22,55.3,55.02,55.28,3106469,sample-prices
DRAK,2024-03-18,55.25,55.57,55.2,55.33,1539861,sample-prices
DRAK,2024-03-19,54.29,54.68,54.1,54.39,830642,sample-prices
DRAK,2024-03-20,53.56,53.62,53.19,53.51,2985611,sample-prices
DRAK,2024-03-21,53.89,54.11,53.76,53.86,1569109,sample-prices
DRAK,2024-03-22,55.55,55.73,55.34,55.52,1996406,sample-prices
DRAK,2024-03-25,57.33,57.47,57.23,57.35,3499573,sample-prices
DRAK,2024-03-26,56.43,56.44,56.02,56.43,3546213,sample-prices
DRAK,2024-03-27,55.44,55.75,55.39,55.47,1641810,sample-prices
DRAK,2024-03-28,54.93,55.41,54.79,55.01,1685097,sample-prices
DRAK,2024-03-29,54.35,54.52,54.23,54.34,2553447,sample-prices
DRAK,2024-04-01,53.77,54.04,53.76,53.82,2876169,sample-prices
DRAK,2024-04-02,54.41,54.55,54.38,54.4,2037683,sample-prices
DRAK,2024-04-03,53.96,54.19,53.79,53.99,3040300,sample-prices
DRAK,2024-04-04,53.26,53.49,52.98,53.18,1270260,sample-prices
DRAK,2024-04-05,53.22,53.25,53.13,53.15,2731122,sample-prices
DRAK,2024-04-08,53.63,53.97,53.63,53.68,398352,sample-prices
DRAK,2024-04-09,52.82,52.91,52.52,52.72,1990959,sample-prices
DRAK,2024-04-10,52.27,52.47,52.08,52.33,305534,sample-prices
DRAK,2024-04-11,52.94,53.03,52.83,53.01,515366,sample-prices
DRAK,2024-04-12,53.89,53.97,53.62,53.74,511997,sample-prices
DRAK,2024-04-15,54.25,54.45,54.18,54.26,1631847,sample-prices
DRAK,2024-04-16,54.06,54.35,54.04,54.13,2126104,sample-prices
DRAK,2024-04-17,54.4,54.83,54.21,54.56,1222156,sample-prices
DRAK,2024-04-18,54.14,54.39,53.86,54.19,3951555,sample-prices
DRAK,2024-04-19,54.27,54.29,53.87,54.25,1962699,sample-prices
DRAK,2024-04-22,53.22,53.38,52.69,53.19,1527657,sample-prices
DRAK,2024-04-23,54.85,55.08,54.59,54.9,1258645,sample-prices
DRAK,2024-04-24,55.46,55.84,55.29,55.45,1793282,sample-prices
DRAK,2024-04-25,55.48,55.51,54.97,55.45,1987002,sample-prices
DRAK,2024-04-26,54.74,54.77,54.24,54.61,3169114,sample-prices
DRAK,2024-04-29,54.56,54.62,54.29,54.59,3836145,sample-prices
DRAK,2024-04-30,55.05,55.2,54.77,54.95,3731821,sample-prices
DRAK,2024-05-01,54.84,55.07,54.58,54.86,3068731,sample-prices
DRAK,2024-05-02,54.5,54.5,54.24,54.38,3336592,sample-prices
DRAK,2024-05-03,54.07,54.48,53.98,54.04,802153,sample-prices
DRAK,2024-05-06,54.42,54.48,54.32,54.36,1446577,sample-prices
DRAK,2024-05-07,54.43,54.6,54.39,54.54,2419259,sample-prices
DRAK,2024-05-08,54.59,54.75,54.18,54.48,3193766,sample-prices
DRAK,2024-05-09,53.31,53.66,53.28,53.47,3820285,sample-prices
DRAK,2024-05-10,53.85,54.18,53.59,53.88,2383420,sample-prices
DRAK,2024-05-13,53.31,53.41,53.25,53.28,2162352,sample-prices
DRAK,2024-05-14,52.9,53.0,52.79,52.87,966541,sample-prices
DRAK,2024-05-15,52.61,52.94,52.58,52.81,707293,sample-prices
DRAK,2024-05-16,53.72,53.89,53.49,53.83,1701146,sample-prices
DRAK,2024-05-17,52.4,52.58,52.27,52.47,1042632,sample-prices
DRAK,2024-05-20,51.05,51.25,50.84,50.98,971610,sample-prices
DRAK,2024-05-21,50.03,50.17,49.99,50.04,1783141,sample-prices
DRAK,2024-05-22,49.76,49.91,49.52,49.79,332922,sample-prices
DRAK,2024-05-23,50.75,51.18,50.61,50.81,2691441,sample-prices
DRAK,2024-05-24,50.33,50.71,50.15,50.35,2632624,sample-prices
DRAK,2024-05-27,50.64,50.69,50.39,50.67,3029672,sample-prices
DRAK,2024-05-28,49.76,50.0,49.74,49.88,463153,sample-prices
DRAK,2024-05-29,50.52,50.56,50.38,50.52,3265885,sample-prices
DRAK,2024-05-30,51.23,51.37,50.92,51.13,1795121,sample-prices
DRAK,2024-05-31,49.89,50.08,49.6,50.02,1652111,sample-prices
DRAK,2024-06-03,49.86,50.29,49.76,49.85,1731036,sample-prices
DRAK,2024-06-04,49.19,49.23,48.97,49.18,2150246,sample-prices
DRAK,2024-06-05,49.08,49.13,48.83,49.0,2834416,sample-prices
DRAK,2024-06-06,49.25,49.45,49.12,49.34,295568,sample-prices
DRAK,2024-06-07,50.07,50.23,49.77,50.11,2641261,sample-prices
DRAK,2024-06-10,51.35,51.49,50.94,51.22,3469141,sample-prices
DRAK,2024-06-11,50.31,50.4,50.27,50.37,844523,sample-prices
DRAK,2024-06-12,50.69,50.79,50.29,50.75,981426,sample-prices
DRAK,2024-06-13,50.2,50.5,50.07,50.27,867422,sample-prices
DRAK,2024-06-14,50.55,50.74,50.49,50.58,697018,sample-prices
DRAK,2024-06-17,52.1,52.12,51.91,52.05,1886547,sample-prices
DRAK,2024-06-18,52.61,52.71,52.3,52.56,3305902,sample-prices
DRAK,2024-06-19,52.83,52.89,52.73,52.76,2318295,sample-prices
DRAK,2024-06-20,54.25,54.36,54.09,54.18,2290509,sample-prices
DRAK,2024-06-21,54.03,54.1,53.71,53.97,2579170,sample-prices
DRAK,2024-06-24,54.11,54.44,54.09,54.21,3114660,sample-prices
DRAK,2024-06-25,55.92,56.08,55.86,55.97,2716886,sample-prices
DRAK,2024-06-26,55.88,56.0,55.51,55.92,3157250,sample-prices
DRAK,2024-06-27,55.77,55.78,55.45,55.69,2017284,sample-prices
DRAK,2024-06-28,56.07,56.23,55.74,56.13,2322500,sample-prices
DRAK,2024-07-01,56.02,56.4,55.88,56.0,1040433,sample-prices
DRAK,2024-07-02,55.26,55.46,55.21,55.28,3698611,sample-prices
DRAK,2024-07-03,55.63,55.8,55.27,55.64,3593383,sample-prices
DRAK,2024-07-04,55.22,55.28,55.13,55.15,3821604,sample-prices
DRAK,2024-07-05,55.26,55.36,55.01,55.24,1870290,sample-prices
DRAK,2024-07-08,54.67,54.69,54.29,54.53,3511896,sample-prices
DRAK,2024-07-09,55.09,55.17,54.97,55.13,2611080,sample-prices
DRAK,2024-07-10,55.0,55.01,54.28,54.93,684660,sample-prices
DRAK,2024-07-11,55.25,55.46,55.0,55.27,2138085,sample-prices
DRAK,2024-07-12,54.87,55.08,54.75,54.93,882102,sample-prices
DRAK,2024-07-15,56.29,56.55,56.14,56.22,1031967,sample-prices
DRAK,2024-07-16,55.84,55.93,55.68,55.83,1135724,sample-prices
DRAK,2024-07-17,56.07,56.32,55.99,56.0,3365667,sample-prices
DRAK,2024-07-18,55.06,55.2,55.01,55.18,1116172,sample-prices
DRAK,2024-07-19,54.87,54.96,54.79,54.85,943617,sample-prices
DRAK,2024-07-22,54.47,54.82,54.38,54.44,648266,sample-prices
DRAK,2024-07-23,54.85,54.89,54.52,54.77,2033342,sample-prices
DRAK,2024-07-24,55.8,56.33,55.63,55.77,596220,sample-prices
DRAK,2024-07-25,56.67,56.97,56.53,56.6,2370714,sample-prices
DRAK,2024-07-26,57.78,57.91,57.29,57.88,1921198,sample-prices
DRAK,2024-07-29,57.75,57.87,57.08,57.82,301281,sample-prices
DRAK,2024-07-30,56.02,56.2,55.9,55.97,1120807,sample-prices
DRAK,2024-07-31,55.17,55.46,54.92,55.14,2308416,sample-prices
DRAK,2024-08-01,55.17,55.4,55.15,55.23,284333,sample-prices
DRAK,2024-08-02,55.68,56.04,55.52,55.68,2109650,sample-prices
DRAK,2024-08-05,55.49,55.66,55.01,55.44,2608898,sample-prices
DRAK,2024-08-06,54.56,54.58,54.3,54.42,3888291,sample-prices
DRAK,2024-08-07,55.01,55.2,54.6,55.07,492565,sample-prices
DRAK,2024-08-08,55.19,55.28,54.92,55.02,1537123,sample-prices
DRAK,2024-08-09,54.21,54.46,54.16,54.37,1427588,sample-prices
DRAK,2024-08-12,53.26,53.3,53.06,53.2,1902379,sample-prices
DRAK,2024-08-13,52.92,53.07,52.89,52.92,1214503,sample-prices
DRAK,2024-08-14,52.96,53.11,52.83,53.05,3298632,sample-prices
DRAK,2024-08-15,53.57,53.78,53.32,53.52,1342133,sample-prices
DRAK,2024-08-16,53.31,53.35,53.14,53.2,3555828,sample-prices
DRAK,2024-08-19,52.06,52.16,51.67,51.88,2057612,sample-prices
DRAK,2024-08-20,51.01,51.2,50.48,51.03,3247043,sample-prices
DRAK,2024-08-21,50.91,51.06,50.7,50.94,329480,sample-prices
DRAK,2024-08-22,49.69,49.83,49.43,49.78,711758,sample-prices
DRAK,2024-08-23,49.85,50.11,49.54,49.85,3663246,sample-prices
DRAK,2024-08-26,50.28,50.48,50.12,50.3,1808401,sample-prices
DRAK,2024-08-27,50.05,50.38,49.94,50.13,1642178,sample-prices
DRAK,2024-08-28,50.63,50.75,50.25,50.69,3838883,sample-prices
DRAK,2024-08-29,51.03,51.05,50.93,50.98,1816597,sample-prices
DRAK,2024-08-30,50.27,50.69,50.12,50.15,3375397,sample-prices
DRAK,2024-09-02,49.92,50.15,49.87,50.01,1081420,sample-prices
DRAK,2024-09-03,50.61,50.81,50.43,50.63,2476508,sample-prices
DRAK,2024-09-04,51.35,51.77,51.12,51.39,627612,sample-prices
DRAK,2024-09-05,52.48,52.5,52.04,52.43,2932792,sample-prices
DRAK,2024-09-06,52.36,52.49,52.31,52.37,652851,sample-prices
DRAK,2024-09-09,52.15,52.63,51.92,52.27,2125309,sample-prices
DRAK,2024-09-10,53.07,53.5,52.99,53.13,1979291,sample-prices
DRAK,2024-09-11,53.3,53.6,53.01,53.2,434363,sample-prices
DRAK,2024-09-12,52.58,52.61,52.51,52.59,768312,sample-prices
DRAK,2024-09-13,50.93,51.12,50.89,50.97,464667,sample-prices
DRAK,2024-09-16,50.46,50.79,50.23,50.51,2296042,sample-prices
DRAK,2024-09-17,50.46,50.51,50.31,50.45,730257,sample-prices
DRAK,2024-09-18,50.1,50.21,50.01,50.14,423072,sample-prices
DRAK,2024-09-19,51.56,51.95,51.3,51.54,2951612,sample-prices
DRAK,2024-09-20,53.07,53.18,52.8,52.96,3170456,sample-prices
DRAK,2024-09-23,52.34,52.49,52.11,52.34,1899909,sample-prices
DRAK,2024-09-24,53.06,53.14,52.53,52.87,1554744,sample-prices
DRAK,2024-09-25,52.73,52.74,52.58,52.61,1947152,sample-prices
DRAK,2024-09-26,52.97,53.14,52.95,53.04,2235429,sample-prices
DRAK,2024-09-27,53.59,53.68,53.25,53.56,759550,sample-prices
DRAK,2024-09-30,56.14,56.44,55.86,56.02,1581243,sample-prices
DRAK,2024-10-01,55.05,55.41,54.92,55.12,3987237,sample-prices
DRAK,2024-10-02,55.42,55.57,55.26,55.5,445204,sample-prices
DRAK,2024-10-03,54.76,54.85,54.67,54.76,867784,sample-prices
DRAK,2024-10-04,54.4,54.69,54.06,54.45,1664149,sample-prices
DRAK,2024-10-07,54.2,54.5,54.07,54.13,1964270,sample-prices
DRAK,2024-10-08,52.96,53.33,52.85,52.98,3236524,sample-prices
DRAK,2024-10-09,52.85,53.01,52.65,52.8,1364284,sample-prices
DRAK,2024-10-10,52.67,52.71,52.55,52.71,2862492,sample-prices
DRAK,2024-10-11,52.71,52.9,52.67,52.8,1928792,sample-prices
DRAK,2024-10-14,53.28,53.33,53.12,53.29,1143601,sample-prices
DRAK,2024-10-15,53.64,53.7,53.33,53.55,2020123,sample-prices
DRAK,2024-10-16,53.91,54.18,53.72,53.88,3570137,sample-prices
DRAK,2024-10-17,53.8,53.86,53.64,53.85,2192431,sample-prices
DRAK,2024-10-18,53.05,53.59,52.91,53.17,1351842,sample-prices
DRAK,2024-10-21,55.11,55.12,54.75,55.08,413586,sample-prices
DRAK,2024-10-22,56.53,56.6,56.14,56.4,2101125,sample-prices
DRAK,2024-10-23,56.06,56.41,55.69,56.13,299702,sample-prices
DRAK,2024-10-24,55.53,55.75,55.39,55.4,1225527,sample-prices
DRAK,2024-10-25,55.59,55.81,55.43,55.67,2727496,sample-prices
DRAK,2024-10-28,56.27,56.7,56.13,56.15,1624652,sample-prices
DRAK,2024-10-29,56.39,56.44,56.27,56.44,2994453,sample-prices
DRAK,2024-10-30,56.8,56.87,56.76,56.83,1186007,sample-prices
DRAK,2024-10-31,57.07,57.28,56.66,57.1,3035256,sample-prices
DRAK,2024-11-01,57.52,57.68,57.3,57.46,2075541,sample-prices
DRAK,2024-11-04,57.43,57.58,57.27,57.52,3541052,sample-prices
DRAK,2024-11-05,57.87,58.17,57.6,58.08,2737166,sample-prices
DRAK,2024-11-06,57.74,57.97,57.04,57.82,3075173,sample-prices
DRAK,2024-11-07,58.64,58.8,58.09,58.69,1936651,sample-prices
DRAK,2024-11-08,56.25,56.39,55.86,56.15,1658761,sample-prices
DRAK,2024-11-11,56.25,56.8,56.21,56.35,635498,sample-prices
DRAK,2024-11-12,54.97,55.16,54.58,54.92,2128766,sample-prices
DRAK,2024-11-13,53.94,54.0,53.8,53.95,3545720,sample-prices
DRAK,2024-11-14,52.49,52.56,52.09,52.4,1923193,sample-prices
DRAK,2024-11-15,52.35,52.55,52.24,52.39,2847570,sample-prices
DRAK,2024-11-18,51.33,51.65,51.29,51.42,3487849,sample-prices
DRAK,2024-11-19,51.46,51.61,51.4,51.51,2605140,sample-prices
DRAK,2024-11-20,51.3,51.45,51.11,51.28,3491572,sample-prices
DRAK,2024-11-21,51.2,51.34,50.96,51.32,3802292,sample-prices
DRAK,2024-11-22,52.16,52.66,51.91,52.34,2722623,sample-prices
DRAK,2024-11-25,52.09,52.39,52.05,52.16,2681524,sample-prices
DRAK,2024-11-26,52.3,52.34,52.16,52.18,3239767,sample-prices
DRAK,2024-11-27,52.75,52.83,52.63,52.74,1852889,sample-prices
DRAK,2024-11-28,53.13,53.16,52.77,53.01,2700353,sample-prices
DRAK,2024-11-29,53.15,53.25,53.11,53.2,981903,sample-prices
DRAK,2024-12-02,53.56,53.59,53.31,53.5,2063412,sample-prices
DRAK,2024-12-03,54.11,54.25,54.0,54.03,865074,sample-prices
DRAK,2024-12-04,53.75,53.87,53.69,53.83,2566837,sample-prices
DRAK,2024-12-05,53.91,54.1,53.9,54.01,3938144,sample-prices
DRAK,2024-12-06,53.26,53.27,53.08,53.25,1790519,sample-prices
DRAK,2024-12-09,53.45,53.47,53.01,53.26,1933939,sample-prices
DRAK,2024-12-10,52.82,52.9,52.44,52.73,3400951,sample-prices
DRAK,2024-12-11,52.43,52.63,52.32,52.38,424415,sample-prices
DRAK,2024-12-12,53.6,53.91,53.54,53.74,3008854,sample-prices
DRAK,2024-12-13,55.04,55.21,54.78,54.93,2982903,sample-prices
DRAK,2024-12-16,54.69,55.08,54.64,54.76,3452472,sample-prices
DRAK,2024-12-17,54.63,54.78,54.39,54.77,290592,sample-prices
DRAK,2024-12-18,54.07,54.25,54.02,54.11,2676936,sample-prices
DRAK,2024-12-19,54.56,54.75,54.39,54.53,303903,sample-prices
DRAK,2024-12-20,54.2,54.41,54.15,54.24,1830210,sample-prices
DRAK,2024-12-23,53.46,53.75,53.36,53.55,3484596,sample-prices
DRAK,2024-12-24,53.9,54.23,53.78,53.95,3889901,sample-prices
DRAK,2024-12-25,53.55,53.88,53.52,53.58,2083586,sample-prices
DRAK,2024-12-26,54.2,54.27,53.78,54.22,3640658,sample-prices
DRAK,2024-12-27,53.31,53.55,52.97,53.38,1005213,sample-prices
DRAK,2024-12-30,54.14,54.58,53.87,54.1,3721598,sample-prices
DRAK,2024-12-31,55.16,55.26,54.86,55.11,3254778,sample-prices
ELMW,2022-06-01,82.36,82.42,81.65,82.36,1229398,sample-prices
ELMW,2022-06-02,82.8,83.34,82.67,82.73,2239229,sample-prices
ELMW,2022-06-03,82.97,83.42,82.68,83.2,1020895,sample-prices
ELMW,2022-06-06,84.62,85.01,84.19,84.82,876388,sample-prices
ELMW,2022-06-07,86.14,86.71,85.7,86.41,3494263,sample-prices
ELMW,2022-06-08,86.26,86.71,85.98,86.61,1345297,sample-prices
ELMW,2022-06-09,86.84,86.97,86.46,86.82,3761988,sample-prices
ELMW,2022-06-10,86.45,86.69,86.34,86.37,680866,sample-prices
ELMW,2022-06-13,88.13,88.69,87.97,88.18,2001012,sample-prices
ELMW,2022-06-14,87.61,88.41,87.36,87.78,711323,sample-prices
ELMW,2022-06-15,88.01,88.51,87.62,88.13,659343,sample-prices
ELMW,2022-06-16,87.64,87.7,86.86,87.41,3002684,sample-prices
ELMW,2022-06-17,87.64,87.92,87.4,87.63,401059,sample-prices
ELMW,2022-06-20,87.78,88.22,87.52,87.77,1924368,sample-prices
ELMW,2022-06-21,89.73,89.83,89.69,89.75,2507968,sample-prices
ELMW,2022-06-22,90.12,90.16,89.53,90.1,3515755,sample-prices
ELMW,2022-06-23,89.92,90.2,89.59,89.88,1164761,sample-prices
ELMW,2022-06-24,88.87,89.0,88.75,88.86,2554295,sample-prices
ELMW,2022-06-27,86.89,87.18,86.64,86.99,3710393,sample-prices
ELMW,2022-06-28,86.54,86.64,86.31,86.61,1082164,sample-prices
ELMW,2022-06-29,87.58,88.02,87.05,87.46,1555668,sample-prices
ELMW,2022-06-30,87.84,88.36,87.25,87.93,3052176,sample-prices
ELMW,2022-07-01,86.75,87.08,86.14,86.67,3471553,sample-prices
ELMW,2022-07-04,85.52,85.6,85.16,85.56,3375309,sample-prices
ELMW,2022-07-05,87.05,87.61,86.49,86.79,583171,sample-prices
ELMW,2022-07-06,85.56,85.63,84.91,85.45,3184913,sample-prices
ELMW,2022-07-07,86.09,86.23,85.92,85.95,3565870,sample-prices
ELMW,2022-07-08,84.97,85.23,84.67,84.79,3625607,sample-prices
ELMW,2022-07-11,86.81,87.53,86.46,86.89,626176,sample-prices
ELMW,2022-07-12,87.22,87.36,86.9,87.2,1437325,sample-prices
ELMW,2022-07-13,86.09,86.36,85.92,86.02,833059,sample-prices
ELMW,2022-07-14,87.57,87.88,87.11,87.75,3972835,sample-prices
ELMW,2022-07-15,87.13,87.32,86.73,87.13,1563880,sample-prices
ELMW,2022-07-18,87.01,87.45,86.7,87.03,1804299,sample-prices
ELMW,2022-07-19,87.11,87.37,86.99,87.2,3503154,sample-prices
ELMW,2022-07-20,86.25,86.82,86.07,86.36,3350607,sample-prices
ELMW,2022-07-21,84.8,85.05,84.74,84.87,2879124,sample-prices
ELMW,2022-07-22,84.09,84.45,83.99,84.26,2185522,sample-prices
ELMW,2022-07-25,83.25,83.45,83.15,83.21,3604325,sample-prices
ELMW,2022-07-26,84.4,84.79,83.98,84.08,674521,sample-prices
ELMW,2022-07-27,83.53,84.25,83.27,83.89,3875933,sample-prices
ELMW,2022-07-28,83.08,83.37,83.05,83.22,1806767,sample-prices
ELMW,2022-07-29,83.47,83.79,83.34,83.46,1048023,sample-prices
ELMW,2022-08-01,82.01,82.28,81.66,82.16,2049354,sample-prices
ELMW,2022-08-02,84.64,84.87,83.98,84.66,2526581,sample-prices
ELMW,2022-08-03,84.72,84.97,83.64,84.35,2299693,sample-prices
ELMW,2022-08-04,85.11,85.32,84.85,85.24,3923967,sample-prices
ELMW,2022-08-05,86.36,86.57,86.25,86.25,825018,sample-prices
ELMW,2022-08-08,84.5,84.57,83.87,84.51,2132771,sample-prices
ELMW,2022-08-09,84.17,84.45,84.07,84.33,736498,sample-prices
ELMW,2022-08-10,86.06,86.42,86.0,86.04,3534934,sample-prices
ELMW,2022-08-11,86.9,87.11,86.54,86.99,571538,sample-prices
ELMW,2022-08-12,87.99,88.32,87.29,87.85,1398493,sample-prices
ELMW,2022-08-15,84.93,85.7,84.71,85.08,2035773,sample-prices
ELMW,2022-08-16,84.3,84.44,84.17,84.36,3098768,sample-prices
ELMW,2022-08-17,84.32,84.72,84.31,84.32,2399973,sample-prices
ELMW,2022-08-18,82.79,83.37,82.55,83.06,3499351,sample-prices
ELMW,2022-08-19,80.74,81.23,80.66,80.91,3982962,sample-prices
ELMW,2022-08-22,80.03,80.11,79.3,80.01,796542,sample-prices
ELMW,2022-08-23,80.79,81.12,80.74,80.77,1436803,sample-prices
ELMW,2022-08-24,81.49,81.95,80.77,81.48,2299502,sample-prices
ELMW,2022-08-25,83.9,84.08,83.37,83.78,1032741,sample-prices
ELMW,2022-08-26,82.77,83.12,82.45,82.67,2401110,sample-prices
ELMW,2022-08-29,83.21,83.61,82.97,83.49,562072,sample-prices
ELMW,2022-08-30,85.06,85.26,84.48,84.99,3384359,sample-prices
ELMW,2022-08-31,85.96,86.16,85.84,85.98,2481766,sample-prices
ELMW,2022-09-01,85.54,85.9,84.77,85.54,2622510,sample-prices
ELMW,2022-09-02,82.06,82.76,81.52,82.18,2194882,sample-prices
ELMW,2022-09-05,83.72,83.84,83.28,83.75,1386936,sample-prices
ELMW,2022-09-06,83.78,84.06,83.46,83.79,1801110,sample-prices
ELMW,2022-09-07,83.42,83.91,83.39,83.66,3958394,sample-prices
ELMW,2022-09-08,83.68,84.5,83.51,83.68,2265882,sample-prices
ELMW,2022-09-09,82.36,82.93,82.07,82.52,2853976,sample-prices
ELMW,2022-09-12,82.81,82.97,82.25,82.87,2391291,sample-prices
ELMW,2022-09-13,82.03,82.45,81.84,82.3,3156575,sample-prices
ELMW,2022-09-14,81.91,82.21,81.84,82.12,932047,sample-prices
ELMW,2022-09-15,82.86,83.36,82.65,82.79,600977,sample-prices
ELMW,2022-09-16,84.53,84.83,84.17,84.24,1633682,sample-prices
ELMW,2022-09-19,84.91,84.91,84.14,84.87,1149407,sample-prices
ELMW,2022-09-20,84.9,85.42,84.84,84.92,1849748,sample-prices
ELMW,2022-09-21,82.78,82.81,82.37,82.71,2142780,sample-prices
ELMW,2022-09-22,83.96,84.04,83.75,83.76,2872082,sample-prices
ELMW,2022-09-23,84.02,84.13,83.96,84.09,1293679,sample-prices
ELMW,2022-09-26,84.52,84.65,84.39,84.57,1145603,sample-prices
ELMW,2022-09-27,86.19,86.42,85.93,86.3,298821,sample-prices
ELMW,2022-09-28,85.84,86.07,85.73,85.87,2313609,sample-prices
ELMW,2022-09-29,85.64,85.96,85.16,85.47,3731222,sample-prices
ELMW,2022-09-30,85.96,86.1,85.95,85.98,2832321,sample-prices
ELMW,2022-10-03,86.94,87.06,86.21,86.92,337390,sample-prices
ELMW,2022-10-04,86.15,86.31,85.93,86.05,3658326,sample-prices
ELMW,2022-10-05,86.93,86.99,86.86,86.91,3876600,sample-prices
ELMW,2022-10-06,86.36,86.83,86.11,86.4,1078850,sample-prices
ELMW,2022-10-07,86.44,86.68,86.41,86.5,3502553,sample-prices
ELMW,2022-10-10,84.15,84.86,83.8,84.09,630192,sample-prices
ELMW,2022-10-11,85.92,86.39,85.91,85.94,1389506,sample-prices
ELMW,2022-10-12,85.03,85.36,84.45,85.33,1130738,sample-prices
ELMW,2022-10-13,85.71,85.88,85.37,85.77,1297520,sample-prices
ELMW,2022-10-14,88.83,89.26,88.56,88.9,2130637,sample-prices
ELMW,2022-10-17,86.63,87.04,86.58,86.68,3304974,sample-prices
ELMW,2022-10-18,84.24,84.34,84.14,84.16,3658356,sample-prices
ELMW,2022-10-19,83.37,83.62,83.29,83.42,813699,sample-prices
ELMW,2022-10-20,83.85,84.17,83.05,83.73,3166384,sample-prices
ELMW,2022-10-21,82.86,83.16,82.21,82.86,2138001,sample-prices
ELMW,2022-10-24,82.93,83.06,82.88,82.91,3619601,sample-prices
ELMW,2022-10-25,82.75,82.85,82.6,82.61,1978528,sample-prices
ELMW,2022-10-26,84.47,84.65,83.81,84.45,1676357,sample-prices
ELMW,2022-10-27,83.89,83.99,83.71,83.95,550743,sample-prices
ELMW,2022-10-28,84.32,84.64,83.86,84.43,3758862,sample-prices
ELMW,2022-10-31,83.41,84.04,82.89,83.38,3768810,sample-prices
ELMW,2022-11-01,84.37,84.82,84.1,84.44,3998911,sample-prices
ELMW,2022-11-02,83.78,83.79,83.51,83.78,2748553,sample-prices
ELMW,2022-11-03,82.95,83.09,82.79,82.94,3984301,sample-prices
ELMW,2022-11-04,83.87,84.12,83.29,83.66,391306,sample-prices
ELMW,2022-11-07,83.48,83.55,83.16,83.49,2412859,sample-prices
ELMW,2022-11-08,83.93,84.0,83.7,83.74,1907409,sample-prices
ELMW,2022-11-09,81.97,82.38,81.7,82.01,1501910,sample-prices
ELMW,2022-11-10,81.38,81.59,80.98,81.44,1015810,sample-prices
ELMW,2022-11-11,83.12,83.42,82.82,83.1,3640034,sample-prices
ELMW,2022-11-14,81.87,82.16,81.87,82.08,3756251,sample-prices
ELMW,2022-11-15,81.86,81.87,81.42,81.72,796483,sample-prices
ELMW,2022-11-16,80.82,81.04,80.25,80.59,468524,sample-prices
ELMW,2022-11-17,80.26,80.4,80.2,80.34,1061526,sample-prices
ELMW,2022-11-18,79.79,80.09,79.74,79.84,1941339,sample-prices
ELMW,2022-11-21,77.29,77.71,77.19,77.25,3786032,sample-prices
ELMW,2022-11-22,77.56,77.86,77.44,77.45,2011510,sample-prices
ELMW,2022-11-23,75.45,75.85,75.45,75.47,423318,sample-prices
ELMW,2022-11-24,76.27,76.3,75.75,76.06,2507668,sample-prices
ELMW,2022-11-25,74.83,75.53,74.52,75.05,1244411,sample-prices
ELMW,2022-11-28,75.84,76.14,75.68,75.78,3400540,sample-prices
ELMW,2022-11-29,77.31,77.59,77.28,77.37,3364191,sample-prices
ELMW,2022-11-30,77.26,77.49,76.6,77.12,2909333,sample-prices
ELMW,2022-12-01,77.22,77.29,76.84,77.21,3225858,sample-prices
ELMW,2022-12-02,78.22,78.33,78.08,78.31,3953053,sample-prices
ELMW,2022-12-05,79.37,79.91,79.14,79.15,1607403,sample-prices
ELMW,2022-12-06,78.92,79.22,78.44,78.89,3017570,sample-prices
ELMW,2022-12-07,78.92,79.2,78.26,79.04,2415806,sample-prices
ELMW,2022-12-08,79.21,79.54,78.85,79.17,2246224,sample-prices
ELMW,2022-12-09,78.37,78.98,78.1,78.34,3478904,sample-prices
ELMW,2022-12-12,78.75,78.95,78.49,78.7,2028907,sample-prices
ELMW,2022-12-13,78.56,78.95,78.46,78.53,3813307,sample-prices
ELMW,2022-12-14,78.33,79.03,78.28,78.45,3732530,sample-prices
ELMW,2022-12-15,78.75,79.22,78.06,78.74,982129,sample-prices
ELMW,2022-12-16,81.2,81.27,80.79,81.2,1954548,sample-prices
ELMW,2022-12-19,83.87,84.08,83.43,83.65,2933311,sample-prices
ELMW,2022-12-20,83.89,84.52,83.74,83.9,1660365,sample-prices
ELMW,2022-12-21,84.4,84.86,84.3,84.4,2401641,sample-prices
ELMW,2022-12-22,85.31,85.74,84.72,85.13,1389270,sample-prices
ELMW,2022-12-23,84.97,85.18,84.9,85.03,2079565,sample-prices
ELMW,2022-12-26,85.35,85.44,85.04,85.27,2155523,sample-prices
ELMW,2022-12-27,86.78,86.97,86.51,86.68,2210240,sample-prices
ELMW,2022-12-28,88.19,88.23,87.7,88.05,856715,sample-prices
ELMW,2022-12-29,89.44,89.66,88.46,89.29,1661184,sample-prices
ELMW,2022-12-30,86.08,86.32,85.35,86.0,2254224,sample-prices
ELMW,2023-01-02,83.67,83.95,83.57,83.71,288671,sample-prices
ELMW,2023-01-03,82.51,82.7,82.38,82.61,3346840,sample-prices
ELMW,2023-01-04,80.83,81.0,80.55,80.79,1462363,sample-prices
ELMW,2023-01-05,81.29,81.61,80.23,81.1,2664558,sample-prices
ELMW,2023-01-06,80.67,80.94,80.5,80.93,2028050,sample-prices
ELMW,2023-01-09,81.76,81.85,81.45,81.68,1733515,sample-prices
ELMW,2023-01-10,80.93,81.09,80.74,80.83,2361272,sample-prices
ELMW,2023-01-11,81.58,81.97,81.28,81.61,3686492,sample-prices
ELMW,2023-01-12,81.66,81.95,81.18,81.61,393403,sample-prices
ELMW,2023-01-13,83.08,83.66,82.29,83.16,2222311,sample-prices
ELMW,2023-01-16,82.66,82.98,82.52,82.54,2866425,sample-prices
ELMW,2023-01-17,82.25,82.88,82.21,82.28,3455165,sample-prices
ELMW,2023-01-18,81.89,82.42,81.61,81.71,2541173,sample-prices
ELMW,2023-01-19,82.2,82.26,81.33,82.01,3046556,sample-prices
ELMW,2023-01-20,80.41,80.67,80.2,80.3,3384213,sample-prices
ELMW,2023-01-23,79.93,80.29,79.7,79.84,1493164,sample-prices
ELMW,2023-01-24,81.5,81.53,81.29,81.45,2938007,sample-prices
ELMW,2023-01-25,80.51,80.84,80.34,80.44,2584296,sample-prices
ELMW,2023-01-26,81.49,81.51,81.01,81.38,3679695,sample-prices
ELMW,2023-01-27,82.0,82.3,81.88,82.2,3954592,sample-prices
ELMW,2023-01-30,82.72,82.97,82.7,82.8,529149,sample-prices
ELMW,2023-01-31,82.39,82.46,82.02,82.23,2235349,sample-prices
ELMW,2023-02-01,83.47,83.57,82.92,83.39,1407718,sample-prices
ELMW,2023-02-02,83.17,83.29,81.89,83.04,3320172,sample-prices
ELMW,2023-02-03,84.19,84.56,83.98,84.23,3699656,sample-prices
ELMW,2023-02-06,83.14,83.56,82.96,82.98,3830468,sample-prices
ELMW,2023-02-07,82.78,83.21,82.33,82.74,236984,sample-prices
ELMW,2023-02-08,84.0,84.66,83.94,84.21,1285635,sample-prices
ELMW,2023-02-09,84.29,84.33,83.87,84.05,216340,sample-prices
ELMW,2023-02-10,84.78,85.66,84.46,84.78,2939832,sample-prices
ELMW,2023-02-13,84.46,84.73,84.08,84.26,3399156,sample-prices
ELMW,2023-02-14,83.43,83.55,82.79,83.26,1477419,sample-prices
ELMW,2023-02-15,84.47,84.68,84.39,84.43,2597934,sample-prices
ELMW,2023-02-16,82.06,82.31,81.67,82.0,2484101,sample-prices
ELMW,2023-02-17,81.86,82.15,81.21,81.67,861742,sample-prices
ELMW,2023-02-20,81.55,81.69,81.29,81.56,1560455,sample-prices
ELMW,2023-02-21,79.35,79.54,79.24,79.5,580507,sample-prices
ELMW,2023-02-22,79.24,79.27,78.85,79.22,3165945,sample-prices
ELMW,2023-02-23,80.19,80.48,80.18,80.27,559963,sample-prices
ELMW,2023-02-24,79.47,79.72,79.41,79.57,1034508,sample-prices
ELMW,2023-02-27,79.21,79.42,78.86,78.99,3953259,sample-prices
ELMW,2023-02-28,76.57,76.86,76.35,76.69,1290313,sample-prices
ELMW,2023-03-01,75.67,75.79,75.38,75.49,2540585,sample-prices
ELMW,2023-03-02,77.23,77.54,76.83,77.45,2987789,sample-prices
ELMW,2023-03-03,76.22,76.65,76.14,76.26,2616456,sample-prices
ELMW,2023-03-06,74.99,75.36,74.65,74.72,3403680,sample-prices
ELMW,2023-03-07,74.15,74.39,73.76,74.2,443251,sample-prices
ELMW,2023-03-08,72.78,73.03,72.63,72.89,751085,sample-prices
ELMW,2023-03-09,72.93,72.97,72.87,72.94,1667984,sample-prices
ELMW,2023-03-10,74.13,74.18,73.88,73.88,2449183,sample-prices
ELMW,2023-03-13,73.4,73.53,73.19,73.31,2377780,sample-prices
ELMW,2023-03-14,74.57,74.86,74.47,74.57,3748965,sample-prices
ELMW,2023-03-15,75.7,75.74,75.47,75.61,770725,sample-prices
ELMW,2023-03-16,76.12,76.27,75.98,76.08,3466268,sample-prices
ELMW,2023-03-17,76.4,77.23,76.16,76.47,2627943,sample-prices
ELMW,2023-03-20,76.17,76.41,76.04,76.15,508427,sample-prices
ELMW,2023-03-21,76.46,76.99,75.95,76.39,2065919,sample-prices
ELMW,2023-03-22,76.19,76.43,76.04,76.22,3907598,sample-prices
ELMW,2023-03-23,75.96,76.21,75.85,76.05,1469172,sample-prices
ELMW,2023-03-24,76.67,77.36,76.56,76.75,2842039,sample-prices
ELMW,2023-03-27,76.09,76.21,75.94,76.21,702570,sample-prices
ELMW,2023-03-28,77.44,77.66,77.22,77.25,3188895,sample-prices
ELMW,2023-03-29,77.02,77.42,76.74,77.02,1387801,sample-prices
ELMW,2023-03-30,78.19,78.28,77.93,78.05,3990152,sample-prices
ELMW,2023-03-31,76.45,76.54,76.03,76.21,2477806,sample-prices
ELMW,2023-04-03,76.59,76.8,76.3,76.7,3960334,sample-prices
ELMW,2023-04-04,75.82,76.31,75.52,76.0,1017067,sample-prices
ELMW,2023-04-05,76.34,76.34,76.14,76.23,3959658,sample-prices
ELMW,2023-04-06,75.41,75.97,74.83,75.27,3140180,sample-prices
ELMW,2023-04-07,73.17,73.22,73.03,73.21,1032136,sample-prices
ELMW,2023-04-10,72.27,72.43,71.69,72.12,2534955,sample-prices
ELMW,2023-04-11,70.32,70.55,70.21,70.28,2230957,sample-prices
ELMW,2023-04-12,69.49,69.6,69.25,69.34,2371886,sample-prices
ELMW,2023-04-13,68.79,68.95,68.32,68.64,3970374,sample-prices
ELMW,2023-04-14,69.43,69.58,69.36,69.39,2697024,sample-prices
ELMW,2023-04-17,67.54,67.9,67.35,67.5,3703701,sample-prices
ELMW,2023-04-18,66.95,67.05,66.72,66.9,275540,sample-prices
ELMW,2023-04-19,66.39,66.52,66.17,66.33,3174993,sample-prices
ELMW,2023-04-20,65.61,65.7,65.46,65.46,3190886,sample-prices
ELMW,2023-04-21,65.03,65.19,64.79,64.96,3224199,sample-prices
ELMW,2023-04-24,64.9,65.19,64.87,65.15,554567,sample-prices
ELMW,2023-04-25,64.8,65.26,64.05,64.78,2102645,sample-prices
ELMW,2023-04-26,64.59,65.13,64.1,64.91,1996931,sample-prices
ELMW,2023-04-27,65.06,65.12,64.84,64.87,1922349,sample-prices
ELMW,2023-04-28,64.31,64.57,64.19,64.33,455117,sample-prices
ELMW,2023-05-01,64.94,65.04,64.7,64.95,1305343,sample-prices
ELMW,2023-05-02,65.15,65.42,64.66,65.03,2526048,sample-prices
ELMW,2023-05-03,65.51,65.74,65.34,65.61,2220895,sample-prices
ELMW,2023-05-04,65.58,65.84,65.45,65.6,2585480,sample-prices
ELMW,2023-05-05,64.87,65.05,64.78,64.97,3733262,sample-prices
ELMW,2023-05-08,67.38,67.55,67.1,67.29,3669083,sample-prices
ELMW,2023-05-09,67.06,67.43,66.8,67.09,2902419,sample-prices
ELMW,2023-05-10,67.52,67.53,67.32,67.43,3544075,sample-prices
ELMW,2023-05-11,67.5,67.71,67.26,67.45,326587,sample-prices
ELMW,2023-05-12,66.18,66.51,66.09,66.33,1808006,sample-prices
ELMW,2023-05-15,64.62,64.69,64.58,64.65,2846123,sample-prices
ELMW,2023-05-16,63.25,63.63,63.14,63.2,3733975,sample-prices
ELMW,2023-05-17,62.94,63.01,62.54,62.95,505408,sample-prices
ELMW,2023-05-18,63.52,64.12,63.0,63.76,3922537,sample-prices
ELMW,2023-05-19,65.48,65.85,65.19,65.52,3964797,sample-prices
ELMW,2023-05-22,64.75,65.04,64.64,64.84,1252350,sample-prices
ELMW,2023-05-23,64.84,65.07,64.7,64.78,1384434,sample-prices
ELMW,2023-05-24,64.72,65.16,64.67,64.77,2648971,sample-prices
ELMW,2023-05-25,64.42,64.56,64.16,64.44,3538980,sample-prices
ELMW,2023-05-26,64.1,64.73,63.72,64.27,1252480,sample-prices
ELMW,2023-05-29,63.92,64.09,63.56,64.03,3217484,sample-prices
ELMW,2023-05-30,63.98,64.19,63.8,63.83,1072176,sample-prices
ELMW,2023-05-31,63.89,63.99,63.61,63.92,1595196,sample-prices
ELMW,2023-06-01,62.88,63.16,62.78,63.02,371271,sample-prices
ELMW,2023-06-02,63.89,64.28,63.29,63.92,3611285,sample-prices
ELMW,2023-06-05,63.81,63.88,63.43,63.8,3947468,sample-prices
ELMW,2023-06-06,63.53,63.7,63.17,63.37,2812384,sample-prices
ELMW,2023-06-07,62.19,62.72,62.14,62.21,3296271,sample-prices
ELMW,2023-06-08,62.14,62.22,61.83,62.15,1943983,sample-prices
ELMW,2023-06-09,63.69,63.89,63.54,63.68,2678035,sample-prices
ELMW,2023-06-12,62.38,62.47,62.16,62.39,2743121,sample-prices
ELMW,2023-06-13,62.99,63.6,62.74,63.15,614383,sample-prices
ELMW,2023-06-14,63.01,63.42,62.92,62.93,2280036,sample-prices
ELMW,2023-06-15,61.47,61.52,61.38,61.44,2654875,sample-prices
ELMW,2023-06-16,62.38,62.73,61.99,62.39,253479,sample-prices
ELMW,2023-06-19,61.63,61.85,61.45,61.57,1024425,sample-prices
ELMW,2023-06-20,62.61,62.79,62.35,62.53,3928556,sample-prices
ELMW,2023-06-21,63.7,63.88,63.55,63.57,684982,sample-prices
ELMW,2023-06-22,63.16,63.51,63.08,63.35,816730,sample-prices
ELMW,2023-06-23,63.18,63.4,62.92,63.04,3514668,sample-prices
ELMW,2023-06-26,63.13,63.25,62.71,63.09,3690966,sample-prices
ELMW,2023-06-27,64.3,64.38,64.09,64.23,1954797,sample-prices
ELMW,2023-06-28,63.58,63.71,63.23,63.5,1914479,sample-prices
ELMW,2023-06-29,64.03,64.23,63.38,63.94,1509131,sample-prices
ELMW,2023-06-30,65.69,65.89,65.55,65.77,2586958,sample-prices
ELMW,2023-07-03,63.78,63.95,63.76,63.81,2218361,sample-prices
ELMW,2023-07-04,62.19,62.86,62.11,62.34,3047827,sample-prices
ELMW,2023-07-05,62.64,62.8,61.74,62.44,3018488,sample-prices
ELMW,2023-07-06,63.81,64.04,63.53,63.99,816799,sample-prices
ELMW,2023-07-07,64.47,64.69,64.17,64.67,2760531,sample-prices
ELMW,2023-07-10,64.09,64.26,64.01,64.23,1340498,sample-prices
ELMW,2023-07-11,62.45,62.6,62.14,62.4,2270347,sample-prices
ELMW,2023-07-12,62.08,62.32,62.02,62.07,2673819,sample-prices
ELMW,2023-07-13,61.62,61.83,61.57,61.73,1584797,sample-prices
ELMW,2023-07-14,62.38,62.55,62.33,62.34,3559477,sample-prices
ELMW,2023-07-17,62.42,62.72,62.02,62.23,2233910,sample-prices
ELMW,2023-07-18,61.9,62.27,61.86,61.99,3742981,sample-prices
ELMW,2023-07-19,62.05,62.4,61.88,62.14,2892384,sample-prices
ELMW,2023-07-20,62.69,62.87,62.16,62.7,2815762,sample-prices
ELMW,2023-07-21,62.37,62.52,62.17,62.45,2393741,sample-prices
ELMW,2023-07-24,61.59,61.78,61.42,61.46,710455,sample-prices
ELMW,2023-07-25,61.75,61.77,61.61,61.65,3162519,sample-prices
ELMW,2023-07-26,59.9,60.24,59.4,59.98,1507995,sample-prices
ELMW,2023-07-27,60.38,60.65,59.93,60.45,420419,sample-prices
ELMW,2023-07-28,60.64,60.68,60.48,60.65,1520267,sample-prices
ELMW,2023-07-31,60.45,60.9,60.43,60.46,225114,sample-prices
ELMW,2023-08-01,59.23,59.38,59.05,59.35,1201569,sample-prices
ELMW,2023-08-02,57.7,57.94,57.63,57.64,2180160,sample-prices
ELMW,2023-08-03,57.95,57.99,57.35,57.8,522782,sample-prices
ELMW,2023-08-04,58.83,58.93,58.55,58.85,573454,sample-prices
ELMW,2023-08-07,59.18,59.26,59.1,59.14,309075,sample-prices
ELMW,2023-08-08,60.73,60.97,60.51,60.78,2453526,sample-prices
ELMW,2023-08-09,61.04,61.32,60.9,61.12,518339,sample-prices
ELMW,2023-08-10,62.07,62.62,61.99,62.21,837140,sample-prices
ELMW,2023-08-11,61.1,61.34,60.85,60.95,1842291,sample-prices
ELMW,2023-08-14,59.8,60.03,59.29,59.59,3446890,sample-prices
ELMW,2023-08-15,59.88,60.26,59.64,60.03,3992764,sample-prices
ELMW,2023-08-16,59.51,59.62,59.49,59.51,777281,sample-prices
ELMW,2023-08-17,58.76,58.96,58.59,58.81,1739072,sample-prices
ELMW,2023-08-18,59.95,60.32,59.91,60.03,3502380,sample-prices
ELMW,2023-08-21,60.83,60.96,60.81,60.93,1415450,sample-prices
ELMW,2023-08-22,59.45,59.55,59.14,59.34,3105626,sample-prices
ELMW,2023-08-23,60.67,61.05,60.26,60.59,3798512,sample-prices
ELMW,2023-08-24,62.71,62.99,62.53,62.77,3985935,sample-prices
ELMW,2023-08-25,63.8,64.04,63.63,63.9,2514909,sample-prices
ELMW,2023-08-28,62.72,63.07,62.48,62.67,3361083,sample-prices
ELMW,2023-08-29,62.68,63.17,62.57,62.66,3587748,sample-prices
ELMW,2023-08-30,62.61,63.17,62.58,62.59,2641555,sample-prices
ELMW,2023-08-31,62.29,62.37,61.72,62.12,1767065,sample-prices
ELMW,2023-09-01,60.51,60.76,60.49,60.67,3307303,sample-prices
ELMW,2023-09-04,61.85,61.99,61.57,61.79,3104790,sample-prices
ELMW,2023-09-05,63.08,63.18,62.72,63.04,3275746,sample-prices
ELMW,2023-09-06,63.13,63.21,62.81,62.96,511463,sample-prices
ELMW,2023-09-07,63.04,63.24,62.97,63.07,2184558,sample-prices
ELMW,2023-09-08,64.97,65.19,64.8,64.93,552638,sample-prices
ELMW,2023-09-11,65.09,65.6,64.7,64.91,1877622,sample-prices
ELMW,2023-09-12,64.69,64.88,64.49,64.82,3791951,sample-prices
ELMW,2023-09-13,63.65,63.88,63.62,63.62,2960852,sample-prices
ELMW,2023-09-14,64.55,64.56,64.25,64.45,2254530,sample-prices
ELMW,2023-09-15,63.75,63.84,63.52,63.66,3911430,sample-prices
ELMW,2023-09-18,63.67,63.95,63.33,63.57,2464876,sample-prices
ELMW,2023-09-19,62.93,63.41,62.65,63.07,1842488,sample-prices
ELMW,2023-09-20,63.91,64.05,63.69,63.97,1443283,sample-prices
ELMW,2023-09-21,64.07,64.22,63.43,63.97,3730293,sample-prices
ELMW,2023-09-22,63.44,64.04,63.32,63.59,261634,sample-prices
ELMW,2023-09-25,63.35,63.42,63.05,63.29,757997,sample-prices
ELMW,2023-09-26,64.27,64.64,63.75,64.21,612511,sample-prices
ELMW,2023-09-27,63.71,63.97,63.45,63.54,1347860,sample-prices
ELMW,2023-09-28,62.85,63.09,62.79,62.89,862626,sample-prices
ELMW,2023-09-29,62.43,62.64,62.38,62.45,1357306,sample-prices
ELMW,2023-10-02,63.22,63.29,62.51,63.05,3755612,sample-prices
ELMW,2023-10-03,63.19,63.31,62.95,63.2,3449260,sample-prices
ELMW,2023-10-04,63.63,64.07,63.54,63.63,1422643,sample-prices
ELMW,2023-10-05,63.66,64.0,63.42,63.74,2433650,sample-prices
ELMW,2023-10-06,64.32,64.76,64.22,64.32,2652732,sample-prices
ELMW,2023-10-09,63.73,64.1,63.46,63.83,1688302,sample-prices
ELMW,2023-10-10,64.02,64.09,63.89,63.98,2835921,sample-prices
ELMW,2023-10-11,63.0,63.36,62.58,62.89,1486682,sample-prices
ELMW,2023-10-12,61.95,62.42,61.43,61.87,638257,sample-prices
ELMW,2023-10-13,63.03,63.29,62.82,63.02,3248643,sample-prices
ELMW,2023-10-16,61.92,62.17,61.87,61.87,972372,sample-prices
ELMW,2023-10-17,59.49,59.54,59.21,59.43,2653979,sample-prices
ELMW,2023-10-18,59.65,59.79,59.64,59.64,517925,sample-prices
ELMW,2023-10-19,60.69,60.95,60.09,60.69,2340983,sample-prices
ELMW,2023-10-20,61.06,61.11,60.8,61.01,1508409,sample-prices
ELMW,2023-10-23,60.43,60.55,60.33,60.45,3348999,sample-prices
ELMW,2023-10-24,61.83,62.21,61.74,61.84,2316961,sample-prices
ELMW,2023-10-25,63.85,64.27,63.48,63.69,2379618,sample-prices
ELMW,2023-10-26,66.57,66.64,65.99,66.58,2166193,sample-prices
ELMW,2023-10-27,66.09,66.4,65.57,66.05,292983,sample-prices
ELMW,2023-10-30,66.92,67.2,66.28,66.7,3658582,sample-prices
ELMW,2023-10-31,66.71,66.89,66.57,66.77,3963274,sample-prices
ELMW,2023-11-01,66.47,66.72,66.44,66.6,687791,sample-prices
ELMW,2023-11-02,67.32,67.72,67.08,67.2,2361512,sample-prices
ELMW,2023-11-03,68.52,68.76,68.23,68.49,1692676,sample-prices
ELMW,2023-11-06,67.66,67.66,67.46,67.61,3187287,sample-prices
ELMW,2023-11-07,66.85,67.06,66.55,66.95,2558298,sample-prices
ELMW,2023-11-08,67.45,67.61,66.95,67.4,3790500,sample-prices
ELMW,2023-11-09,67.13,67.4,66.87,67.2,2340055,sample-prices
ELMW,2023-11-10,69.66,70.18,69.22,69.74,333659,sample-prices
ELMW,2023-11-13,69.35,69.69,69.28,69.3,942042,sample-prices
ELMW,2023-11-14,68.34,68.6,68.15,68.58,758957,sample-prices
ELMW,2023-11-15,68.02,68.42,67.76,67.98,1283657,sample-prices
ELMW,2023-11-16,67.55,67.88,67.35,67.56,1722667,sample-prices
ELMW,2023-11-17,68.31,68.44,68.11,68.28,983023,sample-prices
ELMW,2023-11-20,67.74,67.88,67.56,67.67,1052546,sample-prices
ELMW,2023-11-21,68.25,68.4,67.73,68.13,2858065,sample-prices
ELMW,2023-11-22,67.6,67.79,67.29,67.45,1040916,sample-prices
ELMW,2023-11-23,65.58,65.64,65.25,65.63,646351,sample-prices
ELMW,2023-11-24,65.23,65.54,64.58,64.99,557390,sample-prices
ELMW,2023-11-27,65.44,65.59,65.2,65.48,2131302,sample-prices
ELMW,2023-11-28,65.39,65.81,64.79,65.39,1392240,sample-prices
ELMW,2023-11-29,65.86,66.03,65.79,65.86,1327370,sample-prices
ELMW,2023-11-30,65.73,65.95,65.67,65.73,3139336,sample-prices
ELMW,2023-12-01,65.67,65.73,65.6,65.67,2822727,sample-prices
ELMW,2023-12-04,65.87,65.94,65.84,65.89,1390626,sample-prices
ELMW,2023-12-05,66.53,66.68,66.33,66.54,2535690,sample-prices
ELMW,2023-12-06,67.23,67.47,66.72,67.29,2766487,sample-prices
ELMW,2023-12-07,67.24,67.65,67.15,67.38,425133,sample-prices
ELMW,2023-12-08,67.12,67.37,66.87,67.17,3859471,sample-prices
ELMW,2023-12-11,66.98,67.24,66.76,67.02,2073734,sample-prices
ELMW,2023-12-12,68.13,68.26,67.88,68.19,2903187,sample-prices
ELMW,2023-12-13,68.75,68.78,68.36,68.48,2034741,sample-prices
ELMW,2023-12-14,67.97,68.05,67.54,67.82,271825,sample-prices
ELMW,2023-12-15,66.47,66.71,66.16,66.46,3918267,sample-prices
ELMW,2023-12-18,66.32,66.53,65.85,66.41,2558061,sample-prices
ELMW,2023-12-19,65.22,65.54,65.16,65.29,1310195,sample-prices
ELMW,2023-12-20,65.41,65.49,65.15,65.31,3296969,sample-prices
ELMW,2023-12-21,64.13,64.46,63.76,64.1,2215836,sample-prices
ELMW,2023-12-22,64.37,64.68,63.83,64.34,2955221,sample-prices
ELMW,2023-12-25,65.09,65.34,64.96,65.26,2439768,sample-prices
ELMW,2023-12-26,66.13,66.35,65.93,65.97,3276805,sample-prices
ELMW,2023-12-27,65.37,65.45,65.12,65.39,3191844,sample-prices
ELMW,2023-12-28,64.02,64.44,63.86,64.18,3492554,sample-prices
ELMW,2023-12-29,62.94,63.35,62.7,63.04,1241488,sample-prices
ELMW,2024-01-01,61.79,62.01,61.54,61.84,2509663,sample-prices
ELMW,2024-01-02,61.07,61.32,61.03,61.12,1843066,sample-prices
ELMW,2024-01-03,61.14,61.29,60.84,61.15,3402841,sample-prices
ELMW,2024-01-04,61.43,61.64,61.24,61.27,2293151,sample-prices
ELMW,2024-01-05,60.65,60.83,60.55,60.72,2378846,sample-prices
ELMW,2024-01-08,59.83,60.13,59.71,59.98,1215308,sample-prices
ELMW,2024-01-09,59.2,59.38,59.09,59.17,1952281,sample-prices
ELMW,2024-01-10,58.51,58.59,58.42,58.43,2109930,sample-prices
ELMW,2024-01-11,58.21,58.59,57.78,58.27,1370173,sample-prices
ELMW,2024-01-12,58.11,58.36,58.09,58.12,2973164,sample-prices
ELMW,2024-01-15,58.49,58.64,58.49,58.54,3270648,sample-prices
ELMW,2024-01-16,57.83,58.07,57.62,57.92,1282279,sample-prices
ELMW,2024-01-17,58.53,58.63,58.43,58.49,1454113,sample-prices
ELMW,2024-01-18,59.21,59.55,58.99,59.17,214216,sample-prices
ELMW,2024-01-19,60.48,61.01,59.95,60.33,1048901,sample-prices
ELMW,2024-01-22,59.64,59.76,59.2,59.55,1368300,sample-prices
ELMW,2024-01-23,57.48,57.61,57.43,57.49,3720569,sample-prices
ELMW,2024-01-24,58.43,58.57,58.17,58.43,1227786,sample-prices
ELMW,2024-01-25,59.02,59.38,58.55,59.19,2317881,sample-prices
ELMW,2024-01-26,58.38,58.66,58.11,58.28,1584949,sample-prices
ELMW,2024-01-29,58.28,58.48,57.95,58.27,3042565,sample-prices
ELMW,2024-01-30,57.33,57.43,57.08,57.33,2445583,sample-prices
ELMW,2024-01-31,57.95,57.98,57.92,57.94,2262773,sample-prices
ELMW,2024-02-01,58.35,58.4,58.23,58.33,3790467,sample-prices
ELMW,2024-02-02,59.33,59.58,59.25,59.27,2720956,sample-prices
ELMW,2024-02-05,58.51,58.72,58.2,58.5,3431726,sample-prices
ELMW,2024-02-06,58.89,58.96,58.7,58.8,1389168,sample-prices
ELMW,2024-02-07,59.93,60.27,59.69,59.95,1616344,sample-prices
ELMW,2024-02-08,60.82,60.83,60.43,60.8,1209520,sample-prices
ELMW,2024-02-09,59.2,59.46,58.68,59.25,3529577,sample-prices
ELMW,2024-02-12,60.05,60.15,59.83,59.97,1984228,sample-prices
ELMW,2024-02-13,60.56,60.65,60.34,60.63,732461,sample-prices
ELMW,2024-02-14,60.68,60.84,60.54,60.79,685763,sample-prices
ELMW,2024-02-15,60.24,60.37,60.17,60.26,3775893,sample-prices
ELMW,2024-02-16,62.11,62.5,61.83,62.04,3242585,sample-prices
ELMW,2024-02-19,61.31,61.52,61.14,61.31,1376613,sample-prices
ELMW,2024-02-20,59.97,60.05,59.49,59.86,649536,sample-prices
ELMW,2024-02-21,61.03,61.12,60.77,61.01,3807246,sample-prices
ELMW,2024-02-22,60.37,60.77,60.21,60.38,2756571,sample-prices
ELMW,2024-02-23,61.61,61.89,61.39,61.72,3416337,sample-prices
ELMW,2024-02-26,62.32,62.53,62.06,62.37,870375,sample-prices
ELMW,2024-02-27,63.22,63.68,62.85,63.33,3508153,sample-prices
ELMW,2024-02-28,61.91,62.11,61.66,61.92,1624067,sample-prices
ELMW,2024-02-29,61.24,61.44,60.91,61.23,2797162,sample-prices
ELMW,2024-03-01,60.92,61.08,60.74,60.93,1817656,sample-prices
ELMW,2024-03-04,60.52,60.6,60.35,60.5,654041,sample-prices
ELMW,2024-03-05,60.94,61.0,60.75,60.86,3787367,sample-prices
ELMW,2024-03-06,61.99,62.26,61.7,61.96,2361393,sample-prices
ELMW,2024-03-07,62.69,62.87,62.43,62.73,1599197,sample-prices
ELMW,2024-03-08,61.75,62.24,61.29,61.69,2608387,sample-prices
ELMW,2024-03-11,62.95,63.16,62.92,62.95,2867746,sample-prices
ELMW,2024-03-12,62.56,63.17,62.27,62.58,967116,sample-prices
ELMW,2024-03-13,63.66,63.77,62.95,63.53,412065,sample-prices
ELMW,2024-03-14,62.61,63.02,62.15,62.49,3260373,sample-prices
ELMW,2024-03-15,61.83,61.83,61.44,61.83,2195426,sample-prices
ELMW,2024-03-18,62.04,62.06,61.94,62.04,2378424,sample-prices
ELMW,2024-03-19,60.75,61.18,60.35,60.85,3966155,sample-prices
ELMW,2024-03-20,61.76,62.08,61.52,61.94,312408,sample-prices
ELMW,2024-03-21,61.05,61.07,60.96,61.01,2575231,sample-prices
ELMW,2024-03-22,61.57,61.72,60.97,61.58,2792079,sample-prices
ELMW,2024-03-25,61.78,62.27,61.37,61.83,2643690,sample-prices
ELMW,2024-03-26,62.07,62.45,61.87,62.1,3999087,sample-prices
ELMW,2024-03-27,61.68,62.11,61.62,61.66,303028,sample-prices
ELMW,2024-03-28,60.64,60.79,60.55,60.72,774823,sample-prices
ELMW,2024-03-29,60.99,60.99,60.55,60.83,2139620,sample-prices
ELMW,2024-04-01,61.16,61.22,60.99,61.05,975980,sample-prices
ELMW,2024-04-02,60.65,60.98,60.44,60.84,1746057,sample-prices
ELMW,2024-04-03,61.36,61.48,61.3,61.42,1503275,sample-prices
ELMW,2024-04-04,60.85,60.9,60.66,60.84,709077,sample-prices
ELMW,2024-04-05,61.88,61.99,61.78,61.95,2014589,sample-prices
ELMW,2024-04-08,61.08,61.2,61.04,61.08,1760082,sample-prices
ELMW,2024-04-09,60.17,60.51,60.03,60.13,3069003,sample-prices
ELMW,2024-04-10,60.2,60.48,59.87,60.03,2549202,sample-prices
ELMW,2024-04-11,61.12,61.44,60.97,61.34,2214815,sample-prices
ELMW,2024-04-12,61.43,61.57,61.36,61.49,3138110,sample-prices
ELMW,2024-04-15,61.7,62.02,61.4,61.73,1342771,sample-prices
ELMW,2024-04-16,62.57,62.69,62.54,62.59,1125041,sample-prices
ELMW,2024-04-17,62.24,62.41,62.0,62.29,2048509,sample-prices
ELMW,2024-04-18,60.3,60.34,60.03,60.19,258691,sample-prices
ELMW,2024-04-19,60.76,60.76,60.61,60.71,3921646,sample-prices
ELMW,2024-04-22,60.14,60.31,59.8,60.15,3797775,sample-prices
ELMW,2024-04-23,61.03,61.16,61.0,61.09,2524859,sample-prices
ELMW,2024-04-24,61.89,62.24,61.35,61.89,3071415,sample-prices
ELMW,2024-04-25,61.63,61.72,61.27,61.58,3072907,sample-prices
ELMW,2024-04-26,61.95,62.21,61.54,61.84,2595047,sample-prices
ELMW,2024-04-29,61.81,61.88,61.56,61.7,2673532,sample-prices
ELMW,2024-04-30,63.06,63.64,62.97,63.14,2907926,sample-prices
ELMW,2024-05-01,61.24,61.97,61.15,61.34,704498,sample-prices
ELMW,2024-05-02,60.98,61.28,60.77,61.07,3465664,sample-prices
ELMW,2024-05-03,61.3,62.04,61.17,61.4,1162464,sample-prices
ELMW,2024-05-06,60.9,61.14,60.71,60.95,2249072,sample-prices
ELMW,2024-05-07,61.71,62.28,61.42,61.76,2612398,sample-prices
ELMW,2024-05-08,61.76,62.06,61.57,61.77,2307469,sample-prices
ELMW,2024-05-09,61.94,62.15,61.84,62.0,1530937,sample-prices
ELMW,2024-05-10,61.63,61.82,61.52,61.56,1550929,sample-prices
ELMW,2024-05-13,61.55,61.69,61.31,61.4,1181131,sample-prices
ELMW,2024-05-14,61.51,61.55,61.47,61.5,1334533,sample-prices
ELMW,2024-05-15,61.48,61.78,61.17,61.48,729924,sample-prices
ELMW,2024-05-16,63.21,63.38,62.96,63.21,2935583,sample-prices
ELMW,2024-05-17,63.38,63.54,62.79,63.29,631097,sample-prices
ELMW,2024-05-20,62.0,62.11,61.51,62.02,2407176,sample-prices
ELMW,2024-05-21,61.87,62.0,61.51,61.96,3003185,sample-prices
ELMW,2024-05-22,61.36,61.51,61.18,61.46,2024844,sample-prices
ELMW,2024-05-23,61.12,61.32,60.91,61.11,480716,sample-prices
ELMW,2024-05-24,61.13,61.49,60.82,61.08,2924390,sample-prices
ELMW,2024-05-27,61.64,62.13,61.29,61.54,2737392,sample-prices
ELMW,2024-05-28,60.31,60.55,60.25,60.36,3336462,sample-prices
ELMW,2024-05-29,61.5,61.99,61.36,61.62,1906296,sample-prices
ELMW,2024-05-30,63.6,63.67,63.38,63.56,3151536,sample-prices
ELMW,2024-05-31,62.88,62.93,62.62,62.83,2591054,sample-prices
ELMW,2024-06-03,61.81,61.95,61.43,61.94,1597051,sample-prices
ELMW,2024-06-04,60.97,61.44,60.73,61.08,3971141,sample-prices
ELMW,2024-06-05,60.93,60.96,60.77,60.78,2492810,sample-prices
ELMW,2024-06-06,61.57,61.67,61.34,61.49,226640,sample-prices
ELMW,2024-06-07,61.3,61.71,60.98,61.36,1829649,sample-prices
ELMW,2024-06-10,62.48,62.97,62.31,62.66,3781147,sample-prices
ELMW,2024-06-11,61.61,62.07,61.51,61.63,1188020,sample-prices
ELMW,2024-06-12,62.74,63.25,62.43,62.83,223862,sample-prices
ELMW,2024-06-13,62.96,63.2,62.89,62.92,1618511,sample-prices
ELMW,2024-06-14,65.12,65.32,64.88,64.93,613122,sample-prices
ELMW,2024-06-17,65.66,66.25,65.52,65.86,3678448,sample-prices
ELMW,2024-06-18,65.53,65.65,65.24,65.57,3827675,sample-prices
ELMW,2024-06-19,66.2,66.3,66.09,66.18,2639005,sample-prices
ELMW,2024-06-20,68.66,68.94,68.44,68.55,2069970,sample-prices
ELMW,2024-06-21,70.03,70.37,69.72,69.75,537697,sample-prices
ELMW,2024-06-24,68.61,68.72,68.47,68.63,679883,sample-prices
ELMW,2024-06-25,69.99,70.6,69.95,70.14,881506,sample-prices
ELMW,2024-06-26,69.15,69.46,68.94,69.29,2016490,sample-prices
ELMW,2024-06-27,68.48,68.54,68.2,68.53,202463,sample-prices
ELMW,2024-06-28,70.23,70.29,70.16,70.21,1284977,sample-prices
ELMW,2024-07-01,70.69,71.23,70.49,70.55,3817088,sample-prices
ELMW,2024-07-02,71.01,71.28,70.64,71.01,1269010,sample-prices
ELMW,2024-07-03,70.26,70.69,70.13,70.45,2548382,sample-prices
ELMW,2024-07-04,70.49,70.62,70.15,70.59,2004291,sample-prices
ELMW,2024-07-05,69.59,69.67,69.45,69.66,496180,sample-prices
ELMW,2024-07-08,69.1,69.17,68.83,68.98,3876808,sample-prices
ELMW,2024-07-09,69.28,69.7,68.91,69.42,2651232,sample-prices
ELMW,2024-07-10,68.75,69.15,68.7,68.72,954104,sample-prices
ELMW,2024-07-11,67.0,67.36,66.84,67.06,2364897,sample-prices
ELMW,2024-07-12,67.01,67.13,66.82,66.93,1765734,sample-prices
ELMW,2024-07-15,67.17,67.6,66.63,66.98,673410,sample-prices
ELMW,2024-07-16,67.89,67.98,67.42,67.81,1045129,sample-prices
ELMW,2024-07-17,67.76,67.95,67.5,67.8,400975,sample-prices
ELMW,2024-07-18,67.77,67.85,67.37,67.84,287277,sample-prices
ELMW,2024-07-19,66.64,66.79,66.36,66.76,3534008,sample-prices
ELMW,2024-07-22,66.81,66.84,66.67,66.76,3643601,sample-prices
ELMW,2024-07-23,66.42,66.75,66.11,66.34,2949571,sample-prices
ELMW,2024-07-24,65.96,66.4,65.83,66.01,3744092,sample-prices
ELMW,2024-07-25,64.82,64.93,64.14,64.69,2396721,sample-prices
ELMW,2024-07-26,64.62,64.87,64.44,64.63,2017029,sample-prices
ELMW,2024-07-29,65.13,65.47,64.86,65.03,1130845,sample-prices
ELMW,2024-07-30,63.14,63.33,63.08,63.27,2904918,sample-prices
ELMW,2024-07-31,62.78,63.15,62.4,62.7,211694,sample-prices
ELMW,2024-08-01,63.92,64.02,63.32,63.74,2366383,sample-prices
ELMW,2024-08-02,63.51,63.51,63.16,63.31,3978875,sample-prices
ELMW,2024-08-05,62.67,63.02,62.65,62.8,2289813,sample-prices
ELMW,2024-08-06,63.31,63.37,62.96,63.23,3449994,sample-prices
ELMW,2024-08-07,62.64,63.0,62.55,62.77,992281,sample-prices
ELMW,2024-08-08,63.38,63.7,63.3,63.41,3232718,sample-prices
ELMW,2024-08-09,62.74,62.92,62.5,62.65,2321154,sample-prices
ELMW,2024-08-12,62.29,62.43,61.74,62.21,2898267,sample-prices
ELMW,2024-08-13,61.95,61.96,61.7,61.89,2970447,sample-prices
ELMW,2024-08-14,62.83,63.11,62.73,62.93,2462505,sample-prices
ELMW,2024-08-15,64.22,64.47,64.12,64.27,3375283,sample-prices
ELMW,2024-08-16,63.36,63.56,62.92,63.17,1830874,sample-prices
ELMW,2024-08-19,61.75,62.28,61.35,61.63,3635771,sample-prices
ELMW,2024-08-20,60.85,61.39,60.82,60.91,991565,sample-prices
ELMW,2024-08-21,59.98,60.03,59.93,60.0,297582,sample-prices
ELMW,2024-08-22,59.6,59.81,59.46,59.73,1300910,sample-prices
ELMW,2024-08-23,59.15,59.16,59.04,59.09,1438154,sample-prices
ELMW,2024-08-26,57.94,58.28,57.51,58.0,3894440,sample-prices
ELMW,2024-08-27,59.32,59.43,59.12,59.31,2426295,sample-prices
ELMW,2024-08-28,60.17,60.28,59.96,60.08,3503985,sample-prices
ELMW,2024-08-29,59.11,59.26,58.83,59.14,473480,sample-prices
ELMW,2024-08-30,58.41,58.45,58.28,58.43,3987721,sample-prices
ELMW,2024-09-02,58.79,59.03,58.59,58.81,3498226,sample-prices
ELMW,2024-09-03,57.74,57.93,57.62,57.76,3557797,sample-prices
ELMW,2024-09-04,57.59,57.77,57.5,57.61,3721454,sample-prices
ELMW,2024-09-05,58.62,58.75,58.32,58.45,2900140,sample-prices
ELMW,2024-09-06,58.15,58.3,57.74,58.08,3450096,sample-prices
ELMW,2024-09-09,58.15,58.35,57.85,58.11,2932900,sample-prices
ELMW,2024-09-10,58.66,58.96,58.61,58.62,2497918,sample-prices
ELMW,2024-09-11,60.1,60.19,60.06,60.18,2047541,sample-prices
ELMW,2024-09-12,59.76,60.0,59.43,59.91,1869207,sample-prices
ELMW,2024-09-13,58.96,59.23,58.23,59.03,2570562,sample-prices
ELMW,2024-09-16,58.51,58.68,58.42,58.53,3155960,sample-prices
ELMW,2024-09-17,58.41,58.67,58.09,58.32,494349,sample-prices
ELMW,2024-09-18,58.32,58.43,58.05,58.24,2361309,sample-prices
ELMW,2024-09-19,57.42,57.66,57.31,57.51,3706551,sample-prices
ELMW,2024-09-20,58.04,58.25,57.72,57.95,1908518,sample-prices
ELMW,2024-09-23,57.08,57.56,57.02,57.14,866375,sample-prices
ELMW,2024-09-24,58.53,58.86,58.51,58.62,3897290,sample-prices
ELMW,2024-09-25,58.57,58.73,58.47,58.66,904484,sample-prices
ELMW,2024-09-26,60.48,60.73,60.26,60.61,1632732,sample-prices
ELMW,2024-09-27,60.97,61.41,60.97,60.97,1425156,sample-prices
ELMW,2024-09-30,60.91,61.22,60.8,60.91,3260530,sample-prices
ELMW,2024-10-01,59.57,59.71,59.46,59.57,2728547,sample-prices
ELMW,2024-10-02,59.37,59.69,59.18,59.35,3536661,sample-prices
ELMW,2024-10-03,59.48,59.83,59.35,59.47,1857124,sample-prices
ELMW,2024-10-04,59.29,59.74,59.11,59.4,673059,sample-prices
ELMW,2024-10-07,60.41,60.84,59.72,60.53,3938902,sample-prices
ELMW,2024-10-08,61.13,61.16,60.77,61.07,659408,sample-prices
ELMW,2024-10-09,62.3,62.37,62.06,62.23,255611,sample-prices
ELMW,2024-10-10,62.18,62.33,61.77,62.07,2880278,sample-prices
ELMW,2024-10-11,63.19,63.26,62.73,63.15,1949251,sample-prices
ELMW,2024-10-14,62.02,62.14,61.63,61.9,2669937,sample-prices
ELMW,2024-10-15,61.07,61.37,61.02,61.12,3575149,sample-prices
ELMW,2024-10-16,60.66,60.88,60.24,60.72,2638201,sample-prices
ELMW,2024-10-17,62.87,63.01,62.74,62.85,3917697,sample-prices
ELMW,2024-10-18,63.53,63.79,63.3,63.51,720947,sample-prices
ELMW,2024-10-21,63.4,63.5,63.12,63.36,391751,sample-prices
ELMW,2024-10-22,64.84,65.22,64.79,64.93,1433471,sample-prices
ELMW,2024-10-23,65.3,65.37,65.26,65.29,364189,sample-prices
ELMW,2024-10-24,64.21,64.23,64.02,64.14,1121855,sample-prices
ELMW,2024-10-25,64.13,64.45,63.7,64.03,1050919,sample-prices
ELMW,2024-10-28,65.06,65.08,65.0,65.06,2389218,sample-prices
ELMW,2024-10-29,66.12,66.33,66.06,66.09,1980643,sample-prices
ELMW,2024-10-30,66.58,67.03,65.92,66.72,2689187,sample-prices
ELMW,2024-10-31,68.35,68.68,68.26,68.43,2871484,sample-prices
ELMW,2024-11-01,68.28,69.12,68.27,68.43,388087,sample-prices
ELMW,2024-11-04,68.65,68.71,68.29,68.67,2088124,sample-prices
ELMW,2024-11-05,68.99,69.11,68.68,68.8,3614530,sample-prices
ELMW,2024-11-06,69.65,69.72,69.51,69.51,3033699,sample-prices
ELMW,2024-11-07,67.82,68.14,67.58,67.84,595786,sample-prices
ELMW,2024-11-08,67.34,67.57,67.21,67.38,235145,sample-prices
ELMW,2024-11-11,66.86,66.93,66.63,66.79,2707275,sample-prices
ELMW,2024-11-12,64.42,64.72,64.39,64.63,1249846,sample-prices
ELMW,2024-11-13,62.87,62.95,62.43,62.88,3773552,sample-prices
ELMW,2024-11-14,63.28,63.52,63.21,63.38,1389620,sample-prices
ELMW,2024-11-15,63.52,63.6,63.39,63.52,1646505,sample-prices
ELMW,2024-11-18,62.67,62.77,62.61,62.67,1602694,sample-prices
ELMW,2024-11-19,62.77,62.89,62.66,62.74,261026,sample-prices
ELMW,2024-11-20,62.38,62.98,61.83,62.53,1528623,sample-prices
ELMW,2024-11-21,63.03,63.41,62.48,63.11,669479,sample-prices
ELMW,2024-11-22,65.45,65.54,64.87,65.38,2674856,sample-prices
ELMW,2024-11-25,64.58,64.67,64.43,64.45,3445122,sample-prices
ELMW,2024-11-26,63.81,63.92,63.7,63.78,2274533,sample-prices
ELMW,2024-11-27,64.14,64.41,63.98,64.3,238281,sample-prices
ELMW,2024-11-28,64.5,64.55,64.4,64.41,1676223,sample-prices
ELMW,2024-11-29,63.61,63.69,63.38,63.52,2070219,sample-prices
ELMW,2024-12-02,64.18,64.27,63.58,64.25,2021455,sample-prices
ELMW,2024-12-03,64.97,65.11,64.54,64.82,2189485,sample-prices
ELMW,2024-12-04,64.51,64.59,64.31,64.32,681744,sample-prices
ELMW,2024-12-05,63.64,63.78,63.29,63.55,744259,sample-prices
ELMW,2024-12-06,63.48,63.73,63.48,63.54,2893683,sample-prices
ELMW,2024-12-09,63.67,63.92,63.45,63.7,2635636,sample-prices
ELMW,2024-12-10,63.59,64.0,63.55,63.55,937912,sample-prices
ELMW,2024-12-11,63.27,63.8,62.94,63.25,3803402,sample-prices
ELMW,2024-12-12,62.56,62.92,62.49,62.71,2009568,sample-prices
ELMW,2024-12-13,62.88,62.97,62.75,62.95,3383224,sample-prices
ELMW,2024-12-16,63.54,63.64,63.25,63.62,754826,sample-prices
ELMW,2024-12-17,64.06,64.14,63.93,63.94,3753102,sample-prices
ELMW,2024-12-18,61.97,62.14,61.95,62.1,3172573,sample-prices
ELMW,2024-12-19,63.81,63.99,63.48,63.69,2911809,sample-prices
ELMW,2024-12-20,64.03,64.35,63.82,63.95,3281526,sample-prices
ELMW,2024-12-23,63.71,64.22,63.7,63.89,1971986,sample-prices
ELMW,2024-12-24,62.69,63.06,62.58,62.72,1626840,sample-prices
ELMW,2024-12-25,63.49,63.76,63.44,63.49,725960,sample-prices
ELMW,2024-12-26,62.84,62.97,62.66,62.69,3946294,sample-prices
ELMW,2024-12-27,64.5,64.72,64.31,64.39,3432466,sample-prices
ELMW,2024-12-30,65.16,65.47,65.11,65.37,1010136,sample-prices
ELMW,2024-12-31,65.23,65.65,64.75,65.24,2236375,sample-prices
FORR,2022-06-01,91.11,91.65,90.79,91.44,2422111,sample-prices
FORR,2022-06-02,91.74,92.12,91.07,91.56,1179816,sample-prices
FORR,2022-06-03,92.38,93.11,92.08,92.57,2143568,sample-prices
FORR,2022-06-06,92.37,92.75,92.14,92.33,743508,sample-prices
FORR,2022-06-07,92.87,92.92,92.62,92.78,1311151,sample-prices
FORR,2022-06-08,94.2,95.24,94.05,94.53,1641540,sample-prices
FORR,2022-06-09,93.0,93.49,92.66,93.14,3724133,sample-prices
FORR,2022-06-10,94.1,94.69,93.35,93.87,2062697,sample-prices
FORR,2022-06-13,96.13,96.16,95.98,96.07,527312,sample-prices
FORR,2022-06-14,94.91,95.26,94.83,95.07,1486612,sample-prices
FORR,2022-06-15,96.31,96.46,96.26,96.37,3913393,sample-prices
FORR,2022-06-16,97.24,97.59,97.09,97.21,2048172,sample-prices
FORR,2022-06-17,98.97,99.21,98.55,98.82,770647,sample-prices
FORR,2022-06-20,97.63,97.76,97.07,97.65,1568716,sample-prices
FORR,2022-06-21,99.66,100.06,99.32,99.92,250818,sample-prices
FORR,2022-06-22,103.24,103.37,103.19,103.34,2990596,sample-prices
FORR,2022-06-23,101.43,101.47,100.44,101.37,2890143,sample-prices
FORR,2022-06-24,100.89,101.13,100.25,100.74,2658446,sample-prices
FORR,2022-06-27,101.17,101.82,101.17,101.18,1459021,sample-prices
FORR,2022-06-28,98.62,98.79,98.34,98.49,972124,sample-prices
FORR,2022-06-29,101.54,102.26,101.36,101.62,3450252,sample-prices
FORR,2022-06-30,101.41,101.44,101.18,101.21,1410974,sample-prices
FORR,2022-07-01,100.2,100.72,99.92,100.13,2565732,sample-prices
FORR,2022-07-04,98.84,99.43,98.71,98.83,2922935,sample-prices
FORR,2022-07-05,101.84,101.98,101.69,101.9,2258926,sample-prices
FORR,2022-07-06,100.57,100.94,100.4,100.56,732970,sample-prices
FORR,2022-07-07,101.21,101.36,100.73,101.18,3926842,sample-prices
FORR,2022-07-08,100.65,100.86,100.13,100.28,1653682,sample-prices
FORR,2022-07-11,100.19,101.1,99.82,100.05,1556976,sample-prices
FORR,2022-07-12,101.06,101.46,100.13,101.02,3474629,sample-prices
FORR,2022-07-13,98.86,99.1,98.77,98.78,533439,sample-prices
FORR,2022-07-14,97.79,98.36,97.3,97.91,2798833,sample-prices
FORR,2022-07-15,98.48,99.15,98.13,98.31,2141667,sample-prices
FORR,2022-07-18,100.95,101.4,100.85,100.9,2953310,sample-prices
FORR,2022-07-19,99.59,99.74,98.91,99.57,625536,sample-prices
FORR,2022-07-20,97.88,97.91,97.75,97.9,718438,sample-prices
FORR,2022-07-21,95.78,96.21,95.7,95.88,2517591,sample-prices
FORR,2022-07-22,96.21,96.51,95.93,96.36,3057891,sample-prices
FORR,2022-07-25,94.2,94.83,94.02,94.57,2415293,sample-prices
FORR,2022-07-26,94.85,95.22,94.84,94.91,1914522,sample-prices
FORR,2022-07-27,93.65,94.42,93.49,93.7,499546,sample-prices
FORR,2022-07-28,93.55,93.7,92.99,93.37,1640432,sample-prices
FORR,2022-07-29,91.76,92.0,91.1,91.91,824117,sample-prices
FORR,2022-08-01,92.98,93.1,92.97,93.03,753940,sample-prices
FORR,2022-08-02,95.26,95.3,95.11,95.22,1616455,sample-prices
FORR,2022-08-03,95.93,96.31,95.53,95.99,2011574,sample-prices
FORR,2022-08-04,97.48,97.69,97.1,97.24,3530130,sample-prices
FORR,2022-08-05,100.98,101.43,100.84,100.95,1457848,sample-prices
FORR,2022-08-08,98.69,99.24,98.59,98.81,3870305,sample-prices
FORR,2022-08-09,98.77,99.06,98.03,98.61,3788719,sample-prices
FORR,2022-08-10,99.21,99.48,98.71,99.17,590773,sample-prices
FORR,2022-08-11,99.43,99.76,99.0,99.26,1116733,sample-prices
FORR,2022-08-12,100.19,100.38,99.34,100.24,2097366,sample-prices
FORR,2022-08-15,99.6,99.95,99.32,99.6,3107941,sample-prices
FORR,2022-08-16,102.07,102.17,101.84,102.07,3716276,sample-prices
FORR,2022-08-17,104.09,104.33,103.52,103.85,2239346,sample-prices
FORR,2022-08-18,104.32,104.5,104.01,104.35,746805,sample-prices
FORR,2022-08-19,103.94,104.63,103.63,104.07,2601766,sample-prices
FORR,2022-08-22,103.83,104.11,103.11,103.77,210615,sample-prices
FORR,2022-08-23,105.14,106.13,104.95,105.03,2455205,sample-prices
FORR,2022-08-24,105.9,106.04,105.33,105.77,2324757,sample-prices
FORR,2022-08-25,105.15,105.45,104.49,104.98,3825777,sample-prices
FORR,2022-08-26,106.52,107.13,106.46,106.76,1917896,sample-prices
FORR,2022-08-29,108.66,108.76,108.01,108.39,2424524,sample-prices
FORR,2022-08-30,108.52,108.85,107.67,108.16,3733106,sample-prices
FORR,2022-08-31,110.15,110.46,109.93,110.15,2087108,sample-prices
FORR,2022-09-01,109.12,109.22,108.76,109.19,2714044,sample-prices
FORR,2022-09-02,107.72,107.8,107.32,107.67,1875496,sample-prices
FORR,2022-09-05,108.67,109.14,108.11,108.66,1244086,sample-prices
FORR,2022-09-06,110.87,111.06,110.53,110.88,1758934,sample-prices
FORR,2022-09-07,110.83,111.15,110.71,110.89,3517013,sample-prices
FORR,2022-09-08,112.77,112.79,112.42,112.74,3142611,sample-prices
FORR,2022-09-09,110.72,111.02,110.29,110.65,808699,sample-prices
FORR,2022-09-12,109.55,109.63,108.73,109.49,3190710,sample-prices
FORR,2022-09-13,107.39,107.8,107.33,107.56,3102963,sample-prices
FORR,2022-09-14,105.41,106.18,104.74,105.52,1306251,sample-prices
FORR,2022-09-15,104.52,104.72,104.11,104.64,1690886,sample-prices
FORR,2022-09-16,106.06,106.41,105.41,105.84,2254456,sample-prices
FORR,2022-09-19,105.95,106.32,105.13,105.88,416449,sample-prices
FORR,2022-09-20,106.01,107.12,105.82,105.86,2004482,sample-prices
FORR,2022-09-21,103.84,104.01,103.12,103.98,2225264,sample-prices
FORR,2022-09-22,103.46,103.87,103.0,103.48,2751890,sample-prices
FORR,2022-09-23,105.5,105.6,104.79,105.47,983977,sample-prices
FORR,2022-09-26,105.41,105.48,105.19,105.24,563589,sample-prices
FORR,2022-09-27,104.26,104.87,103.81,104.28,2219766,sample-prices
FORR,2022-09-28,104.57,105.09,103.92,104.32,2290709,sample-prices
FORR,2022-09-29,105.7,105.76,105.35,105.74,1617243,sample-prices
FORR,2022-09-30,106.37,106.38,105.84,106.34,630955,sample-prices
FORR,2022-10-03,106.12,106.81,105.19,106.27,825690,sample-prices
FORR,2022-10-04,108.05,108.16,107.91,107.94,1979189,sample-prices
FORR,2022-10-05,107.55,108.42,107.21,107.34,782533,sample-prices
FORR,2022-10-06,108.39,108.63,108.13,108.53,3249340,sample-prices
FORR,2022-10-07,107.61,108.24,106.95,107.83,3433976,sample-prices
FORR,2022-10-10,105.62,106.3,105.49,105.78,1441637,sample-prices
FORR,2022-10-11,105.31,106.1,104.84,105.21,1652138,sample-prices
FORR,2022-10-12,107.08,107.09,106.85,107.02,418597,sample-prices
FORR,2022-10-13,109.24,109.48,108.97,109.16,826420,sample-prices
FORR,2022-10-14,110.86,111.07,109.58,111.02,515104,sample-prices
FORR,2022-10-17,109.47,109.57,109.33,109.42,2986002,sample-prices
FORR,2022-10-18,108.3,108.44,108.09,108.35,209410,sample-prices
FORR,2022-10-19,106.78,107.07,106.3,106.69,3925976,sample-prices
FORR,2022-10-20,105.49,105.92,105.11,105.42,2247882,sample-prices
FORR,2022-10-21,104.07,104.46,103.55,103.97,2051440,sample-prices
FORR,2022-10-24,103.78,104.22,103.55,103.93,3245145,sample-prices
FORR,2022-10-25,103.64,103.82,103.16,103.81,1227628,sample-prices
FORR,2022-10-26,104.91,104.92,104.67,104.78,511807,sample-prices
FORR,2022-10-27,105.51,105.91,105.03,105.66,3835484,sample-prices
FORR,2022-10-28,106.62,107.01,106.51,106.71,3289876,sample-prices
FORR,2022-10-31,108.15,108.3,107.89,108.0,3897540,sample-prices
FORR,2022-11-01,106.61,107.58,105.73,106.55,3010233,sample-prices
FORR,2022-11-02,106.94,107.66,106.74,107.01,335355,sample-prices
FORR,2022-11-03,106.21,106.87,105.77,105.99,3705194,sample-prices
FORR,2022-11-04,104.62,104.87,104.18,104.85,2331605,sample-prices
FORR,2022-11-07,103.2,104.02,102.64,103.16,3999904,sample-prices
FORR,2022-11-08,102.28,102.47,101.99,102.36,3221831,sample-prices
FORR,2022-11-09,100.38,100.55,100.25,100.46,422805,sample-prices
FORR,2022-11-10,101.79,102.05,101.05,101.69,2138082,sample-prices
FORR,2022-11-11,104.77,105.17,104.59,104.71,2886218,sample-prices
FORR,2022-11-14,105.53,105.97,104.98,105.49,1905744,sample-prices
FORR,2022-11-15,105.82,106.01,105.13,105.87,2761873,sample-prices
FORR,2022-11-16,103.67,104.55,103.46,103.87,263198,sample-prices
FORR,2022-11-17,104.82,104.98,104.4,104.87,3789404,sample-prices
FORR,2022-11-18,103.4,103.72,102.05,103.46,3203629,sample-prices
FORR,2022-11-21,101.32,101.54,101.32,101.45,3692732,sample-prices
FORR,2022-11-22,102.73,102.93,102.32,102.68,2054819,sample-prices
FORR,2022-11-23,102.75,103.04,101.71,102.7,612325,sample-prices
FORR,2022-11-24,104.11,104.7,103.57,104.07,3025994,sample-prices
FORR,2022-11-25,102.44,102.97,101.45,102.36,3842141,sample-prices
FORR,2022-11-28,101.58,101.92,101.41,101.91,468730,sample-prices
FORR,2022-11-29,103.56,104.09,103.13,103.62,2224139,sample-prices
FORR,2022-11-30,103.29,103.44,102.91,103.21,3184583,sample-prices
FORR,2022-12-01,103.97,104.35,103.71,103.87,1048189,sample-prices
FORR,2022-12-02,102.41,102.69,101.74,102.34,2438062,sample-prices
FORR,2022-12-05,104.42,104.6,104.1,104.4,985233,sample-prices
FORR,2022-12-06,102.84,103.03,102.24,102.61,822926,sample-prices
FORR,2022-12-07,101.82,102.23,101.27,101.64,3584802,sample-prices
FORR,2022-12-08,103.85,104.22,103.53,103.79,3522879,sample-prices
FORR,2022-12-09,104.81,105.54,104.12,104.63,2930497,sample-prices
FORR,2022-12-12,107.54,107.56,106.75,107.31,659904,sample-prices
FORR,2022-12-13,110.67,111.21,110.42,110.66,1936598,sample-prices
FORR,2022-12-14,107.55,107.66,107.35,107.62,3884620,sample-prices
FORR,2022-12-15,109.1,109.57,108.56,109.28,3107397,sample-prices
FORR,2022-12-16,111.99,112.64,111.17,112.07,1074261,sample-prices
FORR,2022-12-19,115.08,115.83,114.65,115.09,2196731,sample-prices
FORR,2022-12-20,115.33,115.96,114.61,115.67,2506675,sample-prices
FORR,2022-12-21,117.66,117.88,117.15,117.62,2957827,sample-prices
FORR,2022-12-22,120.53,120.6,120.38,120.52,3887165,sample-prices
FORR,2022-12-23,120.34,120.58,119.72,120.04,2441025,sample-prices
FORR,2022-12-26,117.76,117.94,117.67,117.73,2364171,sample-prices
FORR,2022-12-27,115.88,116.01,115.42,115.83,2682393,sample-prices
FORR,2022-12-28,116.01,116.2,115.48,115.89,3483988,sample-prices
FORR,2022-12-29,115.44,115.98,115.25,115.28,2773076,sample-prices
FORR,2022-12-30,112.31,113.04,112.02,112.12,1410499,sample-prices
FORR,2023-01-02,109.88,109.97,108.68,109.71,3191163,sample-prices
FORR,2023-01-03,109.39,109.77,109.15,109.26,1289774,sample-prices
FORR,2023-01-04,110.05,110.73,109.5,110.06,3059515,sample-prices
FORR,2023-01-05,110.93,111.21,110.7,111.16,2164242,sample-prices
FORR,2023-01-06,112.81,114.09,112.12,113.01,518909,sample-prices
FORR,2023-01-09,115.79,116.06,115.48,115.62,2690591,sample-prices
FORR,2023-01-10,115.58,115.62,114.46,115.33,224277,sample-prices
FORR,2023-01-11,113.88,114.25,112.78,113.71,3978823,sample-prices
FORR,2023-01-12,115.32,115.73,114.62,115.04,2115393,sample-prices
FORR,2023-01-13,116.45,117.45,116.14,116.71,1410313,sample-prices
FORR,2023-01-16,116.95,117.17,116.78,116.87,720486,sample-prices
FORR,2023-01-17,119.39,119.68,118.74,119.36,1987125,sample-prices
FORR,2023-01-18,116.5,116.84,116.03,116.42,470868,sample-prices
FORR,2023-01-19,117.44,117.99,116.93,117.54,3906907,sample-prices
FORR,2023-01-20,117.2,117.68,117.18,117.55,2829578,sample-prices
FORR,2023-01-23,118.11,118.62,117.85,118.13,936919,sample-prices
FORR,2023-01-24,121.53,121.76,121.33,121.48,3340659,sample-prices
FORR,2023-01-25,121.76,121.81,121.37,121.56,1694541,sample-prices
FORR,2023-01-26,121.45,121.74,120.78,121.28,239561,sample-prices
FORR,2023-01-27,122.56,122.78,122.33,122.38,2884057,sample-prices
FORR,2023-01-30,122.84,123.4,122.67,122.7,3110196,sample-prices
FORR,2023-01-31,122.18,123.28,121.36,122.44,3877735,sample-prices
FORR,2023-02-01,121.73,122.1,121.71,121.77,3287744,sample-prices
FORR,2023-02-02,121.06,121.34,120.37,121.06,426464,sample-prices
FORR,2023-02-03,119.6,119.69,119.18,119.55,1324320,sample-prices
FORR,2023-02-06,118.69,119.39,118.68,118.73,2594421,sample-prices
FORR,2023-02-07,122.12,122.13,122.0,122.07,657816,sample-prices
FORR,2023-02-08,122.54,122.54,122.35,122.51,2692959,sample-prices
FORR,2023-02-09,123.52,123.57,122.67,123.45,3210927,sample-prices
FORR,2023-02-10,126.76,127.24,126.38,126.75,2205025,sample-prices
FORR,2023-02-13,129.14,129.51,129.0,129.28,2303677,sample-prices
FORR,2023-02-14,128.51,128.81,127.72,128.67,3630012,sample-prices
FORR,2023-02-15,130.21,131.03,129.74,130.46,2546268,sample-prices
FORR,2023-02-16,129.34,130.3,128.8,129.22,2975052,sample-prices
FORR,2023-02-17,130.03,130.36,129.4,129.78,3372093,sample-prices
FORR,2023-02-20,127.78,128.33,127.06,128.05,770988,sample-prices
FORR,2023-02-21,128.36,129.34,127.91,128.26,3365328,sample-prices
FORR,2023-02-22,128.79,128.8,128.13,128.74,307964,sample-prices
FORR,2023-02-23,128.9,129.56,128.41,128.51,337516,sample-prices
FORR,2023-02-24,126.7,127.35,125.73,126.67,2065976,sample-prices
FORR,2023-02-27,122.5,123.08,121.85,122.77,457882,sample-prices
FORR,2023-02-28,119.98,120.04,119.6,119.8,3832558,sample-prices
FORR,2023-03-01,121.42,121.84,121.2,121.47,738126,sample-prices
FORR,2023-03-02,124.46,124.56,124.21,124.27,2337364,sample-prices
FORR,2023-03-03,125.39,126.19,125.15,125.33,2071207,sample-prices
FORR,2023-03-06,125.7,126.09,125.15,125.51,893445,sample-prices
FORR,2023-03-07,123.57,124.66,123.35,124.03,1427024,sample-prices
FORR,2023-03-08,123.7,124.4,122.87,123.34,3528385,sample-prices
FORR,2023-03-09,121.75,123.05,121.44,121.89,1380705,sample-prices
FORR,2023-03-10,123.78,123.86,123.38,123.66,2358759,sample-prices
FORR,2023-03-13,122.48,122.99,121.62,122.51,2103416,sample-prices
FORR,2023-03-14,122.81,123.31,122.81,123.17,2396931,sample-prices
FORR,2023-03-15,122.96,123.13,122.69,123.13,2297019,sample-prices
FORR,2023-03-16,126.61,126.88,126.34,126.57,743791,sample-prices
FORR,2023-03-17,124.78,126.04,124.64,124.79,2796600,sample-prices
FORR,2023-03-20,124.19,125.1,123.01,124.71,2690369,sample-prices
FORR,2023-03-21,127.69,127.87,126.18,127.38,2624160,sample-prices
FORR,2023-03-22,126.97,126.97,126.65,126.92,3723260,sample-prices
FORR,2023-03-23,127.22,127.47,127.12,127.31,1985206,sample-prices
FORR,2023-03-24,127.57,128.6,127.0,127.65,1194758,sample-prices
FORR,2023-03-27,128.79,129.68,128.22,128.94,2548011,sample-prices
FORR,2023-03-28,130.73,131.56,130.27,130.8,1496892,sample-prices
FORR,2023-03-29,131.93,132.47,131.28,132.07,2594337,sample-prices
FORR,2023-03-30,136.4,136.63,136.37,136.42,1519776,sample-prices
FORR,2023-03-31,136.3,136.79,135.48,136.07,2738277,sample-prices
FORR,2023-04-03,135.78,136.01,134.98,135.78,1732633,sample-prices
FORR,2023-04-04,139.2,139.74,138.34,139.22,3859296,sample-prices
FORR,2023-04-05,138.98,139.26,138.48,138.66,755759,sample-prices
FORR,2023-04-06,136.96,137.41,136.55,137.23,2577044,sample-prices
FORR,2023-04-07,135.59,136.16,135.45,135.71,1523691,sample-prices
FORR,2023-04-10,136.1,137.38,136.01,136.09,1994266,sample-prices
FORR,2023-04-11,135.36,135.52,135.35,135.37,626019,sample-prices
FORR,2023-04-12,136.39,136.78,136.38,136.51,2225701,sample-prices
FORR,2023-04-13,138.63,138.73,137.82,138.18,2543137,sample-prices
FORR,2023-04-14,141.02,141.83,140.78,141.3,3098385,sample-prices
FORR,2023-04-17,138.3,138.4,136.9,138.11,2437437,sample-prices
FORR,2023-04-18,136.69,137.04,136.23,136.45,216446,sample-prices
FORR,2023-04-19,132.99,134.08,132.73,133.51,1473998,sample-prices
FORR,2023-04-20,134.4,135.04,133.9,134.33,485780,sample-prices
FORR,2023-04-21,135.54,136.24,135.22,135.61,619478,sample-prices
FORR,2023-04-24,136.31,136.87,136.08,136.37,2689388,sample-prices
FORR,2023-04-25,134.96,136.03,134.9,135.26,1100932,sample-prices
FORR,2023-04-26,135.93,136.21,135.42,135.94,1739594,sample-prices
FORR,2023-04-27,135.01,135.85,134.64,135.03,333852,sample-prices
FORR,2023-04-28,133.14,133.61,132.89,133.06,421198,sample-prices
FORR,2023-05-01,130.84,131.52,130.58,130.94,976373,sample-prices
FORR,2023-05-02,134.79,134.95,134.31,134.44,467049,sample-prices
FORR,2023-05-03,134.19,134.59,133.69,134.27,3840888,sample-prices
FORR,2023-05-04,135.94,136.45,135.42,135.6,1586126,sample-prices
FORR,2023-05-05,136.53,136.6,136.43,136.54,3845774,sample-prices
FORR,2023-05-08,140.07,140.48,139.61,140.04,3720892,sample-prices
FORR,2023-05-09,140.61,141.31,139.91,140.68,3233148,sample-prices
FORR,2023-05-10,141.56,142.74,141.44,141.98,366088,sample-prices
FORR,2023-05-11,143.25,143.83,142.76,142.9,1216637,sample-prices
FORR,2023-05-12,139.1,140.01,138.35,139.52,3872953,sample-prices
FORR,2023-05-15,137.54,137.98,136.95,137.66,1958082,sample-prices
FORR,2023-05-16,136.94,138.44,136.16,136.99,2038542,sample-prices
FORR,2023-05-17,135.37,135.48,134.91,135.4,3428409,sample-prices
FORR,2023-05-18,135.41,135.64,134.83,135.49,487219,sample-prices
FORR,2023-05-19,136.13,136.17,135.94,136.04,1906765,sample-prices
FORR,2023-05-22,137.17,137.95,136.76,136.96,3325800,sample-prices
FORR,2023-05-23,137.46,138.16,136.99,137.5,2942877,sample-prices
FORR,2023-05-24,137.81,138.14,137.44,138.03,726253,sample-prices
FORR,2023-05-25,138.91,139.65,138.48,139.07,1045356,sample-prices
FORR,2023-05-26,137.46,138.11,136.93,137.49,3363359,sample-prices
FORR,2023-05-29,136.52,137.73,135.8,136.81,2061131,sample-prices
FORR,2023-05-30,136.92,137.14,136.76,136.84,2281357,sample-prices
FORR,2023-05-31,131.27,132.39,130.29,131.44,2835256,sample-prices
FORR,2023-06-01,130.86,131.2,130.63,131.05,1520647,sample-prices
FORR,2023-06-02,128.39,128.97,127.68,127.79,3745581,sample-prices
FORR,2023-06-05,126.02,126.27,125.79,125.84,3308735,sample-prices
FORR,2023-06-06,126.04,126.4,125.79,125.96,1925103,sample-prices
FORR,2023-06-07,125.08,125.88,124.43,124.82,774624,sample-prices
FORR,2023-06-08,125.29,126.01,125.21,125.36,1160859,sample-prices
FORR,2023-06-09,124.21,124.31,124.19,124.29,1718625,sample-prices
FORR,2023-06-12,124.7,125.32,124.48,124.73,3745620,sample-prices
FORR,2023-06-13,124.29,124.69,124.09,124.34,2888550,sample-prices
FORR,2023-06-14,121.53,121.85,121.2,121.25,1810175,sample-prices
FORR,2023-06-15,120.77,121.91,120.47,120.89,2117166,sample-prices
FORR,2023-06-16,120.73,121.16,119.78,120.75,1005716,sample-prices
FORR,2023-06-19,121.54,121.78,121.21,121.57,946047,sample-prices
FORR,2023-06-20,123.41,124.16,123.34,123.59,655883,sample-prices
FORR,2023-06-21,124.94,125.39,124.28,125.0,3719810,sample-prices
FORR,2023-06-22,123.59,123.73,123.2,123.47,354846,sample-prices
FORR,2023-06-23,119.7,120.13,119.09,119.85,2825128,sample-prices
FORR,2023-06-26,118.34,119.1,117.97,118.33,3173530,sample-prices
FORR,2023-06-27,117.82,118.68,116.35,117.67,3548573,sample-prices
FORR,2023-06-28,114.78,115.51,114.62,114.71,1895396,sample-prices
FORR,2023-06-29,116.19,116.51,115.03,116.34,545221,sample-prices
FORR,2023-06-30,118.2,118.88,117.96,118.26,1871632,sample-prices
FORR,2023-07-03,117.02,117.07,116.68,117.04,2348683,sample-prices
FORR,2023-07-04,117.36,118.44,116.84,117.53,275988,sample-prices
FORR,2023-07-05,116.65,116.8,116.37,116.7,2303268,sample-prices
FORR,2023-07-06,114.59,115.56,114.43,114.51,493911,sample-prices
FORR,2023-07-07,116.98,117.98,116.87,117.23,820551,sample-prices
FORR,2023-07-10,117.63,118.76,117.58,117.96,2963708,sample-prices
FORR,2023-07-11,114.68,114.77,114.43,114.66,3851688,sample-prices
FORR,2023-07-12,116.2,116.62,115.92,115.99,2475157,sample-prices
FORR,2023-07-13,115.16,115.53,114.86,115.21,887512,sample-prices
FORR,2023-07-14,115.66,115.77,115.42,115.63,585772,sample-prices
FORR,2023-07-17,117.74,117.96,117.43,117.82,1380968,sample-prices
FORR,2023-07-18,116.89,117.29,116.61,117.09,210605,sample-prices
FORR,2023-07-19,119.04,119.07,118.87,119.04,3261430,sample-prices
FORR,2023-07-20,118.42,119.03,117.99,118.7,3859626,sample-prices
FORR,2023-07-21,118.62,118.85,118.03,118.68,3774266,sample-prices
FORR,2023-07-24,117.36,117.65,117.33,117.52,2095014,sample-prices
FORR,2023-07-25,118.28,118.3,117.86,118.23,1597165,sample-prices
FORR,2023-07-26,119.5,120.32,119.19,119.49,3064573,sample-prices
FORR,2023-07-27,120.33,120.45,119.31,120.32,215596,sample-prices
FORR,2023-07-28,120.96,121.53,120.18,121.06,1528573,sample-prices
FORR,2023-07-31,120.34,120.39,119.96,120.21,454086,sample-prices
FORR,2023-08-01,119.59,119.95,119.02,119.63,2605084,sample-prices
FORR,2023-08-02,120.47,120.97,119.66,120.19,1666922,sample-prices
FORR,2023-08-03,121.43,121.7,121.4,121.46,2658423,sample-prices
FORR,2023-08-04,122.08,122.33,120.84,121.64,720744,sample-prices
FORR,2023-08-07,121.37,121.74,121.12,121.72,1497073,sample-prices
FORR,2023-08-08,123.17,123.74,122.69,123.37,576255,sample-prices
FORR,2023-08-09,122.25,122.62,121.39,122.44,1071662,sample-prices
FORR,2023-08-10,122.72,122.84,122.39,122.64,3743599,sample-prices
FORR,2023-08-11,122.93,123.18,122.69,122.86,1838001,sample-prices
FORR,2023-08-14,122.85,123.46,122.83,123.01,1941627,sample-prices
FORR,2023-08-15,122.93,123.38,122.3,122.88,3534164,sample-prices
FORR,2023-08-16,124.04,124.86,123.9,124.29,1720318,sample-prices
FORR,2023-08-17,123.48,123.73,123.24,123.58,3089297,sample-prices
FORR,2023-08-18,123.76,123.77,122.81,123.32,2652515,sample-prices
FORR,2023-08-21,123.06,123.48,122.95,123.04,2757657,sample-prices
FORR,2023-08-22,122.33,123.07,122.27,122.6,1554024,sample-prices
FORR,2023-08-23,127.39,128.45,126.95,127.04,3236789,sample-prices
FORR,2023-08-24,131.04,131.83,130.26,130.95,1059363,sample-prices
FORR,2023-08-25,134.02,134.21,133.54,133.84,3100153,sample-prices
FORR,2023-08-28,133.3,133.68,133.17,133.46,3419580,sample-prices
FORR,2023-08-29,132.63,133.51,132.41,132.89,2259629,sample-prices
FORR,2023-08-30,135.64,136.33,135.24,135.58,2938340,sample-prices
FORR,2023-08-31,136.33,136.93,134.93,136.28,2321281,sample-prices
FORR,2023-09-01,134.78,134.78,134.35,134.62,2685371,sample-prices
FORR,2023-09-04,132.15,132.72,131.74,132.19,2587486,sample-prices
FORR,2023-09-05,134.25,134.35,133.72,134.21,2037760,sample-prices
FORR,2023-09-06,133.35,133.45,132.27,133.14,570434,sample-prices
FORR,2023-09-07,133.12,133.83,132.64,133.48,3374953,sample-prices
FORR,2023-09-08,136.89,137.75,136.63,136.69,1865227,sample-prices
FORR,2023-09-11,134.77,135.72,134.18,134.84,1172567,sample-prices
FORR,2023-09-12,134.05,134.35,133.46,134.25,874579,sample-prices
FORR,2023-09-13,134.44,134.82,133.42,134.76,773425,sample-prices
FORR,2023-09-14,134.3,134.98,134.0,134.54,3274349,sample-prices
FORR,2023-09-15,133.35,133.69,132.57,132.91,500955,sample-prices
FORR,2023-09-18,133.02,133.17,132.56,132.76,3844601,sample-prices
FORR,2023-09-19,130.29,130.32,129.74,130.28,3643967,sample-prices
FORR,2023-09-20,133.09,133.84,132.95,133.09,1711870,sample-prices
FORR,2023-09-21,132.32,132.36,132.06,132.28,2233571,sample-prices
FORR,2023-09-22,134.59,134.74,133.63,134.39,797564,sample-prices
FORR,2023-09-25,135.14,135.88,134.0,134.84,1564318,sample-prices
FORR,2023-09-26,136.82,137.59,136.15,136.57,3782879,sample-prices
FORR,2023-09-27,138.04,139.06,137.25,138.02,2915988,sample-prices
FORR,2023-09-28,134.32,135.54,134.27,134.29,2829729,sample-prices
FORR,2023-09-29,134.84,134.9,134.53,134.73,510992,sample-prices
FORR,2023-10-02,134.97,135.39,134.47,134.99,2241069,sample-prices
FORR,2023-10-03,136.68,136.87,136.2,136.61,2691414,sample-prices
FORR,2023-10-04,133.67,134.38,133.45,133.7,2028212,sample-prices
FORR,2023-10-05,135.15,135.53,134.81,135.3,3838092,sample-prices
FORR,2023-10-06,137.15,138.06,137.03,137.36,3421337,sample-prices
FORR,2023-10-09,137.56,138.66,137.0,137.43,484498,sample-prices
FORR,2023-10-10,140.03,140.48,139.51,139.84,3020386,sample-prices
FORR,2023-10-11,139.72,139.82,139.22,139.55,3183290,sample-prices
FORR,2023-10-12,139.94,140.62,139.59,140.17,258035,sample-prices
FORR,2023-10-13,140.21,140.75,139.95,140.21,774678,sample-prices
FORR,2023-10-16,140.21,141.15,139.48,140.08,1641061,sample-prices
FORR,2023-10-17,135.63,135.91,135.59,135.72,250709,sample-prices
FORR,2023-10-18,136.89,137.78,136.5,136.95,3363664,sample-prices
FORR,2023-10-19,137.95,138.34,136.61,137.81,2137072,sample-prices
FORR,2023-10-20,137.13,137.37,136.88,137.19,1052748,sample-prices
FORR,2023-10-23,134.75,135.4,133.99,134.51,2387009,sample-prices
FORR,2023-10-24,135.12,135.21,134.42,135.02,1364745,sample-prices
FORR,2023-10-25,134.02,134.34,133.76,133.89,368346,sample-prices
FORR,2023-10-26,136.42,137.44,136.39,136.49,803442,sample-prices
FORR,2023-10-27,137.87,138.85,137.3,137.86,3394283,sample-prices
FORR,2023-10-30,138.66,139.71,138.27,138.61,3163738,sample-prices
FORR,2023-10-31,138.42,138.93,137.97,138.86,3157958,sample-prices
FORR,2023-11-01,137.98,138.95,137.75,137.89,501913,sample-prices
FORR,2023-11-02,135.51,135.62,134.86,135.45,3539852,sample-prices
FORR,2023-11-03,138.19,139.24,137.08,138.33,307029,sample-prices
FORR,2023-11-06,136.73,137.05,136.36,136.76,2892082,sample-prices
FORR,2023-11-07,137.05,137.5,136.65,137.01,3718452,sample-prices
FORR,2023-11-08,134.76,135.18,133.65,134.86,1168967,sample-prices
FORR,2023-11-09,137.68,137.97,137.45,137.52,2212140,sample-prices
FORR,2023-11-10,141.38,142.15,140.74,141.6,3137088,sample-prices
FORR,2023-11-13,140.18,140.43,139.59,140.06,1632733,sample-prices
FORR,2023-11-14,138.35,138.47,137.45,138.29,1785540,sample-prices
FORR,2023-11-15,138.58,139.12,138.2,138.28,1304500,sample-prices
FORR,2023-11-16,135.52,136.26,135.5,135.68,3270257,sample-prices
FORR,2023-11-17,138.96,139.94,138.83,139.29,3153885,sample-prices
FORR,2023-11-20,136.87,138.36,136.73,137.41,606958,sample-prices
FORR,2023-11-21,139.25,139.43,138.79,139.34,1491465,sample-prices
FORR,2023-11-22,139.75,140.45,139.41,139.43,1152954,sample-prices
FORR,2023-11-23,136.96,137.18,135.68,136.67,981301,sample-prices
FORR,2023-11-24,134.99,136.03,134.87,135.05,891481,sample-prices
FORR,2023-11-27,136.53,137.2,136.0,136.8,1428251,sample-prices
FORR,2023-11-28,137.21,138.0,137.16,137.42,379897,sample-prices
FORR,2023-11-29,138.26,138.49,136.95,138.0,3561424,sample-prices
FORR,2023-11-30,137.54,137.72,137.25,137.44,478529,sample-prices
FORR,2023-12-01,134.5,135.41,133.44,134.58,1464052,sample-prices
FORR,2023-12-04,134.76,135.41,134.16,134.51,3888550,sample-prices
FORR,2023-12-05,134.57,135.21,133.68,134.29,3271790,sample-prices
FORR,2023-12-06,133.69,133.9,133.46,133.79,1387495,sample-prices
FORR,2023-12-07,133.3,133.79,132.86,133.43,2993859,sample-prices
FORR,2023-12-08,135.51,135.73,134.53,135.5,3286169,sample-prices
FORR,2023-12-11,133.42,134.03,132.68,133.07,643424,sample-prices
FORR,2023-12-12,132.92,132.99,132.05,132.97,1600031,sample-prices
FORR,2023-12-13,133.85,134.19,133.02,133.59,2183620,sample-prices
FORR,2023-12-14,136.0,136.08,135.58,135.81,2056953,sample-prices
FORR,2023-12-15,133.26,133.64,133.14,133.45,2769520,sample-prices
FORR,2023-12-18,134.24,134.81,133.56,134.14,2111558,sample-prices
FORR,2023-12-19,132.65,133.73,131.84,132.83,1232243,sample-prices
FORR,2023-12-20,134.49,135.02,133.97,134.44,3840539,sample-prices
FORR,2023-12-21,134.9,135.2,134.44,135.12,3378591,sample-prices
FORR,2023-12-22,133.36,134.49,133.27,133.49,3379687,sample-prices
FORR,2023-12-25,136.83,137.87,134.93,136.22,991312,sample-prices
FORR,2023-12-26,135.6,135.76,135.56,135.56,1217644,sample-prices
FORR,2023-12-27,136.54,137.39,136.35,136.64,1212350,sample-prices
FORR,2023-12-28,136.91,137.11,136.71,137.03,1038046,sample-prices
FORR,2023-12-29,134.34,134.45,134.06,134.11,571018,sample-prices
FORR,2024-01-01,132.39,132.83,131.94,132.65,3491691,sample-prices
FORR,2024-01-02,129.38,129.95,128.66,129.68,3462794,sample-prices
FORR,2024-01-03,131.58,132.5,131.22,131.73,3239323,sample-prices
FORR,2024-01-04,133.69,134.25,133.09,133.49,2335627,sample-prices
FORR,2024-01-05,135.18,135.47,135.0,135.42,1735681,sample-prices
FORR,2024-01-08,131.62,131.95,130.76,131.59,2612570,sample-prices
FORR,2024-01-09,129.3,129.51,129.14,129.4,2393373,sample-prices
FORR,2024-01-10,130.62,131.05,130.24,130.84,1665940,sample-prices
FORR,2024-01-11,131.11,131.85,130.63,130.78,3046425,sample-prices
FORR,2024-01-12,131.91,132.0,131.64,131.7,1879305,sample-prices
FORR,2024-01-15,133.55,133.99,133.1,133.49,1038137,sample-prices
FORR,2024-01-16,133.56,134.22,132.77,133.78,634009,sample-prices
FORR,2024-01-17,133.87,134.62,132.91,133.49,3388673,sample-prices
FORR,2024-01-18,134.04,134.1,133.9,133.97,2339013,sample-prices
FORR,2024-01-19,134.59,134.93,133.68,134.55,2457092,sample-prices
FORR,2024-01-22,132.02,132.91,131.66,132.13,2636831,sample-prices
FORR,2024-01-23,126.46,127.25,126.34,126.83,3924173,sample-prices
FORR,2024-01-24,128.7,129.46,128.31,128.74,3057300,sample-prices
FORR,2024-01-25,130.49,131.35,130.22,130.27,3323277,sample-prices
FORR,2024-01-26,129.7,130.17,129.49,130.03,3087557,sample-prices
FORR,2024-01-29,128.89,129.28,128.63,128.66,1012252,sample-prices
FORR,2024-01-30,128.59,129.0,128.54,128.56,2273674,sample-prices
FORR,2024-01-31,130.39,130.76,129.56,130.2,2272947,sample-prices
FORR,2024-02-01,133.25,133.61,133.0,133.34,3499743,sample-prices
FORR,2024-02-02,135.22,136.13,134.1,134.92,2952309,sample-prices
FORR,2024-02-05,135.52,135.65,135.39,135.4,3022873,sample-prices
FORR,2024-02-06,135.58,135.97,135.11,135.45,844410,sample-prices
FORR,2024-02-07,136.5,137.17,135.49,136.71,1476467,sample-prices
FORR,2024-02-08,136.7,137.2,136.37,136.39,2192484,sample-prices
FORR,2024-02-09,137.65,137.71,136.67,137.32,1761244,sample-prices
FORR,2024-02-12,142.36,142.44,141.94,142.36,2711504,sample-prices
FORR,2024-02-13,145.32,145.61,144.36,144.85,2052373,sample-prices
FORR,2024-02-14,147.18,147.35,146.15,147.22,2491022,sample-prices
FORR,2024-02-15,147.61,147.78,146.64,147.26,3658992,sample-prices
FORR,2024-02-16,151.34,151.88,150.85,151.31,2532405,sample-prices
FORR,2024-02-19,150.44,150.83,149.9,150.42,358855,sample-prices
FORR,2024-02-20,150.08,151.29,149.61,150.59,278671,sample-prices
FORR,2024-02-21,150.68,151.21,150.12,150.56,892156,sample-prices
FORR,2024-02-22,151.22,151.35,149.67,151.29,2120622,sample-prices
FORR,2024-02-23,152.92,153.51,151.76,152.74,379565,sample-prices
FORR,2024-02-26,152.85,153.05,152.53,152.67,851244,sample-prices
FORR,2024-02-27,151.84,152.78,151.65,151.86,2300673,sample-prices
FORR,2024-02-28,150.13,150.81,149.83,149.95,2949855,sample-prices
FORR,2024-02-29,150.07,150.26,148.92,149.74,2431790,sample-prices
FORR,2024-03-01,147.61,148.74,147.21,147.97,374270,sample-prices
FORR,2024-03-04,146.9,147.21,146.76,146.89,2903170,sample-prices
FORR,2024-03-05,147.82,148.23,147.41,147.64,2936789,sample-prices
FORR,2024-03-06,151.21,152.79,150.93,151.09,474876,sample-prices
FORR,2024-03-07,150.0,150.14,149.79,150.08,237028,sample-prices
FORR,2024-03-08,151.51,152.18,151.49,151.69,2737795,sample-prices
FORR,2024-03-11,150.89,151.82,149.98,151.0,1095562,sample-prices
FORR,2024-03-12,150.57,150.89,149.83,150.12,2194483,sample-prices
FORR,2024-03-13,148.77,148.93,148.24,148.77,1267033,sample-prices
FORR,2024-03-14,148.06,148.25,147.72,147.87,2476985,sample-prices
FORR,2024-03-15,148.44,148.51,148.11,148.12,3531609,sample-prices
FORR,2024-03-18,147.49,147.98,147.04,147.44,795972,sample-prices
FORR,2024-03-19,146.08,146.29,145.04,146.04,3652693,sample-prices
FORR,2024-03-20,143.87,144.39,143.58,143.86,515006,sample-prices
FORR,2024-03-21,141.87,142.59,141.44,141.95,2447010,sample-prices
FORR,2024-03-22,144.45,145.69,144.18,144.51,3265094,sample-prices
FORR,2024-03-25,144.58,144.93,144.33,144.52,2020392,sample-prices
FORR,2024-03-26,143.58,144.31,143.49,143.72,594231,sample-prices
FORR,2024-03-27,144.12,144.45,143.61,143.72,3362689,sample-prices
FORR,2024-03-28,146.0,146.01,145.56,145.95,2240180,sample-prices
FORR,2024-03-29,147.31,147.83,146.92,147.19,1694295,sample-prices
FORR,2024-04-01,145.08,145.8,144.51,144.69,3334111,sample-prices
FORR,2024-04-02,142.43,142.77,142.35,142.45,3473594,sample-prices
FORR,2024-04-03,140.09,140.88,139.35,140.1,3705176,sample-prices
FORR,2024-04-04,137.49,137.54,137.23,137.32,3190788,sample-prices
FORR,2024-04-05,136.71,137.16,136.52,136.81,1894881,sample-prices
FORR,2024-04-08,139.02,140.04,138.26,139.38,812425,sample-prices
FORR,2024-04-09,136.26,137.2,136.11,136.32,3416894,sample-prices
FORR,2024-04-10,137.6,137.66,136.69,137.55,650189,sample-prices
FORR,2024-04-11,138.85,139.42,138.36,139.06,2196713,sample-prices
FORR,2024-04-12,139.78,139.84,138.98,139.62,267055,sample-prices
FORR,2024-04-15,139.44,140.17,138.74,139.28,3507126,sample-prices
FORR,2024-04-16,138.41,138.6,138.21,138.53,1323748,sample-prices
FORR,2024-04-17,138.46,139.39,138.09,138.85,254155,sample-prices
FORR,2024-04-18,138.23,138.76,137.5,138.45,2561139,sample-prices
FORR,2024-04-19,137.6,138.54,136.93,137.42,221846,sample-prices
FORR,2024-04-22,138.24,138.3,137.05,138.01,3456064,sample-prices
FORR,2024-04-23,137.9,139.12,137.25,138.17,884939,sample-prices
FORR,2024-04-24,138.38,138.7,138.22,138.31,249511,sample-prices
FORR,2024-04-25,138.84,139.26,138.34,138.81,2261314,sample-prices
FORR,2024-04-26,137.18,137.44,136.58,137.21,2688120,sample-prices
FORR,2024-04-29,135.23,136.09,134.51,135.68,2371758,sample-prices
FORR,2024-04-30,134.97,135.02,133.92,134.92,506272,sample-prices
FORR,2024-05-01,137.74,138.34,137.4,137.59,2190694,sample-prices
FORR,2024-05-02,135.25,135.35,134.91,135.34,2339397,sample-prices
FORR,2024-05-03,136.14,137.18,135.53,136.34,3258133,sample-prices
FORR,2024-05-06,135.26,135.59,134.94,135.46,3663458,sample-prices
FORR,2024-05-07,133.55,134.12,133.2,133.81,1792953,sample-prices
FORR,2024-05-08,135.63,136.28,134.62,135.56,661702,sample-prices
FORR,2024-05-09,137.32,137.93,136.93,137.37,1325601,sample-prices
FORR,2024-05-10,134.56,135.42,133.6,134.76,2209816,sample-prices
FORR,2024-05-13,138.17,138.7,137.35,138.22,3254287,sample-prices
FORR,2024-05-14,137.23,137.37,136.93,137.23,335480,sample-prices
FORR,2024-05-15,137.52,137.54,136.55,137.43,607626,sample-prices
FORR,2024-05-16,140.33,140.95,139.91,140.6,1024440,sample-prices
FORR,2024-05-17,138.74,138.79,137.63,138.3,468645,sample-prices
FORR,2024-05-20,136.86,138.08,136.58,137.02,1156335,sample-prices
FORR,2024-05-21,135.17,135.72,135.08,135.34,2807821,sample-prices
FORR,2024-05-22,131.67,131.82,130.85,131.6,2500948,sample-prices
FORR,2024-05-23,132.66,133.22,132.65,132.8,3616389,sample-prices
FORR,2024-05-24,132.48,132.56,131.56,132.21,2952843,sample-prices
FORR,2024-05-27,135.07,135.22,134.5,135.1,392267,sample-prices
FORR,2024-05-28,130.2,131.09,130.08,130.64,1362803,sample-prices
FORR,2024-05-29,129.12,129.21,128.73,128.93,713435,sample-prices
FORR,2024-05-30,131.11,131.53,130.64,131.37,2861564,sample-prices
FORR,2024-05-31,131.28,132.19,131.17,131.18,918607,sample-prices
FORR,2024-06-03,129.69,130.27,128.94,129.44,3118068,sample-prices
FORR,2024-06-04,129.18,130.05,127.87,129.01,3058819,sample-prices
FORR,2024-06-05,127.63,128.2,127.33,128.12,1444938,sample-prices
FORR,2024-06-06,126.98,127.31,126.35,126.94,1401128,sample-prices
FORR,2024-06-07,129.94,130.26,129.82,129.89,847937,sample-prices
FORR,2024-06-10,133.11,133.3,132.77,133.18,1700788,sample-prices
FORR,2024-06-11,131.52,131.99,131.06,131.49,2151214,sample-prices
FORR,2024-06-12,132.7,133.11,131.81,132.66,776889,sample-prices
FORR,2024-06-13,131.89,132.18,131.81,131.9,831074,sample-prices
FORR,2024-06-14,132.51,133.46,131.49,132.59,835844,sample-prices
FORR,2024-06-17,131.68,132.0,131.45,131.9,3164097,sample-prices
FORR,2024-06-18,130.89,131.57,130.53,130.84,663649,sample-prices
FORR,2024-06-19,131.48,132.76,130.96,131.33,3297025,sample-prices
FORR,2024-06-20,134.98,135.26,134.69,134.94,1505133,sample-prices
FORR,2024-06-21,132.77,133.02,132.6,132.66,267522,sample-prices
FORR,2024-06-24,130.12,130.53,129.98,130.07,2003760,sample-prices
FORR,2024-06-25,129.2,129.31,128.67,128.94,2557626,sample-prices
FORR,2024-06-26,127.83,128.15,127.53,128.06,3127843,sample-prices
FORR,2024-06-27,128.63,129.46,128.42,128.53,2702333,sample-prices
FORR,2024-06-28,127.97,128.31,127.2,127.55,919179,sample-prices
FORR,2024-07-01,130.3,131.0,129.64,130.03,2459180,sample-prices
FORR,2024-07-02,128.87,129.26,128.17,128.89,2156577,sample-prices
FORR,2024-07-03,129.62,129.83,129.36,129.4,3994838,sample-prices
FORR,2024-07-04,130.81,131.16,130.79,131.04,2917076,sample-prices
FORR,2024-07-05,133.11,133.49,132.45,133.22,681453,sample-prices
FORR,2024-07-08,130.24,130.81,129.96,130.41,1902295,sample-prices
FORR,2024-07-09,129.47,130.13,129.38,129.66,3298194,sample-prices
FORR,2024-07-10,128.1,128.18,127.39,128.1,2519785,sample-prices
FORR,2024-07-11,128.61,128.94,127.88,128.39,271800,sample-prices
FORR,2024-07-12,130.57,130.58,129.96,130.34,3285371,sample-prices
FORR,2024-07-15,131.61,131.71,131.53,131.58,3902071,sample-prices
FORR,2024-07-16,129.72,130.69,129.65,129.86,2079020,sample-prices
FORR,2024-07-17,130.97,131.63,130.13,130.82,3684271,sample-prices
FORR,2024-07-18,127.99,128.74,127.28,128.26,1619686,sample-prices
FORR,2024-07-19,130.17,131.21,129.88,130.07,1255991,sample-prices
FORR,2024-07-22,131.55,132.03,130.96,131.27,1326497,sample-prices
FORR,2024-07-23,129.91,130.32,129.04,129.8,408755,sample-prices
FORR,2024-07-24,131.07,131.17,130.52,131.0,2048650,sample-prices
FORR,2024-07-25,126.84,127.2,126.28,126.94,1869488,sample-prices
FORR,2024-07-26,128.21,128.7,127.06,128.46,2713725,sample-prices
FORR,2024-07-29,131.53,133.03,131.16,131.56,1729560,sample-prices
FORR,2024-07-30,128.43,128.84,128.01,128.5,470909,sample-prices
FORR,2024-07-31,124.87,125.47,124.59,124.72,3134074,sample-prices
FORR,2024-08-01,123.24,123.35,123.12,123.23,683559,sample-prices
FORR,2024-08-02,123.65,124.17,123.01,123.6,1718613,sample-prices
FORR,2024-08-05,125.91,126.9,125.24,125.83,2218185,sample-prices
FORR,2024-08-06,126.05,126.54,125.78,126.19,1357834,sample-prices
FORR,2024-08-07,125.85,125.87,125.27,125.69,1201217,sample-prices
FORR,2024-08-08,125.65,125.9,124.86,125.46,731596,sample-prices
FORR,2024-08-09,124.16,125.07,124.01,124.19,3297196,sample-prices
FORR,2024-08-12,123.93,124.92,123.32,124.0,1315709,sample-prices
FORR,2024-08-13,123.91,124.48,123.64,123.83,2221267,sample-prices
FORR,2024-08-14,123.27,123.35,122.88,123.16,998253,sample-prices
FORR,2024-08-15,124.57,124.78,123.87,124.69,2938831,sample-prices
FORR,2024-08-16,126.21,126.24,125.46,126.18,2681217,sample-prices
FORR,2024-08-19,125.05,126.19,124.89,124.91,2457448,sample-prices
FORR,2024-08-20,123.06,123.28,122.82,122.93,2431416,sample-prices
FORR,2024-08-21,120.95,121.15,120.3,121.06,2340167,sample-prices
FORR,2024-08-22,121.8,121.83,120.88,121.61,852992,sample-prices
FORR,2024-08-23,124.34,124.57,123.53,123.94,3015352,sample-prices
FORR,2024-08-26,123.97,124.31,123.94,124.0,1425001,sample-prices
FORR,2024-08-27,124.68,124.73,123.57,124.31,3309076,sample-prices
FORR,2024-08-28,127.54,128.06,127.4,127.77,3107078,sample-prices
FORR,2024-08-29,124.91,125.79,124.6,125.05,2848153,sample-prices
FORR,2024-08-30,125.57,126.3,125.11,125.8,717457,sample-prices
FORR,2024-09-02,123.46,123.96,122.7,123.66,383865,sample-prices
FORR,2024-09-03,121.72,121.97,121.08,121.9,936402,sample-prices
FORR,2024-09-04,120.92,121.26,120.08,121.08,331774,sample-prices
FORR,2024-09-05,123.99,124.48,123.73,124.18,1051841,sample-prices
FORR,2024-09-06,121.15,121.39,120.2,121.13,2476470,sample-prices
FORR,2024-09-09,121.01,121.14,120.52,121.11,2701640,sample-prices
FORR,2024-09-10,121.79,122.13,121.69,121.78,1683910,sample-prices
FORR,2024-09-11,125.18,125.26,124.52,124.99,3498609,sample-prices
FORR,2024-09-12,125.7,126.04,125.13,125.47,2667065,sample-prices
FORR,2024-09-13,125.1,125.4,124.47,125.17,2647208,sample-prices
FORR,2024-09-16,128.03,128.6,127.98,128.15,491336,sample-prices
FORR,2024-09-17,127.34,127.83,127.17,127.39,2650090,sample-prices
FORR,2024-09-18,129.17,129.52,128.39,129.16,1940062,sample-prices
FORR,2024-09-19,132.23,133.43,132.02,132.34,1409687,sample-prices
FORR,2024-09-20,133.75,134.92,133.19,133.31,719010,sample-prices
FORR,2024-09-23,132.22,132.34,132.08,132.27,896665,sample-prices
FORR,2024-09-24,133.19,133.66,132.81,133.45,1717885,sample-prices
FORR,2024-09-25,134.47,135.19,133.64,134.09,2380300,sample-prices
FORR,2024-09-26,136.14,137.0,135.47,135.91,827578,sample-prices
FORR,2024-09-27,135.76,136.08,135.3,135.77,3098740,sample-prices
FORR,2024-09-30,136.95,137.54,136.11,136.63,2121250,sample-prices
FORR,2024-10-01,132.26,133.11,131.58,132.45,1802535,sample-prices
FORR,2024-10-02,132.87,133.51,131.69,132.87,222411,sample-prices
FORR,2024-10-03,134.02,134.48,133.82,133.95,1155220,sample-prices
FORR,2024-10-04,134.37,134.55,133.52,134.31,3179996,sample-prices
FORR,2024-10-07,136.9,137.15,136.62,136.86,1750306,sample-prices
FORR,2024-10-08,136.54,137.0,136.05,136.61,3489483,sample-prices
FORR,2024-10-09,140.3,141.32,139.88,140.1,3602894,sample-prices
FORR,2024-10-10,140.33,140.82,139.84,140.73,2912090,sample-prices
FORR,2024-10-11,141.51,142.02,140.96,141.68,2983686,sample-prices
FORR,2024-10-14,143.63,144.68,141.95,143.99,3857930,sample-prices
FORR,2024-10-15,145.82,145.84,145.74,145.77,1305782,sample-prices
FORR,2024-10-16,144.6,145.03,144.26,144.62,2495184,sample-prices
FORR,2024-10-17,149.29,149.51,149.14,149.34,1198841,sample-prices
FORR,2024-10-18,150.46,150.72,149.4,150.18,3165381,sample-prices
FORR,2024-10-21,152.22,152.39,151.91,152.26,2800642,sample-prices
FORR,2024-10-22,153.7,153.76,152.3,153.63,1353520,sample-prices
FORR,2024-10-23,155.94,156.55,155.65,155.82,286813,sample-prices
FORR,2024-10-24,156.46,156.66,155.75,156.34,538214,sample-prices
FORR,2024-10-25,155.88,156.27,155.09,155.78,3067100,sample-prices
FORR,2024-10-28,158.56,159.18,158.06,158.56,3329802,sample-prices
FORR,2024-10-29,160.03,160.31,159.34,160.01,3770783,sample-prices
FORR,2024-10-30,157.0,158.14,156.48,157.15,1330533,sample-prices
FORR,2024-10-31,159.27,160.21,158.96,159.16,3518614,sample-prices
FORR,2024-11-01,160.03,160.89,158.7,160.05,3240269,sample-prices
FORR,2024-11-04,161.28,161.48,160.86,161.07,1496099,sample-prices
FORR,2024-11-05,160.12,161.97,159.67,160.99,3096405,sample-prices
FORR,2024-11-06,160.09,160.65,159.94,160.14,2060677,sample-prices
FORR,2024-11-07,159.48,159.5,158.85,159.45,697072,sample-prices
FORR,2024-11-08,152.89,153.52,152.5,153.07,3386839,sample-prices
FORR,2024-11-11,152.66,152.74,152.53,152.68,878017,sample-prices
FORR,2024-11-12,146.31,147.08,145.02,146.14,589575,sample-prices
FORR,2024-11-13,145.96,147.2,145.14,145.62,1940625,sample-prices
FORR,2024-11-14,148.71,149.84,148.6,148.9,878640,sample-prices
FORR,2024-11-15,148.66,149.15,147.41,148.43,3152746,sample-prices
FORR,2024-11-18,149.35,151.21,148.54,149.35,2612390,sample-prices
FORR,2024-11-19,146.53,147.71,145.98,146.86,3197626,sample-prices
FORR,2024-11-20,151.05,151.42,150.86,150.94,1910918,sample-prices
FORR,2024-11-21,151.51,151.92,151.33,151.71,3642399,sample-prices
FORR,2024-11-22,153.74,153.92,152.77,153.38,2713611,sample-prices
FORR,2024-11-25,153.65,154.37,153.05,153.55,1063474,sample-prices
FORR,2024-11-26,157.56,158.08,157.07,157.86,1045985,sample-prices
FORR,2024-11-27,162.42,163.21,161.71,162.35,2496195,sample-prices
FORR,2024-11-28,163.62,164.83,163.62,163.96,3603306,sample-prices
FORR,2024-11-29,163.18,163.89,162.62,163.29,227891,sample-prices
FORR,2024-12-02,164.4,164.8,163.57,164.35,1492323,sample-prices
FORR,2024-12-03,162.78,164.52,162.67,163.2,3136735,sample-prices
FORR,2024-12-04,160.87,161.7,159.89,161.14,769498,sample-prices
FORR,2024-12-05,158.52,158.89,158.13,158.63,3770379,sample-prices
FORR,2024-12-06,156.19,156.95,155.45,156.27,2366606,sample-prices
FORR,2024-12-09,158.42,159.06,158.23,158.42,2339062,sample-prices
FORR,2024-12-10,156.63,157.6,156.1,156.36,1034062,sample-prices
FORR,2024-12-11,158.16,158.86,157.78,157.87,2397875,sample-prices
FORR,2024-12-12,157.53,157.95,157.09,157.71,2890335,sample-prices
FORR,2024-12-13,157.58,159.23,157.0,157.93,3174932,sample-prices
FORR,2024-12-16,158.1,159.35,157.27,157.59,3434456,sample-prices
FORR,2024-12-17,157.77,159.55,157.33,157.92,3456578,sample-prices
FORR,2024-12-18,156.72,156.86,155.9,156.62,1427855,sample-prices
FORR,2024-12-19,159.36,159.68,158.39,159.45,1739666,sample-prices
FORR,2024-12-20,158.85,159.7,158.39,159.12,1545691,sample-prices
FORR,2024-12-23,160.94,161.3,160.56,161.01,344736,sample-prices
FORR,2024-12-24,158.87,159.5,158.24,158.57,987942,sample-prices
FORR,2024-12-25,158.55,159.57,157.88,158.85,2035181,sample-prices
FORR,2024-12-26,157.2,158.42,157.03,157.48,2357454,sample-prices
FORR,2024-12-27,158.47,158.76,157.46,158.35,1018903,sample-prices
FORR,2024-12-30,160.87,160.98,160.49,160.52,874896,sample-prices
FORR,2024-12-31,163.94,164.03,162.47,163.69,1756783,sample-prices
GLDW,2022-06-01,99.72,99.95,99.68,99.94,494120,sample-prices
GLDW,2022-06-02,101.11,101.24,100.47,100.78,2885814,sample-prices
GLDW,2022-06-03,105.13,105.4,104.89,104.99,1415822,sample-prices
GLDW,2022-06-06,107.3,108.49,106.74,107.11,3311511,sample-prices
GLDW,2022-06-07,107.69,109.45,107.38,107.86,1037614,sample-prices
GLDW,2022-06-08,106.85,107.02,106.7,107.01,3526037,sample-prices
GLDW,2022-06-09,106.79,106.82,106.2,106.57,3446510,sample-prices
GLDW,2022-06-10,105.9,106.25,105.47,105.72,2880834,sample-prices
GLDW,2022-06-13,107.12,107.29,106.51,106.8,2586313,sample-prices
GLDW,2022-06-14,106.59,107.15,106.36,106.66,1378825,sample-prices
GLDW,2022-06-15,107.27,107.63,107.0,107.52,3465648,sample-prices
GLDW,2022-06-16,107.18,107.7,106.57,106.97,2961629,sample-prices
GLDW,2022-06-17,108.54,108.59,107.97,108.45,1308104,sample-prices
GLDW,2022-06-20,108.72,109.19,108.02,108.49,1005764,sample-prices
GLDW,2022-06-21,110.28,110.42,110.05,110.35,532785,sample-prices
GLDW,2022-06-22,111.13,111.23,110.63,111.09,2872103,sample-prices
GLDW,2022-06-23,109.92,110.57,109.24,109.74,3219324,sample-prices
GLDW,2022-06-24,109.99,110.15,109.51,109.81,2817172,sample-prices
GLDW,2022-06-27,107.0,108.03,106.93,107.09,834698,sample-prices
GLDW,2022-06-28,108.47,108.54,107.57,108.22,2518022,sample-prices
GLDW,2022-06-29,110.47,110.68,109.64,110.16,3040436,sample-prices
GLDW,2022-06-30,109.77,110.63,108.77,109.78,3249599,sample-prices
GLDW,2022-07-01,109.47,109.67,108.65,109.33,2274247,sample-prices
GLDW,2022-07-04,107.11,107.3,107.02,107.06,2543069,sample-prices
GLDW,2022-07-05,106.19,106.62,105.85,106.22,1323130,sample-prices
GLDW,2022-07-06,105.02,105.99,104.47,105.11,1267480,sample-prices
GLDW,2022-07-07,102.74,102.86,102.29,102.75,259212,sample-prices
GLDW,2022-07-08,103.2,103.4,102.25,103.12,1249530,sample-prices
GLDW,2022-07-11,104.4,104.59,103.31,104.51,1184191,sample-prices
GLDW,2022-07-12,106.47,106.6,106.1,106.38,1164760,sample-prices
GLDW,2022-07-13,105.8,105.99,105.44,105.58,1818034,sample-prices
GLDW,2022-07-14,107.13,107.2,106.75,107.05,1614417,sample-prices
GLDW,2022-07-15,108.26,108.32,108.24,108.3,2012066,sample-prices
GLDW,2022-07-18,107.48,107.79,107.09,107.39,813561,sample-prices
GLDW,2022-07-19,109.85,110.4,109.8,110.01,1772969,sample-prices
GLDW,2022-07-20,109.77,109.94,109.28,109.72,504756,sample-prices
GLDW,2022-07-21,111.05,111.32,110.85,111.01,3972429,sample-prices
GLDW,2022-07-22,109.75,110.35,109.46,109.71,496570,sample-prices
GLDW,2022-07-25,107.13,107.26,106.06,106.95,1136580,sample-prices
GLDW,2022-07-26,107.57,108.06,107.19,107.28,2550377,sample-prices
GLDW,2022-07-27,108.62,109.05,108.12,108.23,2812824,sample-prices
GLDW,2022-07-28,109.32,109.73,108.5,109.23,3875916,sample-prices
GLDW,2022-07-29,108.39,108.54,107.77,108.39,596973,sample-prices
GLDW,2022-08-01,108.33,108.73,108.06,108.23,3712473,sample-prices
GLDW,2022-08-02,108.4,108.78,108.09,108.15,1226534,sample-prices
GLDW,2022-08-03,108.43,108.96,108.38,108.53,3762701,sample-prices
GLDW,2022-08-04,109.95,109.97,109.19,109.73,1085357,sample-prices
GLDW,2022-08-05,108.88,109.32,108.33,109.1,1221281,sample-prices
GLDW,2022-08-08,110.81,110.85,109.97,110.74,2356582,sample-prices
GLDW,2022-08-09,110.81,110.88,109.4,110.48,2929171,sample-prices
GLDW,2022-08-10,111.56,112.16,111.34,111.34,2867027,sample-prices
GLDW,2022-08-11,111.47,111.66,111.46,111.63,3628744,sample-prices
GLDW,2022-08-12,114.85,115.93,113.75,114.74,1387178,sample-prices
GLDW,2022-08-15,113.54,113.59,112.62,113.28,1013089,sample-prices
GLDW,2022-08-16,112.71,113.54,111.81,112.91,3448351,sample-prices
GLDW,2022-08-17,114.64,114.77,114.25,114.65,3819382,sample-prices
GLDW,2022-08-18,113.63,114.27,113.14,113.57,2214360,sample-prices
GLDW,2022-08-19,114.12,114.41,113.96,114.04,570583,sample-prices
GLDW,2022-08-22,115.03,115.25,114.62,115.02,3828712,sample-prices
GLDW,2022-08-23,113.59,113.75,113.2,113.49,2902075,sample-prices
GLDW,2022-08-24,112.87,112.92,112.14,112.67,1515804,sample-prices
GLDW,2022-08-25,113.93,115.02,113.45,114.2,993726,sample-prices
GLDW,2022-08-26,117.72,117.88,117.01,117.41,2738188,sample-prices
GLDW,2022-08-29,118.13,118.52,117.72,117.82,1114491,sample-prices
GLDW,2022-08-30,117.8,118.4,117.01,117.73,254299,sample-prices
GLDW,2022-08-31,122.26,122.39,121.29,122.13,3515817,sample-prices
GLDW,2022-09-01,120.3,120.34,119.84,120.14,2547051,sample-prices
GLDW,2022-09-02,117.86,117.89,117.14,117.73,3982927,sample-prices
GLDW,2022-09-05,120.86,121.43,120.38,121.04,3454854,sample-prices
GLDW,2022-09-06,121.33,121.86,121.08,121.48,1663039,sample-prices
GLDW,2022-09-07,121.01,121.42,120.45,120.88,329297,sample-prices
GLDW,2022-09-08,122.21,122.9,122.01,122.48,1474975,sample-prices
GLDW,2022-09-09,118.48,119.35,118.07,118.92,1600536,sample-prices
GLDW,2022-09-12,118.65,119.03,118.08,118.51,1006174,sample-prices
GLDW,2022-09-13,119.82,120.39,119.43,119.58,3017898,sample-prices
GLDW,2022-09-14,118.81,119.4,118.36,118.73,2738791,sample-prices
GLDW,2022-09-15,117.42,117.46,117.08,117.38,2926209,sample-prices
GLDW,2022-09-16,116.51,117.0,116.08,116.63,1570106,sample-prices
GLDW,2022-09-19,116.0,116.36,115.86,115.96,2355840,sample-prices
GLDW,2022-09-20,115.34,115.47,114.79,115.29,2639095,sample-prices
GLDW,2022-09-21,113.59,113.9,113.17,113.49,632402,sample-prices
GLDW,2022-09-22,111.89,112.08,111.32,111.96,976764,sample-prices
GLDW,2022-09-23,111.23,112.04,111.02,111.19,297536,sample-prices
GLDW,2022-09-26,114.23,114.29,114.09,114.19,1130693,sample-prices
GLDW,2022-09-27,115.89,116.61,115.11,115.72,2859422,sample-prices
GLDW,2022-09-28,115.81,117.27,115.23,115.83,1578495,sample-prices
GLDW,2022-09-29,117.54,117.88,117.29,117.32,1603377,sample-prices
GLDW,2022-09-30,118.85,119.95,118.33,118.92,3448128,sample-prices
GLDW,2022-10-03,117.53,117.96,117.36,117.61,3452646,sample-prices
GLDW,2022-10-04,116.89,116.92,115.81,116.89,871623,sample-prices
GLDW,2022-10-05,114.75,115.2,114.64,114.82,818341,sample-prices
GLDW,2022-10-06,114.75,115.34,113.97,114.98,1464008,sample-prices
GLDW,2022-10-07,117.91,118.65,117.66,117.8,2950552,sample-prices
GLDW,2022-10-10,117.39,117.66,117.09,117.49,736188,sample-prices
GLDW,2022-10-11,116.85,117.26,116.47,116.61,2314447,sample-prices
GLDW,2022-10-12,117.3,117.71,116.5,116.89,3907348,sample-prices
GLDW,2022-10-13,116.8,117.52,116.5,116.88,2112802,sample-prices
GLDW,2022-10-14,118.52,119.52,117.94,118.37,2773095,sample-prices
GLDW,2022-10-17,116.49,117.65,116.37,116.83,2645709,sample-prices
GLDW,2022-10-18,116.52,116.56,116.07,116.25,359780,sample-prices
GLDW,2022-10-19,113.05,113.44,112.71,113.12,3982875,sample-prices
GLDW,2022-10-20,111.74,111.78,110.92,111.53,823848,sample-prices
GLDW,2022-10-21,110.02,110.24,109.67,110.03,810853,sample-prices
GLDW,2022-10-24,110.11,110.68,109.56,110.42,3418655,sample-prices
GLDW,2022-10-25,111.44,111.81,110.99,111.3,287911,sample-prices
GLDW,2022-10-26,112.27,112.47,112.24,112.38,2351206,sample-prices
GLDW,2022-10-27,112.84,113.66,112.73,113.1,1389426,sample-prices
GLDW,2022-10-28,114.97,115.39,114.29,114.49,2804074,sample-prices
GLDW,2022-10-31,116.29,116.6,115.61,116.11,3633530,sample-prices
GLDW,2022-11-01,119.9,120.31,119.52,119.67,3073375,sample-prices
GLDW,2022-11-02,118.06,118.17,117.16,117.79,886008,sample-prices
GLDW,2022-11-03,115.03,115.09,114.12,114.58,1174335,sample-prices
GLDW,2022-11-04,115.83,115.93,115.43,115.48,3365007,sample-prices
GLDW,2022-11-07,112.5,113.42,112.44,112.62,2358439,sample-prices
GLDW,2022-11-08,110.68,111.23,109.81,110.76,1107146,sample-prices
GLDW,2022-11-09,113.81,114.07,112.87,113.47,1718506,sample-prices
GLDW,2022-11-10,115.93,116.38,115.1,115.96,1582048,sample-prices
GLDW,2022-11-11,118.57,118.62,118.5,118.51,1606879,sample-prices
GLDW,2022-11-14,117.48,118.01,117.2,117.43,2003373,sample-prices
GLDW,2022-11-15,116.72,116.93,116.39,116.8,1664192,sample-prices
GLDW,2022-11-16,117.08,117.62,116.71,117.01,1085535,sample-prices
GLDW,2022-11-17,119.04,119.14,118.69,119.02,1345769,sample-prices
GLDW,2022-11-18,119.58,120.47,119.38,119.81,428076,sample-prices
GLDW,2022-11-21,116.23,116.32,115.26,116.18,2040146,sample-prices
GLDW,2022-11-22,117.69,118.16,117.17,118.03,1564215,sample-prices
GLDW,2022-11-23,116.42,116.54,116.1,116.28,2242327,sample-prices
GLDW,2022-11-24,117.22,117.64,116.82,117.43,869087,sample-prices
GLDW,2022-11-25,118.63,119.09,118.22,118.67,2363184,sample-prices
GLDW,2022-11-28,117.77,117.87,117.43,117.85,3314056,sample-prices
GLDW,2022-11-29,117.05,117.4,116.63,116.79,3952469,sample-prices
GLDW,2022-11-30,116.37,117.06,116.33,116.4,2748301,sample-prices
GLDW,2022-12-01,116.36,116.76,116.13,116.45,3348750,sample-prices
GLDW,2022-12-02,119.13,119.3,118.54,119.01,1060441,sample-prices
GLDW,2022-12-05,122.49,123.58,121.76,122.25,1135096,sample-prices
GLDW,2022-12-06,122.77,123.08,122.34,122.53,3247357,sample-prices
GLDW,2022-12-07,122.69,123.32,122.57,122.84,2596473,sample-prices
GLDW,2022-12-08,124.9,125.36,124.21,125.03,717445,sample-prices
GLDW,2022-12-09,125.2,126.08,125.19,125.21,1399570,sample-prices
GLDW,2022-12-12,128.17,128.6,127.29,127.8,825980,sample-prices
GLDW,2022-12-13,128.01,128.24,126.75,127.88,634585,sample-prices
GLDW,2022-12-14,128.34,128.99,127.73,128.4,1878198,sample-prices
GLDW,2022-12-15,126.74,127.24,126.52,126.73,3052541,sample-prices
GLDW,2022-12-16,128.81,129.23,128.42,128.98,785046,sample-prices
GLDW,2022-12-19,129.88,130.44,129.58,129.97,3379177,sample-prices
GLDW,2022-12-20,130.64,131.63,130.05,130.41,3905603,sample-prices
GLDW,2022-12-21,131.81,131.84,131.7,131.72,3216839,sample-prices
GLDW,2022-12-22,131.72,131.73,130.79,131.55,3544914,sample-prices
GLDW,2022-12-23,129.97,131.3,128.73,129.73,3724607,sample-prices
GLDW,2022-12-26,128.36,128.58,127.69,128.27,2676644,sample-prices
GLDW,2022-12-27,125.21,125.38,124.19,125.27,3663706,sample-prices
GLDW,2022-12-28,125.54,126.07,125.42,125.74,2583830,sample-prices
GLDW,2022-12-29,124.61,124.72,123.72,124.53,2459719,sample-prices
GLDW,2022-12-30,122.71,123.0,122.43,122.57,895570,sample-prices
GLDW,2023-01-02,121.34,121.75,121.13,121.27,625920,sample-prices
GLDW,2023-01-03,117.98,117.99,117.23,117.89,597399,sample-prices
GLDW,2023-01-04,117.48,117.76,117.11,117.41,2589441,sample-prices
GLDW,2023-01-05,116.88,117.15,115.97,117.04,1275060,sample-prices
GLDW,2023-01-06,119.77,120.16,118.3,119.49,3466133,sample-prices
GLDW,2023-01-09,120.47,121.43,119.27,120.11,3691816,sample-prices
GLDW,2023-01-10,118.67,119.03,118.2,118.78,409884,sample-prices
GLDW,2023-01-11,119.69,119.94,119.05,119.85,2319387,sample-prices
GLDW,2023-01-12,119.11,119.78,118.61,119.01,3643531,sample-prices
GLDW,2023-01-13,118.35,118.54,117.96,118.21,1226146,sample-prices
GLDW,2023-01-16,117.7,118.03,117.24,117.44,683040,sample-prices
GLDW,2023-01-17,118.09,118.38,117.49,117.99,2327081,sample-prices
GLDW,2023-01-18,119.01,119.22,117.64,118.98,2554261,sample-prices
GLDW,2023-01-19,119.02,119.17,118.83,118.86,1272370,sample-prices
GLDW,2023-01-20,117.13,117.28,115.8,117.06,2199648,sample-prices
GLDW,2023-01-23,118.59,118.87,117.63,118.5,940566,sample-prices
GLDW,2023-01-24,120.68,121.3,120.27,121.03,2504285,sample-prices
GLDW,2023-01-25,120.26,120.61,119.84,120.0,3730699,sample-prices
GLDW,2023-01-26,123.52,123.83,123.14,123.68,253280,sample-prices
GLDW,2023-01-27,124.73,125.11,124.34,124.62,2326601,sample-prices
GLDW,2023-01-30,125.12,125.84,124.8,125.16,2510332,sample-prices
GLDW,2023-01-31,125.47,126.87,124.31,125.6,2143332,sample-prices
GLDW,2023-02-01,126.2,126.37,126.14,126.2,339593,sample-prices
GLDW,2023-02-02,125.05,125.47,125.03,125.34,1899267,sample-prices
GLDW,2023-02-03,125.7,126.21,125.43,125.77,285995,sample-prices
GLDW,2023-02-06,126.91,127.01,126.51,126.82,793603,sample-prices
GLDW,2023-02-07,130.61,131.76,130.11,130.56,3416204,sample-prices
GLDW,2023-02-08,130.34,130.53,130.09,130.27,1125541,sample-prices
GLDW,2023-02-09,129.56,130.0,128.9,129.85,3099687,sample-prices
GLDW,2023-02-10,127.55,127.84,126.54,127.62,2354581,sample-prices
GLDW,2023-02-13,130.34,130.53,128.9,130.21,2942311,sample-prices
GLDW,2023-02-14,127.95,128.2,127.49,128.03,3939199,sample-prices
GLDW,2023-02-15,130.33,130.76,129.81,130.22,3027615,sample-prices
GLDW,2023-02-16,130.38,130.67,130.0,130.39,2534896,sample-prices
GLDW,2023-02-17,132.44,132.94,132.16,132.6,3905576,sample-prices
GLDW,2023-02-20,131.73,132.53,131.7,132.06,722206,sample-prices
GLDW,2023-02-21,130.22,130.61,129.96,130.02,3372852,sample-prices
GLDW,2023-02-22,129.81,130.41,129.15,130.02,2413299,sample-prices
GLDW,2023-02-23,135.04,135.44,134.37,134.94,3152200,sample-prices
GLDW,2023-02-24,132.49,132.64,131.71,132.33,3574095,sample-prices
GLDW,2023-02-27,135.73,136.04,135.3,135.83,1316479,sample-prices
GLDW,2023-02-28,134.15,134.61,133.93,134.04,2422733,sample-prices
GLDW,2023-03-01,135.19,135.66,134.16,135.46,1949295,sample-prices
GLDW,2023-03-02,138.37,139.0,137.63,138.31,1191870,sample-prices
GLDW,2023-03-03,138.84,139.47,138.12,138.57,1325544,sample-prices
GLDW,2023-03-06,138.15,138.18,137.53,137.9,1691643,sample-prices
GLDW,2023-03-07,141.27,141.42,140.47,141.26,406822,sample-prices
GLDW,2023-03-08,141.58,142.25,140.83,141.68,2100650,sample-prices
GLDW,2023-03-09,138.86,138.95,138.27,138.89,3989600,sample-prices
GLDW,2023-03-10,139.48,139.75,138.29,139.42,2689589,sample-prices
GLDW,2023-03-13,140.81,141.95,140.55,141.12,2720006,sample-prices
GLDW,2023-03-14,144.83,145.13,144.12,145.05,903450,sample-prices
GLDW,2023-03-15,145.76,146.63,144.99,145.87,2407259,sample-prices
GLDW,2023-03-16,143.88,144.22,143.43,143.78,3326266,sample-prices
GLDW,2023-03-17,144.72,144.72,144.48,144.57,1352324,sample-prices
GLDW,2023-03-20,144.79,145.73,144.09,144.75,3665624,sample-prices
GLDW,2023-03-21,147.51,148.19,147.02,147.75,800406,sample-prices
GLDW,2023-03-22,148.35,148.68,145.96,147.69,3200213,sample-prices
GLDW,2023-03-23,145.22,146.77,144.93,145.39,1851884,sample-prices
GLDW,2023-03-24,146.22,146.52,146.22,146.27,3996568,sample-prices
GLDW,2023-03-27,148.7,149.33,148.65,148.95,3623571,sample-prices
GLDW,2023-03-28,150.29,151.16,148.62,150.04,681156,sample-prices
GLDW,2023-03-29,149.0,150.33,147.85,149.31,1305071,sample-prices
GLDW,2023-03-30,152.06,153.39,151.43,152.05,1080010,sample-prices
GLDW,2023-03-31,150.06,150.7,149.81,150.33,2524413,sample-prices
GLDW,2023-04-03,152.44,153.25,151.84,152.82,2207756,sample-prices
GLDW,2023-04-04,154.43,154.91,154.13,154.31,1490197,sample-prices
GLDW,2023-04-05,151.96,152.28,151.66,152.13,643881,sample-prices
GLDW,2023-04-06,149.21,149.51,148.57,148.77,3409255,sample-prices
GLDW,2023-04-07,145.67,145.77,145.12,145.38,445988,sample-prices
GLDW,2023-04-10,146.77,147.91,146.7,147.42,287350,sample-prices
GLDW,2023-04-11,145.8,145.99,144.68,145.25,3688429,sample-prices
GLDW,2023-04-12,147.06,147.97,146.62,147.21,559194,sample-prices
GLDW,2023-04-13,149.37,150.11,147.7,149.25,3689820,sample-prices
GLDW,2023-04-14,149.04,149.85,148.88,149.02,3865285,sample-prices
GLDW,2023-04-17,148.41,148.63,148.2,148.43,1820529,sample-prices
GLDW,2023-04-18,147.46,148.08,146.74,147.82,3673755,sample-prices
GLDW,2023-04-19,144.87,145.63,144.27,145.04,924990,sample-prices
GLDW,2023-04-20,142.01,142.8,141.93,142.03,1429088,sample-prices
GLDW,2023-04-21,143.64,143.91,142.7,143.43,3162993,sample-prices
GLDW,2023-04-24,143.09,143.61,142.6,142.9,1700621,sample-prices
GLDW,2023-04-25,143.19,144.4,142.94,143.25,906402,sample-prices
GLDW,2023-04-26,143.31,144.05,143.06,143.64,3388842,sample-prices
GLDW,2023-04-27,145.75,146.5,145.54,145.87,3164681,sample-prices
GLDW,2023-04-28,145.69,146.04,144.25,145.91,3150335,sample-prices
GLDW,2023-05-01,146.55,147.53,146.01,146.51,1497847,sample-prices
GLDW,2023-05-02,147.04,147.29,146.13,146.91,302304,sample-prices
GLDW,2023-05-03,148.84,149.58,148.7,149.12,1974183,sample-prices
GLDW,2023-05-04,148.31,148.4,147.89,148.28,3354715,sample-prices
GLDW,2023-05-05,150.58,151.28,149.78,150.67,2546736,sample-prices
GLDW,2023-05-08,154.31,154.6,153.37,154.28,3962576,sample-prices
GLDW,2023-05-09,153.79,153.86,153.39,153.76,2533381,sample-prices
GLDW,2023-05-10,153.57,154.19,152.74,153.12,3934142,sample-prices
GLDW,2023-05-11,152.75,153.91,152.47,152.84,2214654,sample-prices
GLDW,2023-05-12,150.97,151.25,149.66,150.98,607051,sample-prices
GLDW,2023-05-15,152.66,153.23,151.26,152.43,3585040,sample-prices
GLDW,2023-05-16,149.74,150.31,149.37,149.73,3253061,sample-prices
GLDW,2023-05-17,150.02,150.68,149.78,149.95,2451079,sample-prices
GLDW,2023-05-18,151.69,152.07,150.84,151.89,1507908,sample-prices
GLDW,2023-05-19,149.88,150.32,149.77,150.14,2021707,sample-prices
GLDW,2023-05-22,146.24,146.72,145.93,146.28,1455388,sample-prices
GLDW,2023-05-23,147.06,147.52,146.05,147.08,2952290,sample-prices
GLDW,2023-05-24,147.49,147.64,147.02,147.47,2905271,sample-prices
GLDW,2023-05-25,144.24,144.95,143.28,144.39,2883329,sample-prices
GLDW,2023-05-26,143.25,143.98,142.69,143.56,3956399,sample-prices
GLDW,2023-05-29,143.32,143.74,143.11,143.45,496189,sample-prices
GLDW,2023-05-30,142.87,142.89,142.58,142.65,2435073,sample-prices
GLDW,2023-05-31,137.6,137.98,136.79,137.41,3414552,sample-prices
GLDW,2023-06-01,136.2,137.73,135.76,136.54,1244965,sample-prices
GLDW,2023-06-02,138.6,138.72,137.47,138.22,2494435,sample-prices
GLDW,2023-06-05,138.19,138.6,138.13,138.32,503479,sample-prices
GLDW,2023-06-06,136.76,136.93,135.6,136.69,482529,sample-prices
GLDW,2023-06-07,134.66,134.81,133.71,134.49,2698940,sample-prices
GLDW,2023-06-08,136.79,136.94,136.6,136.91,2037050,sample-prices
GLDW,2023-06-09,138.44,138.57,138.18,138.57,2792446,sample-prices
GLDW,2023-06-12,136.86,137.73,136.19,136.8,1748984,sample-prices
GLDW,2023-06-13,139.52,140.39,139.0,139.75,3193374,sample-prices
GLDW,2023-06-14,136.5,137.17,135.77,136.58,1386310,sample-prices
GLDW,2023-06-15,133.69,134.49,133.29,133.37,1002784,sample-prices
GLDW,2023-06-16,133.8,134.04,133.23,133.73,3850109,sample-prices
GLDW,2023-06-19,132.61,133.36,131.49,132.67,3233454,sample-prices
GLDW,2023-06-20,131.42,132.13,130.86,131.82,2345599,sample-prices
GLDW,2023-06-21,135.56,136.46,134.49,135.28,1127539,sample-prices
GLDW,2023-06-22,135.0,135.26,134.83,135.26,538842,sample-prices
GLDW,2023-06-23,134.59,134.99,133.84,134.27,2226384,sample-prices
GLDW,2023-06-26,134.91,135.66,133.99,135.08,3290161,sample-prices
GLDW,2023-06-27,136.8,138.0,136.57,136.97,2812672,sample-prices
GLDW,2023-06-28,135.16,135.83,135.03,135.3,2443824,sample-prices
GLDW,2023-06-29,134.94,135.21,134.37,135.18,911226,sample-prices
GLDW,2023-06-30,137.49,137.67,136.98,137.47,320495,sample-prices
GLDW,2023-07-03,133.27,133.51,132.99,133.03,2307398,sample-prices
GLDW,2023-07-04,132.1,132.48,131.86,132.03,3924280,sample-prices
GLDW,2023-07-05,135.46,135.55,134.51,135.25,839698,sample-prices
GLDW,2023-07-06,136.26,136.66,136.25,136.54,2015160,sample-prices
GLDW,2023-07-07,137.23,137.5,136.65,137.25,2277270,sample-prices
GLDW,2023-07-10,135.35,136.43,134.79,135.43,3697083,sample-prices
GLDW,2023-07-11,133.82,134.49,133.1,133.88,1223345,sample-prices
GLDW,2023-07-12,134.51,134.75,134.12,134.46,2721504,sample-prices
GLDW,2023-07-13,136.73,137.39,136.07,136.5,627295,sample-prices
GLDW,2023-07-14,138.66,139.03,138.46,138.73,3380825,sample-prices
GLDW,2023-07-17,138.55,138.88,137.3,138.04,2084502,sample-prices
GLDW,2023-07-18,140.74,140.95,140.15,140.51,502916,sample-prices
GLDW,2023-07-19,138.45,139.22,138.23,138.46,3028365,sample-prices
GLDW,2023-07-20,142.34,142.35,141.39,142.06,1841244,sample-prices
GLDW,2023-07-21,142.52,142.65,141.15,142.57,1022140,sample-prices
GLDW,2023-07-24,141.12,141.2,140.77,140.96,2003745,sample-prices
GLDW,2023-07-25,138.95,139.15,138.26,138.6,1192366,sample-prices
GLDW,2023-07-26,139.69,139.84,139.05,139.48,755775,sample-prices
GLDW,2023-07-27,139.99,140.37,139.16,139.72,2304669,sample-prices
GLDW,2023-07-28,138.18,138.54,137.4,138.16,1255450,sample-prices
GLDW,2023-07-31,139.94,140.51,138.72,140.17,3434687,sample-prices
GLDW,2023-08-01,140.9,141.07,140.65,140.82,2852032,sample-prices
GLDW,2023-08-02,137.68,138.19,137.53,137.78,3026644,sample-prices
GLDW,2023-08-03,139.29,140.12,139.08,139.08,1474098,sample-prices
GLDW,2023-08-04,138.0,138.29,137.99,138.04,949339,sample-prices
GLDW,2023-08-07,138.4,138.57,137.73,138.38,680550,sample-prices
GLDW,2023-08-08,140.16,140.7,139.45,140.37,2250016,sample-prices
GLDW,2023-08-09,138.73,139.3,137.79,138.88,1206812,sample-prices
GLDW,2023-08-10,138.12,138.92,137.91,138.3,3462018,sample-prices
GLDW,2023-08-11,137.94,138.62,136.79,137.64,3738087,sample-prices
GLDW,2023-08-14,136.75,137.1,136.67,136.79,2956084,sample-prices
GLDW,2023-08-15,137.07,138.28,136.69,137.36,276185,sample-prices
GLDW,2023-08-16,136.82,137.44,136.73,137.19,491177,sample-prices
GLDW,2023-08-17,136.78,136.96,136.34,136.7,1545456,sample-prices
GLDW,2023-08-18,138.22,138.4,137.92,137.93,3511819,sample-prices
GLDW,2023-08-21,136.57,136.8,136.47,136.52,3207914,sample-prices
GLDW,2023-08-22,135.48,136.21,134.63,135.27,2973983,sample-prices
GLDW,2023-08-23,137.74,138.02,137.19,137.58,1721879,sample-prices
GLDW,2023-08-24,142.0,142.25,141.48,141.77,944222,sample-prices
GLDW,2023-08-25,142.76,143.17,142.24,142.82,1072837,sample-prices
GLDW,2023-08-28,141.51,142.18,141.11,141.83,1510067,sample-prices
GLDW,2023-08-29,141.15,141.31,140.99,141.18,1835562,sample-prices
GLDW,2023-08-30,140.29,140.3,139.94,140.01,2009354,sample-prices
GLDW,2023-08-31,138.77,139.21,138.34,138.85,2218670,sample-prices
GLDW,2023-09-01,134.14,134.29,133.82,134.13,1419676,sample-prices
GLDW,2023-09-04,135.67,137.09,135.1,136.23,3380242,sample-prices
GLDW,2023-09-05,136.35,136.64,135.9,136.25,3797168,sample-prices
GLDW,2023-09-06,132.52,133.03,132.02,132.1,2592456,sample-prices
GLDW,2023-09-07,134.03,135.15,133.7,133.88,2157665,sample-prices
GLDW,2023-09-08,135.67,136.12,134.7,135.7,1156067,sample-prices
GLDW,2023-09-11,134.99,135.44,134.07,134.96,1121731,sample-prices
GLDW,2023-09-12,134.36,134.75,133.91,134.2,3333523,sample-prices
GLDW,2023-09-13,133.29,134.11,133.11,133.51,3055876,sample-prices
GLDW,2023-09-14,134.13,134.57,134.03,134.22,1159516,sample-prices
GLDW,2023-09-15,132.01,132.55,131.74,131.85,3285976,sample-prices
GLDW,2023-09-18,131.87,132.18,131.04,132.02,1856966,sample-prices
GLDW,2023-09-19,129.86,129.91,129.36,129.65,3084839,sample-prices
GLDW,2023-09-20,133.27,133.88,132.3,133.48,3373815,sample-prices
GLDW,2023-09-21,135.75,136.54,135.71,136.09,1941951,sample-prices
GLDW,2023-09-22,137.38,137.45,137.16,137.39,1805907,sample-prices
GLDW,2023-09-25,136.18,136.64,135.24,136.41,3739902,sample-prices
GLDW,2023-09-26,136.46,137.09,136.43,136.58,322936,sample-prices
GLDW,2023-09-27,136.56,138.09,136.39,137.0,319375,sample-prices
GLDW,2023-09-28,136.39,136.91,136.26,136.44,1931243,sample-prices
GLDW,2023-09-29,138.04,138.34,137.86,137.89,828630,sample-prices
GLDW,2023-10-02,139.94,140.86,139.83,139.85,3547563,sample-prices
GLDW,2023-10-03,137.6,138.91,137.52,137.73,1046381,sample-prices
GLDW,2023-10-04,136.21,136.84,135.88,136.73,507013,sample-prices
GLDW,2023-10-05,135.14,135.14,134.66,134.98,457035,sample-prices
GLDW,2023-10-06,133.87,134.46,133.68,133.79,991184,sample-prices
GLDW,2023-10-09,135.27,135.9,134.9,135.29,3207985,sample-prices
GLDW,2023-10-10,137.66,138.06,136.11,137.4,3995830,sample-prices
GLDW,2023-10-11,134.53,135.44,133.94,134.52,879803,sample-prices
GLDW,2023-10-12,135.92,136.41,135.46,135.99,1371997,sample-prices
GLDW,2023-10-13,137.45,137.89,136.88,137.61,3773197,sample-prices
GLDW,2023-10-16,135.82,136.29,135.25,135.84,3605448,sample-prices
GLDW,2023-10-17,132.34,133.06,131.99,132.51,1319769,sample-prices
GLDW,2023-10-18,135.38,135.62,135.14,135.16,731239,sample-prices
GLDW,2023-10-19,136.32,136.59,136.3,136.36,2984744,sample-prices
GLDW,2023-10-20,133.19,133.55,133.11,133.2,1628159,sample-prices
GLDW,2023-10-23,131.08,131.76,130.87,131.17,2776139,sample-prices
GLDW,2023-10-24,135.09,135.41,134.49,135.04,2486585,sample-prices
GLDW,2023-10-25,134.44,134.67,133.77,134.29,2450442,sample-prices
GLDW,2023-10-26,136.05,136.09,135.58,135.92,529678,sample-prices
GLDW,2023-10-27,140.04,140.86,138.81,139.78,349664,sample-prices
GLDW,2023-10-30,139.96,140.4,139.37,140.1,1331345,sample-prices
GLDW,2023-10-31,138.48,138.96,138.08,138.62,2652598,sample-prices
GLDW,2023-11-01,139.93,139.95,139.75,139.9,2702542,sample-prices
GLDW,2023-11-02,141.71,141.74,141.66,141.71,3918705,sample-prices
GLDW,2023-11-03,141.96,142.43,141.55,142.12,2253144,sample-prices
GLDW,2023-11-06,141.64,142.0,140.99,141.46,963344,sample-prices
GLDW,2023-11-07,140.34,140.75,139.38,140.25,1261209,sample-prices
GLDW,2023-11-08,143.43,143.89,142.89,143.23,545725,sample-prices
GLDW,2023-11-09,143.76,144.34,143.2,143.78,948684,sample-prices
GLDW,2023-11-10,145.27,145.77,144.99,145.12,483619,sample-prices
GLDW,2023-11-13,144.22,145.85,143.63,144.44,1271472,sample-prices
GLDW,2023-11-14,144.85,145.2,144.38,144.74,1816621,sample-prices
GLDW,2023-11-15,143.96,144.08,143.36,143.88,369322,sample-prices
GLDW,2023-11-16,145.57,146.29,144.38,145.67,786984,sample-prices
GLDW,2023-11-17,147.16,147.71,146.52,147.05,2050059,sample-prices
GLDW,2023-11-20,143.54,143.7,143.19,143.41,2938673,sample-prices
GLDW,2023-11-21,143.83,143.91,143.24,143.72,3414243,sample-prices
GLDW,2023-11-22,141.93,142.93,141.59,141.93,499830,sample-prices
GLDW,2023-11-23,140.95,141.08,140.83,141.01,1715889,sample-prices
GLDW,2023-11-24,140.08,140.37,139.57,140.24,380314,sample-prices
GLDW,2023-11-27,140.14,140.38,140.07,140.09,775562,sample-prices
GLDW,2023-11-28,141.58,142.04,141.18,141.68,3612068,sample-prices
GLDW,2023-11-29,144.63,145.26,143.55,144.4,265301,sample-prices
GLDW,2023-11-30,146.49,147.15,145.78,146.13,3144627,sample-prices
GLDW,2023-12-01,142.7,143.56,141.46,142.47,573103,sample-prices
GLDW,2023-12-04,139.81,140.41,138.81,139.75,616123,sample-prices
GLDW,2023-12-05,141.05,142.1,140.64,141.05,559703,sample-prices
GLDW,2023-12-06,139.28,140.01,138.09,139.35,2597788,sample-prices
GLDW,2023-12-07,137.55,137.95,137.44,137.82,2842576,sample-prices
GLDW,2023-12-08,139.96,140.92,139.21,139.5,697056,sample-prices
GLDW,2023-12-11,141.55,142.11,141.19,141.66,2505917,sample-prices
GLDW,2023-12-12,145.59,146.61,145.11,145.52,550978,sample-prices
GLDW,2023-12-13,148.76,149.37,147.26,149.07,3689929,sample-prices
GLDW,2023-12-14,151.53,151.76,151.03,151.52,3495346,sample-prices
GLDW,2023-12-15,147.04,147.21,146.0,146.89,3376439,sample-prices
GLDW,2023-12-18,147.84,147.96,147.82,147.89,684592,sample-prices
GLDW,2023-12-19,146.55,146.98,145.93,146.54,1878194,sample-prices
GLDW,2023-12-20,144.09,144.36,143.55,143.95,862973,sample-prices
GLDW,2023-12-21,141.45,142.23,140.29,141.31,3803512,sample-prices
GLDW,2023-12-22,144.09,144.23,143.82,144.04,1481224,sample-prices
GLDW,2023-12-25,142.62,143.5,141.62,142.66,2127159,sample-prices
GLDW,2023-12-26,141.59,141.6,141.07,141.54,1542452,sample-prices
GLDW,2023-12-27,141.03,141.15,140.59,141.02,2264553,sample-prices
GLDW,2023-12-28,142.86,143.27,142.68,142.78,2249662,sample-prices
GLDW,2023-12-29,140.03,140.56,138.67,139.72,3591498,sample-prices
GLDW,2024-01-01,136.76,137.47,136.68,136.98,3182663,sample-prices
GLDW,2024-01-02,134.42,135.29,133.99,134.03,3626145,sample-prices
GLDW,2024-01-03,136.09,136.67,136.08,136.22,1420283,sample-prices
GLDW,2024-01-04,138.56,139.54,138.43,138.65,2799908,sample-prices
GLDW,2024-01-05,136.67,137.29,135.82,136.88,280615,sample-prices
GLDW,2024-01-08,136.57,136.9,135.46,136.64,3957806,sample-prices
GLDW,2024-01-09,136.0,136.3,135.95,135.97,2867013,sample-prices
GLDW,2024-01-10,137.08,137.55,136.9,137.08,3875761,sample-prices
GLDW,2024-01-11,139.97,140.95,139.43,139.8,3328080,sample-prices
GLDW,2024-01-12,138.07,138.22,137.26,138.1,3414023,sample-prices
GLDW,2024-01-15,137.9,137.96,137.72,137.82,2361315,sample-prices
GLDW,2024-01-16,138.99,139.85,138.75,138.77,852739,sample-prices
GLDW,2024-01-17,141.14,142.39,140.39,141.37,525618,sample-prices
GLDW,2024-01-18,144.88,146.1,144.13,144.73,1577786,sample-prices
GLDW,2024-01-19,146.24,146.57,145.88,146.38,3484184,sample-prices
GLDW,2024-01-22,143.83,144.61,143.54,144.1,2473253,sample-prices
GLDW,2024-01-23,142.47,143.23,142.36,142.45,1761922,sample-prices
GLDW,2024-01-24,145.44,146.12,145.21,145.85,1552858,sample-prices
GLDW,2024-01-25,149.5,150.7,148.88,149.3,2449094,sample-prices
GLDW,2024-01-26,148.85,149.51,147.9,149.01,362759,sample-prices
GLDW,2024-01-29,146.53,146.69,145.74,146.36,1276605,sample-prices
GLDW,2024-01-30,146.89,147.49,145.95,146.94,2274336,sample-prices
GLDW,2024-01-31,149.07,149.5,148.84,148.94,3702294,sample-prices
GLDW,2024-02-01,148.9,149.14,148.74,149.12,1371798,sample-prices
GLDW,2024-02-02,148.06,148.7,147.57,148.14,2487205,sample-prices
GLDW,2024-02-05,148.01,148.16,147.8,147.96,1479059,sample-prices
GLDW,2024-02-06,146.11,146.99,145.31,145.8,2425522,sample-prices
GLDW,2024-02-07,147.25,148.21,147.06,147.65,3544471,sample-prices
GLDW,2024-02-08,146.99,147.21,146.62,146.83,2075109,sample-prices
GLDW,2024-02-09,145.29,147.12,144.54,145.55,1010331,sample-prices
GLDW,2024-02-12,145.35,145.6,144.81,145.26,2464256,sample-prices
GLDW,2024-02-13,149.19,149.92,149.0,149.4,357367,sample-prices
GLDW,2024-02-14,147.54,148.09,146.98,147.51,1867302,sample-prices
GLDW,2024-02-15,147.77,149.4,146.59,147.54,2789769,sample-prices
GLDW,2024-02-16,150.62,151.95,149.55,150.89,1254052,sample-prices
GLDW,2024-02-19,150.2,150.59,149.74,150.27,2047956,sample-prices
GLDW,2024-02-20,151.06,151.73,150.63,151.3,1987150,sample-prices
GLDW,2024-02-21,150.34,151.84,149.4,150.02,1920931,sample-prices
GLDW,2024-02-22,152.22,152.24,151.83,152.1,2427786,sample-prices
GLDW,2024-02-23,153.19,154.53,152.2,153.02,2878550,sample-prices
GLDW,2024-02-26,153.15,153.49,152.58,153.26,3437231,sample-prices
GLDW,2024-02-27,154.94,155.54,154.55,155.26,3212038,sample-prices
GLDW,2024-02-28,153.96,153.99,153.52,153.74,1043083,sample-prices
GLDW,2024-02-29,154.89,155.44,153.69,154.75,922430,sample-prices
GLDW,2024-03-01,152.38,152.83,152.09,152.26,242241,sample-prices
GLDW,2024-03-04,149.53,149.61,148.54,149.4,2424791,sample-prices
GLDW,2024-03-05,153.38,154.5,153.18,153.33,3498387,sample-prices
GLDW,2024-03-06,154.77,155.36,154.77,154.93,2274616,sample-prices
GLDW,2024-03-07,154.34,154.58,153.94,154.45,3214053,sample-prices
GLDW,2024-03-08,154.88,155.65,154.26,154.83,3601005,sample-prices
GLDW,2024-03-11,157.67,158.2,157.46,157.61,3591075,sample-prices
GLDW,2024-03-12,160.46,160.56,159.67,160.33,656418,sample-prices
GLDW,2024-03-13,160.77,161.14,160.46,160.71,3761213,sample-prices
GLDW,2024-03-14,158.47,159.89,158.11,158.59,1689130,sample-prices
GLDW,2024-03-15,156.28,156.95,155.92,156.36,3969274,sample-prices
GLDW,2024-03-18,159.06,159.77,158.58,159.06,866210,sample-prices
GLDW,2024-03-19,157.59,157.71,157.3,157.48,1860847,sample-prices
GLDW,2024-03-20,158.17,158.72,157.84,158.51,3939391,sample-prices
GLDW,2024-03-21,159.06,160.46,158.91,159.18,3357821,sample-prices
GLDW,2024-03-22,160.04,160.55,158.53,159.92,2766888,sample-prices
GLDW,2024-03-25,161.54,162.38,160.86,161.88,2899615,sample-prices
GLDW,2024-03-26,161.5,163.18,160.97,161.69,2957503,sample-prices
GLDW,2024-03-27,165.27,166.04,164.71,165.32,641227,sample-prices
GLDW,2024-03-28,165.35,165.55,165.17,165.23,2456807,sample-prices
GLDW,2024-03-29,166.83,167.57,165.16,166.96,3515016,sample-prices
GLDW,2024-04-01,164.54,165.09,164.32,164.81,3816991,sample-prices
GLDW,2024-04-02,166.25,166.33,165.03,166.15,762197,sample-prices
GLDW,2024-04-03,166.39,166.74,165.86,166.49,1322317,sample-prices
GLDW,2024-04-04,162.91,163.73,161.92,162.69,1204237,sample-prices
GLDW,2024-04-05,166.78,167.93,166.04,166.26,1897498,sample-prices
GLDW,2024-04-08,163.57,163.91,163.54,163.57,2778106,sample-prices
GLDW,2024-04-09,157.62,158.09,156.97,157.68,1580629,sample-prices
GLDW,2024-04-10,158.61,159.69,158.1,158.34,744470,sample-prices
GLDW,2024-04-11,160.18,160.6,159.78,160.13,1313094,sample-prices
GLDW,2024-04-12,157.69,158.0,157.45,157.59,3498768,sample-prices
GLDW,2024-04-15,155.16,155.61,154.12,155.17,306104,sample-prices
GLDW,2024-04-16,153.47,154.31,153.04,153.94,3236936,sample-prices
GLDW,2024-04-17,152.65,152.86,151.86,152.51,2157701,sample-prices
GLDW,2024-04-18,148.07,149.59,147.52,148.38,2951419,sample-prices
GLDW,2024-04-19,146.5,146.97,145.83,146.85,2275113,sample-prices
GLDW,2024-04-22,147.31,148.0,146.23,147.33,1949471,sample-prices
GLDW,2024-04-23,148.05,148.53,147.08,148.3,2347729,sample-prices
GLDW,2024-04-24,151.01,151.21,150.31,151.2,3710043,sample-prices
GLDW,2024-04-25,151.09,151.48,150.01,151.11,1927011,sample-prices
GLDW,2024-04-26,146.17,146.39,146.05,146.21,788217,sample-prices
GLDW,2024-04-29,145.95,146.03,145.56,145.62,2847228,sample-prices
GLDW,2024-04-30,143.25,143.39,142.57,143.17,394984,sample-prices
GLDW,2024-05-01,142.89,143.28,142.44,142.92,871151,sample-prices
GLDW,2024-05-02,141.79,142.4,141.71,141.91,2237331,sample-prices
GLDW,2024-05-03,143.79,143.92,143.56,143.74,1721839,sample-prices
GLDW,2024-05-06,144.01,144.37,143.86,143.95,1135358,sample-prices
GLDW,2024-05-07,143.41,144.41,143.22,143.52,2606612,sample-prices
GLDW,2024-05-08,143.75,144.17,142.51,143.53,1774222,sample-prices
GLDW,2024-05-09,141.66,142.18,141.24,141.99,3251048,sample-prices
GLDW,2024-05-10,143.67,144.34,143.37,143.87,1418939,sample-prices
GLDW,2024-05-13,145.4,146.01,144.12,145.84,3654570,sample-prices
GLDW,2024-05-14,146.87,147.01,145.48,146.21,1120668,sample-prices
GLDW,2024-05-15,144.85,145.24,144.3,144.84,2273095,sample-prices
GLDW,2024-05-16,147.33,147.89,146.94,147.37,882154,sample-prices
GLDW,2024-05-17,145.05,145.68,144.68,145.27,3522586,sample-prices
GLDW,2024-05-20,140.05,140.28,139.06,139.83,297829,sample-prices
GLDW,2024-05-21,136.89,137.42,136.68,137.05,3325072,sample-prices
GLDW,2024-05-22,136.56,137.64,136.2,136.87,725260,sample-prices
GLDW,2024-05-23,135.89,136.42,135.82,135.85,3406533,sample-prices
GLDW,2024-05-24,140.11,140.46,139.55,140.13,1479031,sample-prices
GLDW,2024-05-27,138.55,138.74,137.81,138.29,3885531,sample-prices
GLDW,2024-05-28,133.28,134.39,133.24,133.46,2545633,sample-prices
GLDW,2024-05-29,132.82,133.1,132.01,133.02,3878881,sample-prices
GLDW,2024-05-30,135.51,136.26,135.0,135.18,1025953,sample-prices
GLDW,2024-05-31,137.99,138.65,137.77,138.04,585408,sample-prices
GLDW,2024-06-03,137.36,138.68,136.75,137.27,3835530,sample-prices
GLDW,2024-06-04,136.99,137.25,136.44,137.15,692301,sample-prices
GLDW,2024-06-05,137.4,138.35,136.56,137.44,3504143,sample-prices
GLDW,2024-06-06,137.45,137.78,137.19,137.34,1078815,sample-prices
GLDW,2024-06-07,138.39,139.33,138.07,138.41,1433376,sample-prices
GLDW,2024-06-10,142.27,143.81,142.13,142.27,1330920,sample-prices
GLDW,2024-06-11,141.28,142.65,140.51,140.97,3303497,sample-prices
GLDW,2024-06-12,144.54,145.14,143.36,144.69,2568748,sample-prices
GLDW,2024-06-13,146.4,146.5,145.55,146.29,3141175,sample-prices
GLDW,2024-06-14,151.31,151.71,151.28,151.69,1973783,sample-prices
GLDW,2024-06-17,153.34,154.52,152.6,153.28,792244,sample-prices
GLDW,2024-06-18,155.55,156.34,155.1,155.83,2719351,sample-prices
GLDW,2024-06-19,154.54,155.45,152.84,154.75,2502213,sample-prices
GLDW,2024-06-20,159.05,159.77,158.31,158.92,859286,sample-prices
GLDW,2024-06-21,158.3,158.62,157.8,158.48,612067,sample-prices
GLDW,2024-06-24,160.35,160.79,159.59,160.23,2262056,sample-prices
GLDW,2024-06-25,160.85,162.43,160.16,160.63,1287944,sample-prices
GLDW,2024-06-26,158.77,160.19,158.43,158.94,368691,sample-prices
GLDW,2024-06-27,158.92,159.08,158.63,158.82,3305597,sample-prices
GLDW,2024-06-28,163.07,163.4,162.16,162.84,331700,sample-prices
GLDW,2024-07-01,165.02,165.39,163.66,164.73,2758245,sample-prices
GLDW,2024-07-02,166.91,167.02,165.26,166.58,2170101,sample-prices
GLDW,2024-07-03,167.68,168.65,167.27,167.94,535527,sample-prices
GLDW,2024-07-04,171.98,172.25,171.51,171.85,1025979,sample-prices
GLDW,2024-07-05,171.96,172.83,170.58,171.61,1804827,sample-prices
GLDW,2024-07-08,168.86,169.39,168.55,168.84,3517533,sample-prices
GLDW,2024-07-09,171.92,172.42,171.55,171.57,3516298,sample-prices
GLDW,2024-07-10,168.79,169.02,168.08,168.73,3080059,sample-prices
GLDW,2024-07-11,167.74,168.86,167.39,167.95,3387968,sample-prices
GLDW,2024-07-12,170.72,171.77,169.29,170.72,336938,sample-prices
GLDW,2024-07-15,170.96,171.27,170.49,171.26,2764759,sample-prices
GLDW,2024-07-16,171.07,171.28,170.65,171.24,1128983,sample-prices
GLDW,2024-07-17,174.13,175.08,173.94,174.27,3968083,sample-prices
GLDW,2024-07-18,171.25,172.13,170.55,171.35,690488,sample-prices
GLDW,2024-07-19,170.96,171.37,169.54,170.32,724234,sample-prices
GLDW,2024-07-22,166.75,167.02,165.77,166.65,1654137,sample-prices
GLDW,2024-07-23,162.78,163.47,162.5,163.03,1274712,sample-prices
GLDW,2024-07-24,161.66,162.53,161.62,161.63,447274,sample-prices
GLDW,2024-07-25,162.93,163.47,161.9,162.87,3640496,sample-prices
GLDW,2024-07-26,163.85,164.26,163.6,163.66,3179197,sample-prices
GLDW,2024-07-29,164.62,164.94,164.05,164.42,661609,sample-prices
GLDW,2024-07-30,162.21,163.39,161.98,162.41,695536,sample-prices
GLDW,2024-07-31,159.58,160.01,159.36,159.46,3202369,sample-prices
GLDW,2024-08-01,157.4,157.92,157.32,157.55,939218,sample-prices
GLDW,2024-08-02,156.11,156.25,155.5,155.97,369334,sample-prices
GLDW,2024-08-05,157.34,158.01,157.25,157.41,1144362,sample-prices
GLDW,2024-08-06,153.44,154.22,153.24,153.66,1731239,sample-prices
GLDW,2024-08-07,154.27,154.45,153.81,154.24,2476821,sample-prices
GLDW,2024-08-08,158.58,159.09,158.15,158.67,1891558,sample-prices
GLDW,2024-08-09,157.22,158.43,156.3,157.35,2007606,sample-prices
GLDW,2024-08-12,158.4,158.54,157.39,158.02,2836373,sample-prices
GLDW,2024-08-13,155.47,156.77,155.31,155.82,3308997,sample-prices
GLDW,2024-08-14,159.63,160.51,159.55,159.65,356248,sample-prices
GLDW,2024-08-15,160.86,161.2,160.08,160.98,863994,sample-prices
GLDW,2024-08-16,161.95,162.15,160.93,161.6,1181780,sample-prices
GLDW,2024-08-19,157.27,158.19,156.4,157.34,497615,sample-prices
GLDW,2024-08-20,156.96,157.19,156.79,157.01,444681,sample-prices
GLDW,2024-08-21,156.39,156.97,156.13,156.14,2559404,sample-prices
GLDW,2024-08-22,156.24,156.88,154.95,156.04,389880,sample-prices
GLDW,2024-08-23,155.29,156.97,155.29,155.93,3861659,sample-prices
GLDW,2024-08-26,155.13,155.68,154.67,155.03,1043769,sample-prices
GLDW,2024-08-27,153.67,154.05,153.14,153.74,623911,sample-prices
GLDW,2024-08-28,157.41,157.66,156.96,157.34,3877896,sample-prices
GLDW,2024-08-29,156.09,157.45,155.51,156.33,3257968,sample-prices
GLDW,2024-08-30,156.89,158.47,156.12,157.0,3363622,sample-prices
GLDW,2024-09-02,158.81,159.1,157.23,158.84,444997,sample-prices
GLDW,2024-09-03,154.71,155.4,154.07,154.88,3527500,sample-prices
GLDW,2024-09-04,153.94,154.48,153.65,153.9,1608863,sample-prices
GLDW,2024-09-05,151.62,152.88,150.61,151.95,1540646,sample-prices
GLDW,2024-09-06,152.17,153.25,151.93,152.39,3444114,sample-prices
GLDW,2024-09-09,156.56,157.14,156.18,156.36,2937011,sample-prices
GLDW,2024-09-10,156.32,156.54,155.54,156.43,3132156,sample-prices
GLDW,2024-09-11,160.35,161.09,159.56,159.99,1393342,sample-prices
GLDW,2024-09-12,159.87,160.82,159.34,159.89,2120619,sample-prices
GLDW,2024-09-13,159.41,159.88,158.43,159.18,2820129,sample-prices
GLDW,2024-09-16,159.25,159.52,158.79,159.49,2400538,sample-prices
GLDW,2024-09-17,157.4,157.86,156.94,157.43,1268674,sample-prices
GLDW,2024-09-18,157.81,158.33,157.76,158.13,3188876,sample-prices
GLDW,2024-09-19,156.02,156.84,155.77,156.37,1991062,sample-prices
GLDW,2024-09-20,156.91,157.63,156.72,157.06,3120474,sample-prices
GLDW,2024-09-23,155.32,156.04,154.95,155.26,3524665,sample-prices
GLDW,2024-09-24,154.84,155.84,154.74,154.99,818705,sample-prices
GLDW,2024-09-25,156.93,157.1,156.87,157.04,1861883,sample-prices
GLDW,2024-09-26,159.26,159.92,159.15,159.21,1352596,sample-prices
GLDW,2024-09-27,160.78,161.8,159.2,161.04,1983705,sample-prices
GLDW,2024-09-30,165.61,166.82,165.42,166.02,1272812,sample-prices
GLDW,2024-10-01,163.06,163.58,162.58,162.84,351760,sample-prices
GLDW,2024-10-02,161.79,163.18,161.78,161.92,3660761,sample-prices
GLDW,2024-10-03,162.38,163.11,161.59,162.69,3564943,sample-prices
GLDW,2024-10-04,163.6,163.9,163.17,163.47,2633188,sample-prices
GLDW,2024-10-07,162.64,163.31,162.28,162.89,1435681,sample-prices
GLDW,2024-10-08,162.63,163.16,162.21,162.54,3728520,sample-prices
GLDW,2024-10-09,164.57,165.22,163.68,164.33,1051021,sample-prices
GLDW,2024-10-10,167.23,167.63,165.99,167.61,3874609,sample-prices
GLDW,2024-10-11,170.96,170.96,170.7,170.79,687740,sample-prices
GLDW,2024-10-14,166.46,166.7,166.31,166.54,981870,sample-prices
GLDW,2024-10-15,167.41,168.19,166.89,167.25,3498610,sample-prices
GLDW,2024-10-16,167.17,167.42,166.87,167.19,1247108,sample-prices
GLDW,2024-10-17,168.82,169.18,167.78,169.08,797426,sample-prices
GLDW,2024-10-18,170.95,171.06,170.44,170.48,3084180,sample-prices
GLDW,2024-10-21,171.94,173.06,170.43,172.45,2640597,sample-prices
GLDW,2024-10-22,174.06,174.19,173.11,173.92,3218694,sample-prices
GLDW,2024-10-23,175.01,175.79,174.75,175.42,213126,sample-prices
GLDW,2024-10-24,175.73,176.84,174.45,175.48,3288779,sample-prices
GLDW,2024-10-25,174.23,175.36,173.92,173.99,2227410,sample-prices
GLDW,2024-10-28,175.58,176.3,174.07,175.45,3298837,sample-prices
GLDW,2024-10-29,178.16,178.42,177.34,177.89,3103697,sample-prices
GLDW,2024-10-30,179.62,179.66,178.03,179.27,1936249,sample-prices
GLDW,2024-10-31,181.07,182.18,180.7,180.93,1203465,sample-prices
GLDW,2024-11-01,183.5,183.75,182.1,183.53,3116158,sample-prices
GLDW,2024-11-04,188.34,188.51,188.02,188.05,2421048,sample-prices
GLDW,2024-11-05,188.6,189.04,188.22,188.54,259494,sample-prices
GLDW,2024-11-06,187.29,189.06,187.22,187.38,2835913,sample-prices
GLDW,2024-11-07,186.42,187.2,186.13,186.94,3999592,sample-prices
GLDW,2024-11-08,181.28,182.29,180.65,181.1,2980223,sample-prices
GLDW,2024-11-11,182.18,182.35,181.44,181.71,752727,sample-prices
GLDW,2024-11-12,177.33,178.64,177.08,177.34,322194,sample-prices
GLDW,2024-11-13,172.46,173.09,172.1,172.43,2261790,sample-prices
GLDW,2024-11-14,170.71,171.26,169.92,170.83,691881,sample-prices
GLDW,2024-11-15,169.66,171.27,169.66,169.94,2719229,sample-prices
GLDW,2024-11-18,166.96,168.11,166.74,166.91,721397,sample-prices
GLDW,2024-11-19,167.91,168.59,167.44,167.9,1721439,sample-prices
GLDW,2024-11-20,170.72,170.83,170.2,170.41,3507033,sample-prices
GLDW,2024-11-21,168.38,169.21,167.53,168.29,1089742,sample-prices
GLDW,2024-11-22,171.1,171.3,170.61,171.18,506636,sample-prices
GLDW,2024-11-25,171.38,172.06,171.25,171.57,3042480,sample-prices
GLDW,2024-11-26,172.18,172.24,172.15,172.21,3161559,sample-prices
GLDW,2024-11-27,173.56,173.89,173.18,173.27,2618986,sample-prices
GLDW,2024-11-28,172.86,173.82,171.18,173.14,1088593,sample-prices
GLDW,2024-11-29,172.5,173.09,171.5,172.18,2296473,sample-prices
GLDW,2024-12-02,175.36,175.39,174.96,175.14,242976,sample-prices
GLDW,2024-12-03,174.92,174.95,174.64,174.91,824379,sample-prices
GLDW,2024-12-04,170.87,171.12,169.71,170.58,2010293,sample-prices
GLDW,2024-12-05,169.76,169.87,168.48,169.65,2622742,sample-prices
GLDW,2024-12-06,166.89,167.59,165.98,166.87,1483588,sample-prices
GLDW,2024-12-09,167.79,168.72,167.76,167.94,2147179,sample-prices
GLDW,2024-12-10,168.27,169.97,167.92,168.3,3973521,sample-prices
GLDW,2024-12-11,168.57,169.18,168.27,168.84,2360062,sample-prices
GLDW,2024-12-12,168.95,169.54,168.6,168.74,3338789,sample-prices
GLDW,2024-12-13,171.07,171.6,170.33,171.29,3963265,sample-prices
GLDW,2024-12-16,172.52,173.52,172.23,173.15,1852728,sample-prices
GLDW,2024-12-17,172.01,172.9,171.57,172.14,2544880,sample-prices
GLDW,2024-12-18,171.78,172.09,170.94,171.68,760113,sample-prices
GLDW,2024-12-19,172.62,173.53,171.59,172.31,3435122,sample-prices
GLDW,2024-12-20,176.64,176.81,176.59,176.6,1809987,sample-prices
GLDW,2024-12-23,172.63,173.02,171.66,172.29,240626,sample-prices
GLDW,2024-12-24,174.02,174.43,172.15,174.2,2890357,sample-prices
GLDW,2024-12-25,174.98,175.15,174.36,174.77,521208,sample-prices
GLDW,2024-12-26,174.83,176.14,174.43,174.84,1696744,sample-prices
GLDW,2024-12-27,175.58,177.16,175.46,175.7,893017,sample-prices
GLDW,2024-12-30,176.52,176.6,175.52,176.11,2549785,sample-prices
GLDW,2024-12-31,174.51,175.25,174.24,174.42,3481921,sample-prices
HRZN,2022-06-01,107.22,107.45,106.51,107.04,2034458,sample-prices
HRZN,2022-06-02,105.35,106.02,104.87,105.28,2541204,sample-prices
HRZN,2022-06-03,106.62,107.6,106.29,106.94,1127798,sample-prices
HRZN,2022-06-06,107.8,108.31,107.51,107.56,886750,sample-prices
HRZN,2022-06-07,108.16,108.38,108.09,108.23,202383,sample-prices
HRZN,2022-06-08,108.4,108.92,107.84,108.36,386635,sample-prices
HRZN,2022-06-09,109.53,109.86,109.27,109.69,1614155,sample-prices
HRZN,2022-06-10,108.07,108.55,107.79,108.31,2901156,sample-prices
HRZN,2022-06-13,109.82,110.3,109.6,109.91,3527186,sample-prices
HRZN,2022-06-14,106.32,106.65,106.04,106.27,2093737,sample-prices
HRZN,2022-06-15,106.17,106.91,106.05,106.06,1937554,sample-prices
HRZN,2022-06-16,105.66,106.36,105.49,105.68,819749,sample-prices
HRZN,2022-06-17,107.04,107.39,107.01,107.14,2538193,sample-prices
HRZN,2022-06-20,105.42,105.69,105.32,105.5,1594695,sample-prices
HRZN,2022-06-21,107.0,107.7,106.89,107.31,1607423,sample-prices
HRZN,2022-06-22,108.43,108.84,107.76,108.16,637615,sample-prices
HRZN,2022-06-23,107.88,108.45,107.76,108.03,339869,sample-prices
HRZN,2022-06-24,106.39,106.99,106.13,106.3,1596544,sample-prices
HRZN,2022-06-27,103.13,103.38,102.98,103.32,988709,sample-prices
HRZN,2022-06-28,102.16,102.38,102.0,102.14,2645806,sample-prices
HRZN,2022-06-29,102.79,103.07,102.29,102.8,2710122,sample-prices
HRZN,2022-06-30,104.56,105.01,104.16,104.3,701647,sample-prices
HRZN,2022-07-01,103.54,104.49,103.23,103.38,1910873,sample-prices
HRZN,2022-07-04,103.17,103.52,103.01,103.34,3920786,sample-prices
HRZN,2022-07-05,103.43,103.7,103.15,103.52,2991214,sample-prices
HRZN,2022-07-06,102.93,103.05,102.44,102.92,2771021,sample-prices
HRZN,2022-07-07,101.62,101.9,101.19,101.47,3541051,sample-prices
HRZN,2022-07-08,103.66,103.94,103.51,103.71,2398784,sample-prices
HRZN,2022-07-11,103.17,103.75,102.63,103.08,1532615,sample-prices
HRZN,2022-07-12,103.5,103.93,103.48,103.57,2619443,sample-prices
HRZN,2022-07-13,102.75,103.33,102.53,102.64,1482647,sample-prices
HRZN,2022-07-14,102.04,102.92,101.99,102.16,2754326,sample-prices
HRZN,2022-07-15,102.5,102.79,102.15,102.37,2777838,sample-prices
HRZN,2022-07-18,103.3,103.94,102.63,103.53,2537580,sample-prices
HRZN,2022-07-19,103.07,103.77,102.64,103.24,803286,sample-prices
HRZN,2022-07-20,102.5,103.15,102.36,102.72,2942289,sample-prices
HRZN,2022-07-21,101.25,101.8,100.58,101.34,958818,sample-prices
HRZN,2022-07-22,101.39,101.42,100.94,101.39,2109354,sample-prices
HRZN,2022-07-25,101.13,101.8,100.44,101.33,1482430,sample-prices
HRZN,2022-07-26,102.83,103.12,102.41,102.58,594585,sample-prices
HRZN,2022-07-27,102.34,102.53,101.77,102.14,1908924,sample-prices
HRZN,2022-07-28,102.99,103.35,102.88,103.03,1298668,sample-prices
HRZN,2022-07-29,101.11,101.29,100.72,100.96,3672010,sample-prices
HRZN,2022-08-01,103.08,103.19,102.68,103.05,603453,sample-prices
HRZN,2022-08-02,104.37,105.23,104.07,104.4,3190569,sample-prices
HRZN,2022-08-03,105.51,105.72,104.99,105.52,3727153,sample-prices
HRZN,2022-08-04,106.54,106.81,105.96,106.49,3148563,sample-prices
HRZN,2022-08-05,107.57,108.11,107.21,107.64,3437566,sample-prices
HRZN,2022-08-08,106.48,106.69,106.04,106.36,205391,sample-prices
HRZN,2022-08-09,106.92,107.76,106.6,106.98,322144,sample-prices
HRZN,2022-08-10,107.55,108.54,107.5,107.89,3410990,sample-prices
HRZN,2022-08-11,106.47,107.32,106.3,106.62,2611007,sample-prices
HRZN,2022-08-12,108.15,108.41,107.93,108.2,1569751,sample-prices
HRZN,2022-08-15,108.17,108.45,107.98,107.99,1344452,sample-prices
HRZN,2022-08-16,107.99,108.3,107.81,108.12,2063782,sample-prices
HRZN,2022-08-17,109.93,110.15,109.88,109.93,2164981,sample-prices
HRZN,2022-08-18,109.35,109.75,109.22,109.5,1026874,sample-prices
HRZN,2022-08-19,109.05,109.74,108.84,109.01,216409,sample-prices
HRZN,2022-08-22,108.56,108.68,107.77,108.43,3604491,sample-prices
HRZN,2022-08-23,109.09,109.44,109.0,109.06,2506865,sample-prices
HRZN,2022-08-24,108.87,109.41,108.29,108.87,3207749,sample-prices
HRZN,2022-08-25,112.63,112.9,112.58,112.64,228416,sample-prices
HRZN,2022-08-26,112.15,112.68,111.53,112.24,651788,sample-prices
HRZN,2022-08-29,112.1,112.31,111.87,112.07,3409571,sample-prices
HRZN,2022-08-30,110.79,111.43,110.55,110.7,3331611,sample-prices
HRZN,2022-08-31,111.56,111.81,111.46,111.63,709947,sample-prices
HRZN,2022-09-01,112.65,113.53,112.31,112.62,1999666,sample-prices
HRZN,2022-09-02,109.89,110.1,109.8,110.01,882608,sample-prices
HRZN,2022-09-05,112.6,112.76,112.26,112.6,3874976,sample-prices
HRZN,2022-09-06,111.46,111.52,110.58,111.25,768347,sample-prices
HRZN,2022-09-07,113.02,114.33,112.59,113.17,1885245,sample-prices
HRZN,2022-09-08,115.79,116.18,115.77,115.85,1952900,sample-prices
HRZN,2022-09-09,111.13,111.16,109.41,110.71,3260772,sample-prices
HRZN,2022-09-12,110.03,110.35,109.61,109.92,2108166,sample-prices
HRZN,2022-09-13,109.89,110.54,109.38,109.88,685256,sample-prices
HRZN,2022-09-14,108.63,108.99,108.4,108.89,1197080,sample-prices
HRZN,2022-09-15,110.27,110.5,110.0,110.13,2593206,sample-prices
HRZN,2022-09-16,111.69,112.36,111.1,111.32,1780749,sample-prices
HRZN,2022-09-19,110.37,110.87,109.56,110.21,2082319,sample-prices
HRZN,2022-09-20,109.71,109.78,109.57,109.76,3015177,sample-prices
HRZN,2022-09-21,107.37,107.64,107.23,107.45,2947490,sample-prices
HRZN,2022-09-22,106.2,106.33,106.03,106.28,3782046,sample-prices
HRZN,2022-09-23,106.1,106.6,105.97,106.17,3393117,sample-prices
HRZN,2022-09-26,106.5,106.63,106.28,106.52,2361250,sample-prices
HRZN,2022-09-27,106.9,107.29,106.54,107.03,2147798,sample-prices
HRZN,2022-09-28,106.5,107.21,106.1,106.71,1868386,sample-prices
HRZN,2022-09-29,108.06,109.13,107.89,108.06,733504,sample-prices
HRZN,2022-09-30,110.04,110.97,108.97,109.91,225177,sample-prices
HRZN,2022-10-03,109.3,109.5,109.14,109.17,2904526,sample-prices
HRZN,2022-10-04,108.08,108.1,107.19,107.87,1743645,sample-prices
HRZN,2022-10-05,108.19,108.44,106.98,108.01,2809739,sample-prices
HRZN,2022-10-06,107.89,108.2,107.76,107.89,2859395,sample-prices
HRZN,2022-10-07,105.21,105.27,105.15,105.22,3344725,sample-prices
HRZN,2022-10-10,104.04,104.25,103.81,103.9,389705,sample-prices
HRZN,2022-10-11,105.22,105.3,104.64,105.0,3535773,sample-prices
HRZN,2022-10-12,104.89,105.03,104.77,104.97,2837548,sample-prices
HRZN,2022-10-13,104.91,105.13,104.27,105.04,1760677,sample-prices
HRZN,2022-10-14,105.65,106.41,105.08,105.65,3113986,sample-prices
HRZN,2022-10-17,104.12,104.21,104.01,104.08,2389711,sample-prices
HRZN,2022-10-18,102.83,103.0,102.4,102.54,818318,sample-prices
HRZN,2022-10-19,102.37,102.8,101.98,102.19,2543946,sample-prices
HRZN,2022-10-20,100.65,100.84,100.53,100.65,3069182,sample-prices
HRZN,2022-10-21,99.76,100.25,99.02,99.36,1526302,sample-prices
HRZN,2022-10-24,99.06,99.3,98.09,98.92,2443806,sample-prices
HRZN,2022-10-25,99.1,99.32,98.67,99.12,1943711,sample-prices
HRZN,2022-10-26,98.31,98.63,98.11,98.37,3739007,sample-prices
HRZN,2022-10-27,98.57,98.95,98.29,98.83,3319744,sample-prices
HRZN,2022-10-28,100.73,101.05,100.65,100.84,1319211,sample-prices
HRZN,2022-10-31,100.24,101.05,100.05,100.68,3967431,sample-prices
HRZN,2022-11-01,101.68,102.26,101.6,101.63,3598775,sample-prices
HRZN,2022-11-02,102.08,102.58,101.67,102.17,1329493,sample-prices
HRZN,2022-11-03,100.75,100.89,100.62,100.77,566700,sample-prices
HRZN,2022-11-04,100.63,100.74,100.32,100.62,3331442,sample-prices
HRZN,2022-11-07,99.36,100.06,99.31,99.63,3165422,sample-prices
HRZN,2022-11-08,98.18,99.35,97.81,98.45,3698202,sample-prices
HRZN,2022-11-09,98.95,99.07,98.34,98.75,2300863,sample-prices
HRZN,2022-11-10,100.78,101.83,100.03,100.98,626510,sample-prices
HRZN,2022-11-11,104.99,105.14,104.78,104.93,2392289,sample-prices
HRZN,2022-11-14,102.79,103.07,102.47,102.96,1504298,sample-prices
HRZN,2022-11-15,104.67,104.81,104.26,104.77,3781357,sample-prices
HRZN,2022-11-16,104.17,104.59,103.68,104.11,3243121,sample-prices
HRZN,2022-11-17,105.74,106.79,105.45,106.04,3167920,sample-prices
HRZN,2022-11-18,106.05,106.15,105.63,106.06,1780645,sample-prices
HRZN,2022-11-21,104.97,105.57,104.54,105.02,3241905,sample-prices
HRZN,2022-11-22,105.4,105.7,104.91,105.32,1551625,sample-prices
HRZN,2022-11-23,104.63,104.68,104.05,104.68,1328505,sample-prices
HRZN,2022-11-24,106.3,106.31,105.64,106.15,3885484,sample-prices
HRZN,2022-11-25,104.87,105.1,104.42,104.82,2269998,sample-prices
HRZN,2022-11-28,104.32,104.76,103.87,104.21,3877291,sample-prices
HRZN,2022-11-29,105.37,106.43,105.05,105.52,1638921,sample-prices
HRZN,2022-11-30,105.3,105.41,105.29,105.39,2387077,sample-prices
HRZN,2022-12-01,106.21,106.51,106.16,106.47,2541277,sample-prices
HRZN,2022-12-02,105.19,105.25,105.18,105.24,3987888,sample-prices
HRZN,2022-12-05,105.78,106.04,105.66,105.88,1247439,sample-prices
HRZN,2022-12-06,103.12,103.17,102.81,103.03,1565999,sample-prices
HRZN,2022-12-07,102.97,103.47,102.45,103.08,1489253,sample-prices
HRZN,2022-12-08,103.83,104.25,103.65,103.83,249756,sample-prices
HRZN,2022-12-09,105.24,105.47,104.88,105.39,768591,sample-prices
HRZN,2022-12-12,107.98,108.1,107.55,108.05,242452,sample-prices
HRZN,2022-12-13,108.62,108.9,108.35,108.62,2017104,sample-prices
HRZN,2022-12-14,109.33,109.61,108.3,109.11,3184361,sample-prices
HRZN,2022-12-15,110.25,110.55,109.51,110.16,1138753,sample-prices
HRZN,2022-12-16,110.93,111.05,110.71,110.79,2063422,sample-prices
HRZN,2022-12-19,110.46,110.88,109.81,110.72,1948814,sample-prices
HRZN,2022-12-20,111.61,111.75,111.13,111.71,2664212,sample-prices
HRZN,2022-12-21,112.38,113.02,111.95,112.29,3805593,sample-prices
HRZN,2022-12-22,114.07,114.09,113.98,114.04,3384524,sample-prices
HRZN,2022-12-23,113.71,113.94,113.37,113.65,2521304,sample-prices
HRZN,2022-12-26,114.16,114.33,113.68,113.81,1649121,sample-prices
HRZN,2022-12-27,114.66,115.04,113.81,114.42,2575412,sample-prices
HRZN,2022-12-28,118.01,118.59,117.85,117.95,1675451,sample-prices
HRZN,2022-12-29,118.89,118.92,118.53,118.87,3711271,sample-prices
HRZN,2022-12-30,116.83,117.8,116.26,117.0,373400,sample-prices
HRZN,2023-01-02,115.22,115.23,114.56,115.14,218332,sample-prices
HRZN,2023-01-03,114.59,115.68,114.42,114.73,1140445,sample-prices
HRZN,2023-01-04,113.33,113.42,113.11,113.22,3690220,sample-prices
HRZN,2023-01-05,111.43,111.68,110.92,111.57,697485,sample-prices
HRZN,2023-01-06,114.35,115.07,114.09,114.4,1667080,sample-prices
HRZN,2023-01-09,115.08,115.35,113.91,115.01,724114,sample-prices
HRZN,2023-01-10,115.27,115.72,115.15,115.55,922067,sample-prices
HRZN,2023-01-11,114.69,115.35,114.41,114.78,3205077,sample-prices
HRZN,2023-01-12,113.66,114.25,113.21,113.71,3633998,sample-prices
HRZN,2023-01-13,111.68,112.38,111.07,111.67,1284567,sample-prices
HRZN,2023-01-16,113.89,114.28,113.58,113.9,513194,sample-prices
HRZN,2023-01-17,114.68,115.11,114.0,114.44,3716474,sample-prices
HRZN,2023-01-18,114.17,114.72,114.15,114.37,2007783,sample-prices
HRZN,2023-01-19,116.02,116.28,115.65,115.88,3893334,sample-prices
HRZN,2023-01-20,112.62,113.33,112.33,112.4,2532448,sample-prices
HRZN,2023-01-23,112.69,113.4,112.56,112.9,1348332,sample-prices
HRZN,2023-01-24,115.98,116.36,115.28,116.18,3912292,sample-prices
HRZN,2023-01-25,115.35,115.39,114.8,115.33,1589710,sample-prices
HRZN,2023-01-26,117.05,117.32,116.05,117.16,315446,sample-prices
HRZN,2023-01-27,117.09,117.52,116.77,117.23,3409189,sample-prices
HRZN,2023-01-30,116.75,117.42,116.68,116.75,1031878,sample-prices
HRZN,2023-01-31,119.86,120.1,118.94,119.55,1853082,sample-prices
HRZN,2023-02-01,119.21,119.41,118.43,119.08,1601701,sample-prices
HRZN,2023-02-02,116.53,116.66,116.24,116.48,2567568,sample-prices
HRZN,2023-02-03,116.85,116.93,116.63,116.86,2702036,sample-prices
HRZN,2023-02-06,115.73,116.89,115.48,115.96,200720,sample-prices
HRZN,2023-02-07,116.85,117.43,116.45,116.96,988873,sample-prices
HRZN,2023-02-08,118.7,119.68,118.27,118.94,725570,sample-prices
HRZN,2023-02-09,119.36,119.71,118.64,119.28,1336727,sample-prices
HRZN,2023-02-10,119.55,120.2,119.07,119.67,3892826,sample-prices
HRZN,2023-02-13,120.58,120.59,120.0,120.49,2179566,sample-prices
HRZN,2023-02-14,119.96,121.1,119.54,119.96,3505914,sample-prices
HRZN,2023-02-15,122.73,122.92,122.17,122.23,3490681,sample-prices
HRZN,2023-02-16,119.35,120.09,118.74,119.72,2749013,sample-prices
HRZN,2023-02-17,120.6,120.67,120.58,120.61,1636609,sample-prices
HRZN,2023-02-20,120.16,120.6,119.71,120.16,1476509,sample-prices
HRZN,2023-02-21,117.08,117.59,116.51,117.36,628643,sample-prices
HRZN,2023-02-22,119.27,119.69,118.75,119.35,2694975,sample-prices
HRZN,2023-02-23,119.82,120.7,119.37,120.0,460022,sample-prices
HRZN,2023-02-24,119.93,120.17,119.71,119.79,3786593,sample-prices
HRZN,2023-02-27,119.44,120.02,119.33,119.59,1812829,sample-prices
HRZN,2023-02-28,118.63,118.99,118.12,118.65,3728789,sample-prices
HRZN,2023-03-01,116.0,116.02,115.36,115.96,349634,sample-prices
HRZN,2023-03-02,117.32,117.59,117.15,117.29,3014324,sample-prices
HRZN,2023-03-03,118.53,118.68,118.08,118.59,3143010,sample-prices
HRZN,2023-03-06,118.47,118.99,117.69,118.45,1436557,sample-prices
HRZN,2023-03-07,119.66,119.7,119.46,119.64,1981339,sample-prices
HRZN,2023-03-08,119.52,119.64,118.4,119.23,2874249,sample-prices
HRZN,2023-03-09,120.36,121.17,120.32,120.37,2492649,sample-prices
HRZN,2023-03-10,119.52,119.6,119.06,119.51,3915738,sample-prices
HRZN,2023-03-13,118.81,119.24,118.46,118.97,3035873,sample-prices
HRZN,2023-03-14,122.44,123.36,121.84,122.27,2000107,sample-prices
HRZN,2023-03-15,123.68,123.77,123.36,123.61,208867,sample-prices
HRZN,2023-03-16,122.89,123.58,122.28,122.95,2875920,sample-prices
HRZN,2023-03-17,120.73,120.93,120.39,120.62,2603213,sample-prices
HRZN,2023-03-20,122.13,122.88,121.77,122.25,2831889,sample-prices
HRZN,2023-03-21,124.09,124.28,123.94,124.1,2429022,sample-prices
HRZN,2023-03-22,124.25,125.4,123.87,124.13,3852449,sample-prices
HRZN,2023-03-23,125.4,125.65,125.31,125.62,2429356,sample-prices
HRZN,2023-03-24,128.54,128.88,127.35,128.71,2402076,sample-prices
HRZN,2023-03-27,127.67,127.93,127.36,127.67,634968,sample-prices
HRZN,2023-03-28,128.38,128.92,128.05,128.65,657589,sample-prices
HRZN,2023-03-29,127.14,127.43,126.47,127.08,994737,sample-prices
HRZN,2023-03-30,129.4,129.68,129.18,129.26,3742338,sample-prices
HRZN,2023-03-31,129.22,129.48,128.88,129.07,822560,sample-prices
HRZN,2023-04-03,128.94,129.18,127.63,128.85,1345620,sample-prices
HRZN,2023-04-04,130.18,130.55,129.65,130.21,1244353,sample-prices
HRZN,2023-04-05,130.96,131.11,130.66,130.81,984448,sample-prices
HRZN,2023-04-06,128.91,129.38,128.24,129.09,3808717,sample-prices
HRZN,2023-04-07,130.87,131.4,130.73,131.25,3457417,sample-prices
HRZN,2023-04-10,132.03,132.68,131.81,132.14,328840,sample-prices
HRZN,2023-04-11,129.05,129.54,128.55,129.32,2824181,sample-prices
HRZN,2023-04-12,131.19,131.86,130.87,131.61,2973573,sample-prices
HRZN,2023-04-13,131.51,131.84,131.03,131.43,1209958,sample-prices
HRZN,2023-04-14,133.0,133.73,132.41,132.58,2774793,sample-prices
HRZN,2023-04-17,129.43,129.94,128.96,129.36,1241157,sample-prices
HRZN,2023-04-18,125.38,125.98,125.3,125.45,793944,sample-prices
HRZN,2023-04-19,123.85,124.05,123.41,124.04,755510,sample-prices
HRZN,2023-04-20,123.8,124.42,123.29,123.62,2033975,sample-prices
HRZN,2023-04-21,123.84,123.99,123.39,123.48,2707922,sample-prices
HRZN,2023-04-24,122.16,122.53,122.16,122.18,971820,sample-prices
HRZN,2023-04-25,121.8,122.13,121.32,121.58,1523329,sample-prices
HRZN,2023-04-26,121.85,122.2,121.33,122.06,3391302,sample-prices
HRZN,2023-04-27,123.76,124.17,123.63,123.66,2164849,sample-prices
HRZN,2023-04-28,123.56,123.84,123.2,123.83,1022092,sample-prices
HRZN,2023-05-01,126.12,126.43,125.3,126.15,252984,sample-prices
HRZN,2023-05-02,126.67,127.06,125.87,126.57,2453702,sample-prices
HRZN,2023-05-03,125.69,126.0,125.48,125.71,1931330,sample-prices
HRZN,2023-05-04,126.65,127.58,126.32,126.52,518832,sample-prices
HRZN,2023-05-05,127.93,128.26,127.07,127.56,842168,sample-prices
HRZN,2023-05-08,127.74,127.88,127.32,127.67,3213978,sample-prices
HRZN,2023-05-09,127.67,127.88,127.58,127.79,205377,sample-prices
HRZN,2023-05-10,128.54,128.73,127.99,128.5,2840418,sample-prices
HRZN,2023-05-11,127.3,127.96,126.84,127.7,1277729,sample-prices
HRZN,2023-05-12,126.55,127.23,125.55,126.48,1811274,sample-prices
HRZN,2023-05-15,123.39,123.51,122.74,123.33,2924319,sample-prices
HRZN,2023-05-16,122.52,123.12,121.92,122.41,2875452,sample-prices
HRZN,2023-05-17,122.23,122.39,122.08,122.11,489121,sample-prices
HRZN,2023-05-18,125.37,125.87,125.03,125.55,1285405,sample-prices
HRZN,2023-05-19,126.58,126.74,125.24,126.24,3384967,sample-prices
HRZN,2023-05-22,125.48,126.28,125.0,125.59,398607,sample-prices
HRZN,2023-05-23,128.69,128.86,128.47,128.51,2523256,sample-prices
HRZN,2023-05-24,130.99,131.61,130.42,131.38,1692428,sample-prices
HRZN,2023-05-25,132.22,132.63,131.77,132.2,2136271,sample-prices
HRZN,2023-05-26,132.42,133.35,132.35,132.54,3756689,sample-prices
HRZN,2023-05-29,131.51,131.92,131.49,131.5,3714395,sample-prices
HRZN,2023-05-30,130.34,130.88,129.09,130.24,2196217,sample-prices
HRZN,2023-05-31,127.37,127.5,126.62,127.21,1612318,sample-prices
HRZN,2023-06-01,127.96,128.57,127.08,127.59,1573645,sample-prices
HRZN,2023-06-02,128.31,129.52,128.23,128.64,2119407,sample-prices
HRZN,2023-06-05,127.57,128.13,127.02,127.93,470185,sample-prices
HRZN,2023-06-06,128.4,128.63,127.43,128.29,2208738,sample-prices
HRZN,2023-06-07,125.36,125.87,124.63,125.44,1234591,sample-prices
HRZN,2023-06-08,125.4,126.01,125.08,125.44,2424860,sample-prices
HRZN,2023-06-09,128.32,128.95,127.97,128.06,860192,sample-prices
HRZN,2023-06-12,127.58,127.7,126.52,127.1,2518139,sample-prices
HRZN,2023-06-13,127.16,127.44,126.6,127.07,2397405,sample-prices
HRZN,2023-06-14,124.36,125.27,123.97,124.15,2553782,sample-prices
HRZN,2023-06-15,124.51,125.37,123.95,124.74,1084860,sample-prices
HRZN,2023-06-16,124.63,124.95,123.42,124.28,2353533,sample-prices
HRZN,2023-06-19,121.42,122.08,120.68,121.25,1970769,sample-prices
HRZN,2023-06-20,122.09,122.48,121.97,122.03,3560077,sample-prices
HRZN,2023-06-21,122.89,123.39,122.42,122.64,3847515,sample-prices
HRZN,2023-06-22,120.65,122.15,120.64,120.71,1472976,sample-prices
HRZN,2023-06-23,118.71,119.51,118.64,118.79,2124424,sample-prices
HRZN,2023-06-26,119.7,120.14,119.44,119.54,1551692,sample-prices
HRZN,2023-06-27,121.43,121.76,121.13,121.56,3678812,sample-prices
HRZN,2023-06-28,120.31,120.44,119.95,120.12,1351447,sample-prices
HRZN,2023-06-29,122.14,123.18,121.72,122.34,1030372,sample-prices
HRZN,2023-06-30,125.97,127.01,125.96,126.09,2660322,sample-prices
HRZN,2023-07-03,124.01,125.13,123.93,124.17,2168187,sample-prices
HRZN,2023-07-04,126.26,126.66,125.34,126.19,1529579,sample-prices
HRZN,2023-07-05,126.82,126.84,126.26,126.63,2715009,sample-prices
HRZN,2023-07-06,126.11,126.31,125.83,126.09,3067326,sample-prices
HRZN,2023-07-07,127.91,128.23,126.73,127.75,1696650,sample-prices
HRZN,2023-07-10,127.88,128.6,127.31,127.79,1560468,sample-prices
HRZN,2023-07-11,128.55,129.16,128.54,128.7,1461543,sample-prices
HRZN,2023-07-12,127.67,128.33,126.76,127.5,1186610,sample-prices
HRZN,2023-07-13,128.89,129.23,128.03,128.54,1241498,sample-prices
HRZN,2023-07-14,130.18,130.27,129.65,129.92,3689662,sample-prices
HRZN,2023-07-17,127.25,128.07,126.96,127.48,2414568,sample-prices
HRZN,2023-07-18,129.87,130.1,128.75,129.5,223970,sample-prices
HRZN,2023-07-19,129.86,130.07,129.38,130.03,2610215,sample-prices
HRZN,2023-07-20,127.76,128.94,127.57,127.73,1048377,sample-prices
HRZN,2023-07-21,129.13,129.83,129.1,129.27,1043058,sample-prices
HRZN,2023-07-24,127.49,127.74,127.31,127.69,1465934,sample-prices
HRZN,2023-07-25,128.65,128.76,128.08,128.34,3858160,sample-prices
HRZN,2023-07-26,127.5,127.57,127.17,127.55,3690645,sample-prices
HRZN,2023-07-27,127.1,127.42,126.84,127.18,1015853,sample-prices
HRZN,2023-07-28,125.42,126.76,124.86,125.14,3093622,sample-prices
HRZN,2023-07-31,126.3,126.43,125.6,126.1,1255986,sample-prices
HRZN,2023-08-01,126.28,127.01,125.83,126.22,645321,sample-prices
HRZN,2023-08-02,124.61,125.04,124.01,124.79,2294416,sample-prices
HRZN,2023-08-03,125.72,125.79,124.89,125.38,1067948,sample-prices
HRZN,2023-08-04,126.38,126.76,125.99,126.02,3258793,sample-prices
HRZN,2023-08-07,125.24,126.06,125.09,125.38,275946,sample-prices
HRZN,2023-08-08,126.21,126.35,126.18,126.31,3952544,sample-prices
HRZN,2023-08-09,128.43,129.51,128.07,128.3,3058579,sample-prices
HRZN,2023-08-10,129.43,129.8,128.32,129.51,1043990,sample-prices
HRZN,2023-08-11,126.56,127.72,126.08,126.7,2719213,sample-prices
HRZN,2023-08-14,124.88,125.91,124.28,124.87,3660838,sample-prices
HRZN,2023-08-15,125.22,125.69,125.04,125.28,2500725,sample-prices
HRZN,2023-08-16,126.32,126.63,126.11,126.39,3508519,sample-prices
HRZN,2023-08-17,127.21,127.32,127.13,127.14,2945179,sample-prices
HRZN,2023-08-18,129.7,129.83,129.12,129.31,3801621,sample-prices
HRZN,2023-08-21,128.33,128.81,127.88,128.74,861120,sample-prices
HRZN,2023-08-22,125.36,126.42,125.16,125.33,2801690,sample-prices
HRZN,2023-08-23,125.18,125.63,125.13,125.23,589226,sample-prices
HRZN,2023-08-24,127.92,128.47,127.59,127.69,1902134,sample-prices
HRZN,2023-08-25,127.81,129.04,127.74,127.78,1762770,sample-prices
HRZN,2023-08-28,125.62,125.98,125.34,125.46,2167890,sample-prices
HRZN,2023-08-29,127.26,127.4,125.95,127.04,295198,sample-prices
HRZN,2023-08-30,125.69,125.92,125.5,125.91,795019,sample-prices
HRZN,2023-08-31,124.92,124.95,124.47,124.86,1449439,sample-prices
HRZN,2023-09-01,123.78,124.14,123.44,123.76,2329587,sample-prices
HRZN,2023-09-04,122.87,123.8,122.37,122.97,3246378,sample-prices
HRZN,2023-09-05,122.48,123.11,122.41,122.71,358761,sample-prices
HRZN,2023-09-06,121.07,121.73,120.72,121.13,1771060,sample-prices
HRZN,2023-09-07,120.01,120.4,119.86,119.88,2345982,sample-prices
HRZN,2023-09-08,123.28,123.96,122.75,123.26,3419601,sample-prices
HRZN,2023-09-11,122.95,123.35,122.24,123.03,329159,sample-prices
HRZN,2023-09-12,123.82,123.84,123.22,123.49,1084134,sample-prices
HRZN,2023-09-13,124.49,124.84,123.3,124.29,1725739,sample-prices
HRZN,2023-09-14,125.68,126.33,125.25,125.39,989195,sample-prices
HRZN,2023-09-15,123.41,124.53,122.85,123.06,2997279,sample-prices
HRZN,2023-09-18,124.24,124.83,123.73,124.48,2446228,sample-prices
HRZN,2023-09-19,124.09,124.13,123.33,123.88,3338445,sample-prices
HRZN,2023-09-20,123.16,124.14,122.57,123.56,3829658,sample-prices
HRZN,2023-09-21,123.86,124.3,123.35,123.78,1844614,sample-prices
HRZN,2023-09-22,126.9,127.09,126.8,126.97,1764595,sample-prices
HRZN,2023-09-25,124.46,125.71,124.01,124.6,3997991,sample-prices
HRZN,2023-09-26,126.09,126.44,125.92,126.1,2400591,sample-prices
HRZN,2023-09-27,125.41,125.68,124.44,125.31,2355684,sample-prices
HRZN,2023-09-28,123.51,123.97,123.32,123.45,305257,sample-prices
HRZN,2023-09-29,123.25,123.81,122.05,123.4,2248376,sample-prices
HRZN,2023-10-02,124.08,124.43,123.76,124.19,2185216,sample-prices
HRZN,2023-10-03,122.4,122.43,122.2,122.41,1006715,sample-prices
HRZN,2023-10-04,120.03,120.41,119.9,120.12,2845943,sample-prices
HRZN,2023-10-05,123.35,124.31,122.82,123.1,1208707,sample-prices
HRZN,2023-10-06,122.68,122.9,122.33,122.5,3827104,sample-prices
HRZN,2023-10-09,123.25,124.12,123.1,123.16,2104955,sample-prices
HRZN,2023-10-10,123.6,123.97,123.38,123.51,3710384,sample-prices
HRZN,2023-10-11,121.55,121.92,121.1,121.59,3085406,sample-prices
HRZN,2023-10-12,120.62,120.84,119.67,120.25,3232133,sample-prices
HRZN,2023-10-13,121.11,121.69,121.0,121.18,2430520,sample-prices
HRZN,2023-10-16,121.1,121.21,121.0,121.05,648180,sample-prices
HRZN,2023-10-17,116.95,117.11,116.26,116.71,1567837,sample-prices
HRZN,2023-10-18,117.65,117.94,117.65,117.72,3835002,sample-prices
HRZN,2023-10-19,119.89,119.9,119.39,119.8,3089568,sample-prices
HRZN,2023-10-20,119.67,119.95,119.43,119.64,681962,sample-prices
HRZN,2023-10-23,116.97,117.68,116.3,116.81,3598716,sample-prices
HRZN,2023-10-24,117.31,117.43,115.6,117.16,2706690,sample-prices
HRZN,2023-10-25,117.46,118.22,116.94,117.19,2294484,sample-prices
HRZN,2023-10-26,119.83,120.37,119.41,119.83,1168638,sample-prices
HRZN,2023-10-27,120.07,120.95,119.65,120.12,963243,sample-prices
HRZN,2023-10-30,119.93,120.69,119.74,119.75,442337,sample-prices
HRZN,2023-10-31,119.48,119.52,119.43,119.47,2709448,sample-prices
HRZN,2023-11-01,120.49,120.77,119.16,120.24,3209531,sample-prices
HRZN,2023-11-02,120.17,120.44,119.99,120.13,2038558,sample-prices
HRZN,2023-11-03,122.19,122.9,121.7,122.23,2857502,sample-prices
HRZN,2023-11-06,121.07,121.46,120.82,120.97,2777635,sample-prices
HRZN,2023-11-07,120.44,120.56,119.82,120.24,1714572,sample-prices
HRZN,2023-11-08,118.83,119.17,118.43,118.56,3840143,sample-prices
HRZN,2023-11-09,120.02,120.64,119.12,120.15,1075104,sample-prices
HRZN,2023-11-10,120.32,120.6,120.22,120.42,1489846,sample-prices
HRZN,2023-11-13,118.01,118.37,117.69,118.05,3730336,sample-prices
HRZN,2023-11-14,116.75,117.03,116.14,116.93,3431708,sample-prices
HRZN,2023-11-15,117.39,118.01,117.09,117.51,2887231,sample-prices
HRZN,2023-11-16,115.38,115.75,115.11,115.3,501568,sample-prices
HRZN,2023-11-17,117.59,118.12,116.9,117.55,1911295,sample-prices
HRZN,2023-11-20,115.67,115.93,115.16,115.61,3904634,sample-prices
HRZN,2023-11-21,115.72,115.99,114.85,115.6,3029188,sample-prices
HRZN,2023-11-22,114.43,114.84,113.72,114.57,2914765,sample-prices
HRZN,2023-11-23,111.83,112.25,111.02,111.34,3406250,sample-prices
HRZN,2023-11-24,108.86,109.17,108.54,109.13,259140,sample-prices
HRZN,2023-11-27,105.82,106.09,104.64,106.04,3032690,sample-prices
HRZN,2023-11-28,106.99,107.52,106.03,106.93,2008196,sample-prices
HRZN,2023-11-29,107.88,108.08,107.55,107.92,1636809,sample-prices
HRZN,2023-11-30,106.8,107.18,106.46,106.58,909910,sample-prices
HRZN,2023-12-01,106.36,106.91,106.11,106.5,3092425,sample-prices
HRZN,2023-12-04,106.57,106.98,106.0,106.31,522414,sample-prices
HRZN,2023-12-05,107.69,108.62,107.68,107.71,3376556,sample-prices
HRZN,2023-12-06,107.02,107.14,106.61,107.08,514893,sample-prices
HRZN,2023-12-07,103.87,104.32,103.48,103.79,1689852,sample-prices
HRZN,2023-12-08,104.5,104.89,104.13,104.35,3372090,sample-prices
HRZN,2023-12-11,102.67,103.34,102.05,102.5,1219490,sample-prices
HRZN,2023-12-12,103.58,103.76,103.45,103.61,2466798,sample-prices
HRZN,2023-12-13,104.11,104.5,103.85,103.99,3649432,sample-prices
HRZN,2023-12-14,101.39,101.91,101.22,101.68,1153193,sample-prices
HRZN,2023-12-15,100.69,101.15,100.03,100.75,3913728,sample-prices
HRZN,2023-12-18,98.72,98.89,98.23,98.61,2931583,sample-prices
HRZN,2023-12-19,98.84,98.88,98.81,98.86,2711863,sample-prices
HRZN,2023-12-20,97.19,97.67,96.57,97.37,1201816,sample-prices
HRZN,2023-12-21,95.38,95.7,95.31,95.49,1622829,sample-prices
HRZN,2023-12-22,95.91,96.62,95.89,96.06,1646805,sample-prices
HRZN,2023-12-25,95.42,95.8,95.13,95.44,3983914,sample-prices
HRZN,2023-12-26,95.88,96.01,95.29,95.73,2662668,sample-prices
HRZN,2023-12-27,95.76,96.53,95.63,96.0,2755380,sample-prices
HRZN,2023-12-28,97.27,97.89,96.53,97.53,3538634,sample-prices
HRZN,2023-12-29,95.53,95.55,95.27,95.45,651831,sample-prices
HRZN,2024-01-01,93.86,93.92,93.7,93.89,2787251,sample-prices
HRZN,2024-01-02,96.32,97.0,96.02,96.07,1283099,sample-prices
HRZN,2024-01-03,97.12,97.24,96.75,96.93,480074,sample-prices
HRZN,2024-01-04,95.91,95.92,95.22,95.61,1089138,sample-prices
HRZN,2024-01-05,96.4,96.66,95.84,96.55,3616798,sample-prices
HRZN,2024-01-08,95.35,95.53,94.95,95.19,3429580,sample-prices
HRZN,2024-01-09,94.39,94.72,94.0,94.28,2975156,sample-prices
HRZN,2024-01-10,94.4,94.47,93.93,94.41,1397383,sample-prices
HRZN,2024-01-11,95.77,96.53,95.5,95.86,683977,sample-prices
HRZN,2024-01-12,97.38,97.78,96.95,97.25,3919089,sample-prices
HRZN,2024-01-15,95.57,95.59,95.25,95.55,1222048,sample-prices
HRZN,2024-01-16,96.25,96.72,95.89,96.48,1389249,sample-prices
HRZN,2024-01-17,95.85,96.4,95.63,96.09,1354251,sample-prices
HRZN,2024-01-18,96.74,97.3,96.23,96.78,1956680,sample-prices
HRZN,2024-01-19,98.94,99.1,98.88,99.04,2110182,sample-prices
HRZN,2024-01-22,96.79,97.24,96.03,96.85,455721,sample-prices
HRZN,2024-01-23,94.63,95.02,94.33,94.47,3352730,sample-prices
HRZN,2024-01-24,95.63,95.67,94.95,95.55,2247302,sample-prices
HRZN,2024-01-25,94.9,95.9,94.61,94.69,1900342,sample-prices
HRZN,2024-01-26,93.89,94.18,93.81,94.05,2658662,sample-prices
HRZN,2024-01-29,95.44,95.95,94.84,95.42,536584,sample-prices
HRZN,2024-01-30,95.82,95.93,95.13,95.79,3356073,sample-prices
HRZN,2024-01-31,96.77,97.13,96.46,96.89,359119,sample-prices
HRZN,2024-02-01,96.91,97.33,96.67,96.84,1730887,sample-prices
HRZN,2024-02-02,96.43,96.68,95.84,96.47,2243437,sample-prices
HRZN,2024-02-05,97.96,97.98,96.96,97.54,804436,sample-prices
HRZN,2024-02-06,96.25,96.57,96.07,96.07,1813692,sample-prices
HRZN,2024-02-07,96.68,97.2,96.44,96.87,3413965,sample-prices
HRZN,2024-02-08,96.07,96.3,96.02,96.27,3020199,sample-prices
HRZN,2024-02-09,96.08,96.38,95.86,96.02,1308582,sample-prices
HRZN,2024-02-12,98.7,98.93,98.1,98.78,2867776,sample-prices
HRZN,2024-02-13,100.46,101.19,99.88,100.75,2106694,sample-prices
HRZN,2024-02-14,102.39,102.72,102.1,102.69,3803278,sample-prices
HRZN,2024-02-15,101.46,101.88,101.37,101.41,1353912,sample-prices
HRZN,2024-02-16,99.9,100.06,99.71,99.73,1075309,sample-prices
HRZN,2024-02-19,99.88,100.5,99.83,100.01,3896797,sample-prices
HRZN,2024-02-20,99.79,100.16,99.69,99.86,1568518,sample-prices
HRZN,2024-02-21,100.26,100.43,100.02,100.33,880134,sample-prices
HRZN,2024-02-22,100.01,100.24,98.7,99.79,1883442,sample-prices
HRZN,2024-02-23,101.69,101.86,101.61,101.63,3083472,sample-prices
HRZN,2024-02-26,102.57,103.15,102.2,102.45,856069,sample-prices
HRZN,2024-02-27,103.08,104.31,102.65,102.85,3880577,sample-prices
HRZN,2024-02-28,99.89,100.37,99.4,99.93,3257369,sample-prices
HRZN,2024-02-29,100.09,100.37,99.01,100.02,1579691,sample-prices
HRZN,2024-03-01,99.36,99.79,98.61,99.53,913264,sample-prices
HRZN,2024-03-04,98.81,98.83,98.02,98.76,3774459,sample-prices
HRZN,2024-03-05,101.87,102.63,101.15,101.97,2379182,sample-prices
HRZN,2024-03-06,103.62,103.89,103.39,103.63,1171956,sample-prices
HRZN,2024-03-07,106.49,106.73,106.03,106.42,3534936,sample-prices
HRZN,2024-03-08,106.67,107.04,106.14,106.52,1362395,sample-prices
HRZN,2024-03-11,108.1,108.54,107.71,108.07,2994309,sample-prices
HRZN,2024-03-12,106.82,107.0,106.23,106.85,1137910,sample-prices
HRZN,2024-03-13,107.45,107.75,106.94,107.17,2177069,sample-prices
HRZN,2024-03-14,105.42,106.58,105.02,105.23,3701103,sample-prices
HRZN,2024-03-15,106.93,107.44,105.99,106.98,1562181,sample-prices
HRZN,2024-03-18,108.86,109.04,108.45,108.47,1643414,sample-prices
HRZN,2024-03-19,108.55,108.57,108.15,108.36,3359691,sample-prices
HRZN,2024-03-20,108.24,108.35,107.25,108.04,1435517,sample-prices
HRZN,2024-03-21,106.88,107.38,106.39,107.01,2987149,sample-prices
HRZN,2024-03-22,110.29,110.76,109.75,110.58,3585878,sample-prices
HRZN,2024-03-25,111.32,111.59,110.95,111.48,1295205,sample-prices
HRZN,2024-03-26,111.12,111.41,110.42,111.21,3542038,sample-prices
HRZN,2024-03-27,112.13,112.84,111.64,111.91,486635,sample-prices
HRZN,2024-03-28,111.24,111.64,110.77,111.48,3588559,sample-prices
HRZN,2024-03-29,111.67,112.01,110.97,111.93,3197714,sample-prices
HRZN,2024-04-01,110.36,110.94,110.22,110.44,438723,sample-prices
HRZN,2024-04-02,110.45,110.71,109.99,110.48,1616200,sample-prices
HRZN,2024-04-03,109.45,109.85,108.92,109.25,1595057,sample-prices
HRZN,2024-04-04,108.12,108.62,107.56,107.95,921266,sample-prices
HRZN,2024-04-05,108.15,108.5,106.99,107.97,226347,sample-prices
HRZN,2024-04-08,108.21,108.88,108.11,108.19,1005852,sample-prices
HRZN,2024-04-09,104.15,104.39,103.7,104.22,614940,sample-prices
HRZN,2024-04-10,105.15,105.6,104.84,105.04,320723,sample-prices
HRZN,2024-04-11,107.55,107.82,107.47,107.68,2991752,sample-prices
HRZN,2024-04-12,108.62,109.64,108.18,108.8,3237769,sample-prices
HRZN,2024-04-15,107.96,108.28,107.52,108.1,1983052,sample-prices
HRZN,2024-04-16,107.56,107.68,107.1,107.55,1130640,sample-prices
HRZN,2024-04-17,107.07,107.37,106.76,107.28,812344,sample-prices
HRZN,2024-04-18,106.57,106.64,106.06,106.45,2378318,sample-prices
HRZN,2024-04-19,107.96,108.43,107.73,107.89,2962075,sample-prices
HRZN,2024-04-22,106.2,106.42,106.17,106.33,3217723,sample-prices
HRZN,2024-04-23,106.97,107.01,106.64,106.64,1705001,sample-prices
HRZN,2024-04-24,106.78,107.0,106.77,106.94,2154199,sample-prices
HRZN,2024-04-25,108.8,108.86,108.45,108.82,2139583,sample-prices
HRZN,2024-04-26,107.57,108.12,106.93,107.48,3933345,sample-prices
HRZN,2024-04-29,106.83,107.01,106.74,106.96,1694471,sample-prices
HRZN,2024-04-30,106.3,106.47,105.87,106.38,2189760,sample-prices
HRZN,2024-05-01,105.33,105.65,105.32,105.43,3963711,sample-prices
HRZN,2024-05-02,104.25,104.82,104.2,104.39,1319662,sample-prices
HRZN,2024-05-03,105.12,105.63,104.8,105.33,1037258,sample-prices
HRZN,2024-05-06,104.82,105.76,104.34,104.91,420998,sample-prices
HRZN,2024-05-07,103.71,103.83,103.07,103.59,3197302,sample-prices
HRZN,2024-05-08,104.64,105.97,104.4,104.75,3581750,sample-prices
HRZN,2024-05-09,104.76,105.01,104.46,104.67,1279716,sample-prices
HRZN,2024-05-10,106.19,106.55,105.16,106.06,2653139,sample-prices
HRZN,2024-05-13,107.31,107.33,107.16,107.3,3468385,sample-prices
HRZN,2024-05-14,105.7,106.7,105.2,106.05,2909453,sample-prices
HRZN,2024-05-15,106.69,106.78,106.48,106.69,611264,sample-prices
HRZN,2024-05-16,106.05,106.08,106.01,106.05,3262547,sample-prices
HRZN,2024-05-17,105.71,105.88,105.44,105.54,3775835,sample-prices
HRZN,2024-05-20,106.6,107.08,106.5,106.75,3557906,sample-prices
HRZN,2024-05-21,105.6,105.82,105.06,105.51,2947065,sample-prices
HRZN,2024-05-22,104.54,104.98,104.44,104.58,2327826,sample-prices
HRZN,2024-05-23,105.93,106.79,104.87,106.24,2237685,sample-prices
HRZN,2024-05-24,107.58,108.01,107.54,107.6,1996067,sample-prices
HRZN,2024-05-27,108.72,108.83,108.51,108.65,2471816,sample-prices
HRZN,2024-05-28,107.9,108.19,107.82,108.17,1862358,sample-prices
HRZN,2024-05-29,108.04,108.79,108.01,108.12,219743,sample-prices
HRZN,2024-05-30,112.65,112.78,112.32,112.56,2226343,sample-prices
HRZN,2024-05-31,112.97,113.98,112.8,113.17,2126955,sample-prices
HRZN,2024-06-03,113.93,114.24,113.65,113.89,3108883,sample-prices
HRZN,2024-06-04,113.76,113.84,112.95,113.54,1922176,sample-prices
HRZN,2024-06-05,112.38,113.19,111.41,112.29,577320,sample-prices
HRZN,2024-06-06,110.96,111.22,110.77,110.87,1227578,sample-prices
HRZN,2024-06-07,113.28,113.36,112.49,113.09,1513947,sample-prices
HRZN,2024-06-10,115.7,116.08,115.19,115.45,2096824,sample-prices
HRZN,2024-06-11,114.46,115.39,114.23,114.29,1022730,sample-prices
HRZN,2024-06-12,114.8,115.42,114.74,114.92,3063518,sample-prices
HRZN,2024-06-13,114.65,115.06,114.51,114.59,1708260,sample-prices
HRZN,2024-06-14,116.37,116.72,116.24,116.65,966135,sample-prices
HRZN,2024-06-17,116.56,117.15,116.42,116.85,781291,sample-prices
HRZN,2024-06-18,114.42,114.82,113.79,114.64,713473,sample-prices
HRZN,2024-06-19,115.75,116.18,115.22,115.73,514035,sample-prices
HRZN,2024-06-20,119.95,120.78,119.59,119.92,3612910,sample-prices
HRZN,2024-06-21,120.81,121.22,120.1,121.11,3930341,sample-prices
HRZN,2024-06-24,121.81,122.14,121.32,121.54,3935837,sample-prices
HRZN,2024-06-25,124.8,125.19,123.87,124.75,1134276,sample-prices
HRZN,2024-06-26,124.88,125.61,124.58,125.13,329580,sample-prices
HRZN,2024-06-27,124.44,124.6,124.21,124.24,1904419,sample-prices
HRZN,2024-06-28,125.84,126.11,125.48,125.69,284155,sample-prices
HRZN,2024-07-01,127.63,127.83,127.46,127.5,2062914,sample-prices
HRZN,2024-07-02,125.36,126.18,125.2,125.31,538998,sample-prices
HRZN,2024-07-03,125.39,125.75,125.3,125.51,309671,sample-prices
HRZN,2024-07-04,124.67,125.05,123.75,124.75,663833,sample-prices
HRZN,2024-07-05,124.92,126.06,124.46,125.02,341234,sample-prices
HRZN,2024-07-08,123.55,123.97,122.63,123.67,815549,sample-prices
HRZN,2024-07-09,128.35,129.15,127.22,128.13,2806488,sample-prices
HRZN,2024-07-10,126.49,127.59,126.01,126.66,3489079,sample-prices
HRZN,2024-07-11,123.5,123.75,122.52,123.68,1114880,sample-prices
HRZN,2024-07-12,122.62,123.36,122.61,122.84,564010,sample-prices
HRZN,2024-07-15,123.86,123.96,123.28,123.77,2725390,sample-prices
HRZN,2024-07-16,122.33,122.9,121.72,122.64,3158949,sample-prices
HRZN,2024-07-17,124.13,124.81,123.99,124.12,484160,sample-prices
HRZN,2024-07-18,123.01,123.33,122.69,122.98,786600,sample-prices
HRZN,2024-07-19,121.47,122.0,121.02,121.67,2049161,sample-prices
HRZN,2024-07-22,120.48,121.55,119.54,120.83,1750317,sample-prices
HRZN,2024-07-23,122.0,122.08,121.48,121.62,2054970,sample-prices
HRZN,2024-07-24,122.68,123.09,121.77,122.25,1777296,sample-prices
HRZN,2024-07-25,121.1,121.38,120.57,120.78,1857376,sample-prices
HRZN,2024-07-26,122.84,123.53,122.5,122.65,996349,sample-prices
HRZN,2024-07-29,122.19,122.35,120.93,122.16,878381,sample-prices
HRZN,2024-07-30,120.57,120.9,120.43,120.84,3821201,sample-prices
HRZN,2024-07-31,119.84,120.52,119.08,119.72,1887947,sample-prices
HRZN,2024-08-01,118.37,118.66,118.3,118.52,2630513,sample-prices
HRZN,2024-08-02,118.59,119.37,117.89,118.69,895089,sample-prices
HRZN,2024-08-05,117.2,117.82,117.06,117.23,3861072,sample-prices
HRZN,2024-08-06,117.51,117.67,117.21,117.39,2398868,sample-prices
HRZN,2024-08-07,116.15,116.39,115.55,116.23,3758811,sample-prices
HRZN,2024-08-08,119.27,119.5,118.7,118.89,644362,sample-prices
HRZN,2024-08-09,117.57,117.82,117.37,117.64,2592690,sample-prices
HRZN,2024-08-12,115.16,116.0,114.87,114.97,601116,sample-prices
HRZN,2024-08-13,114.63,115.59,114.43,114.69,536032,sample-prices
HRZN,2024-08-14,112.59,113.39,112.14,112.51,1089281,sample-prices
HRZN,2024-08-15,113.33,113.86,112.84,113.23,419516,sample-prices
HRZN,2024-08-16,110.97,111.18,110.08,110.75,1781958,sample-prices
HRZN,2024-08-19,110.56,111.51,110.54,110.72,1947256,sample-prices
HRZN,2024-08-20,110.75,111.26,110.26,110.62,3895361,sample-prices
HRZN,2024-08-21,110.81,111.12,110.71,110.79,1836059,sample-prices
HRZN,2024-08-22,110.47,110.7,109.99,110.24,3789962,sample-prices
HRZN,2024-08-23,112.09,112.78,111.63,112.2,643028,sample-prices
HRZN,2024-08-26,112.96,113.52,112.43,112.92,869805,sample-prices
HRZN,2024-08-27,112.27,112.56,110.98,112.0,2152750,sample-prices
HRZN,2024-08-28,110.53,111.06,109.55,110.8,1997372,sample-prices
HRZN,2024-08-29,109.26,109.93,108.9,109.24,3022216,sample-prices
HRZN,2024-08-30,109.14,110.32,109.08,109.18,263993,sample-prices
HRZN,2024-09-02,109.73,110.21,109.22,109.8,2318947,sample-prices
HRZN,2024-09-03,105.93,106.3,105.68,105.95,3346328,sample-prices
HRZN,2024-09-04,105.11,105.39,104.94,104.94,3089840,sample-prices
HRZN,2024-09-05,105.07,105.86,105.02,105.29,3387113,sample-prices
HRZN,2024-09-06,105.8,106.17,105.2,105.86,2299192,sample-prices
HRZN,2024-09-09,107.34,107.43,107.23,107.29,2780561,sample-prices
HRZN,2024-09-10,108.91,109.27,108.57,108.77,2632761,sample-prices
HRZN,2024-09-11,109.78,110.33,108.96,109.72,593496,sample-prices
HRZN,2024-09-12,112.58,112.99,111.73,112.51,3843816,sample-prices
HRZN,2024-09-13,111.14,111.67,109.73,111.01,2151369,sample-prices
HRZN,2024-09-16,111.31,111.38,111.03,111.07,2268629,sample-prices
HRZN,2024-09-17,111.1,111.42,110.51,110.93,1512025,sample-prices
HRZN,2024-09-18,110.38,110.76,110.13,110.27,1028699,sample-prices
HRZN,2024-09-19,109.09,109.48,108.67,109.4,1898915,sample-prices
HRZN,2024-09-20,110.28,110.42,109.84,110.28,815989,sample-prices
HRZN,2024-09-23,110.82,110.98,110.49,110.68,2481368,sample-prices
HRZN,2024-09-24,111.9,112.48,111.81,111.92,2051630,sample-prices
HRZN,2024-09-25,114.12,115.23,114.02,114.19,690279,sample-prices
HRZN,2024-09-26,115.9,116.14,115.73,115.88,1707495,sample-prices
HRZN,2024-09-27,114.69,115.09,114.35,115.04,1257973,sample-prices
HRZN,2024-09-30,113.77,114.73,113.63,113.72,2346194,sample-prices
HRZN,2024-10-01,111.96,112.19,111.71,111.89,833043,sample-prices
HRZN,2024-10-02,112.11,112.81,111.94,112.44,2366183,sample-prices
HRZN,2024-10-03,111.55,112.28,111.44,111.64,514876,sample-prices
HRZN,2024-10-04,111.36,112.45,110.77,111.38,3679839,sample-prices
HRZN,2024-10-07,112.3,112.99,111.92,112.21,3275404,sample-prices
HRZN,2024-10-08,113.4,113.74,112.71,113.36,3525621,sample-prices
HRZN,2024-10-09,115.34,115.71,115.13,115.41,2359177,sample-prices
HRZN,2024-10-10,114.68,115.08,114.34,114.85,508016,sample-prices
HRZN,2024-10-11,113.51,113.96,113.29,113.7,778264,sample-prices
HRZN,2024-10-14,113.39,113.59,112.99,113.32,1202275,sample-prices
HRZN,2024-10-15,110.89,111.33,110.8,111.08,2966345,sample-prices
HRZN,2024-10-16,109.18,109.38,109.1,109.26,910400,sample-prices
HRZN,2024-10-17,109.86,109.91,109.18,109.78,3876881,sample-prices
HRZN,2024-10-18,109.62,109.97,109.36,109.62,2516659,sample-prices
HRZN,2024-10-21,110.81,111.51,110.76,110.77,2747842,sample-prices
HRZN,2024-10-22,111.56,111.82,111.42,111.75,1115062,sample-prices
HRZN,2024-10-23,112.37,112.57,111.84,112.48,3580003,sample-prices
HRZN,2024-10-24,111.33,111.88,111.29,111.42,3196752,sample-prices
HRZN,2024-10-25,110.46,110.56,109.84,110.45,3325821,sample-prices
HRZN,2024-10-28,109.83,110.61,109.22,109.74,3535623,sample-prices
HRZN,2024-10-29,109.26,109.32,109.25,109.31,517448,sample-prices
HRZN,2024-10-30,109.0,109.57,108.51,109.15,2249408,sample-prices
HRZN,2024-10-31,108.91,109.36,108.86,109.09,2634744,sample-prices
HRZN,2024-11-01,108.47,108.87,108.39,108.68,2838943,sample-prices
HRZN,2024-11-04,109.85,110.34,109.46,110.13,3058981,sample-prices
HRZN,2024-11-05,111.52,112.03,111.38,111.89,3948908,sample-prices
HRZN,2024-11-06,110.51,111.13,109.65,110.59,2918549,sample-prices
HRZN,2024-11-07,113.15,113.98,113.12,113.27,1454713,sample-prices
HRZN,2024-11-08,111.09,111.82,110.73,111.4,1235092,sample-prices
HRZN,2024-11-11,111.99,112.2,111.47,112.12,317518,sample-prices
HRZN,2024-11-12,107.84,108.11,107.5,108.05,743716,sample-prices
HRZN,2024-11-13,106.4,107.18,106.23,106.43,2950517,sample-prices
HRZN,2024-11-14,106.38,106.98,106.36,106.48,311164,sample-prices
HRZN,2024-11-15,104.52,104.95,104.06,104.74,2251878,sample-prices
HRZN,2024-11-18,103.8,103.85,103.54,103.77,755052,sample-prices
HRZN,2024-11-19,102.96,103.24,102.93,103.12,1313177,sample-prices
HRZN,2024-11-20,103.03,103.07,102.92,103.06,2536143,sample-prices
HRZN,2024-11-21,101.97,102.18,101.56,101.85,3157336,sample-prices
HRZN,2024-11-22,102.53,103.24,102.45,102.63,1066478,sample-prices
HRZN,2024-11-25,104.12,104.62,104.08,104.29,609061,sample-prices
HRZN,2024-11-26,101.92,102.15,101.42,101.97,3636928,sample-prices
HRZN,2024-11-27,104.08,104.7,103.85,104.1,1438392,sample-prices
HRZN,2024-11-28,106.0,106.41,105.64,106.03,1677129,sample-prices
HRZN,2024-11-29,103.47,104.25,103.41,103.65,1835547,sample-prices
HRZN,2024-12-02,101.75,102.48,101.29,101.63,2984572,sample-prices
HRZN,2024-12-03,104.59,104.79,104.45,104.46,3102367,sample-prices
HRZN,2024-12-04,104.54,104.64,104.23,104.32,1945292,sample-prices
HRZN,2024-12-05,105.06,105.88,104.73,104.9,1377667,sample-prices
HRZN,2024-12-06,102.89,103.4,102.32,102.87,1376794,sample-prices
HRZN,2024-12-09,103.56,103.75,103.16,103.57,2458623,sample-prices
HRZN,2024-12-10,103.11,103.34,102.67,103.18,1513320,sample-prices
HRZN,2024-12-11,102.7,103.45,102.61,102.64,1187888,sample-prices
HRZN,2024-12-12,102.59,103.14,101.81,102.29,401399,sample-prices
HRZN,2024-12-13,101.59,102.26,101.56,101.87,3631963,sample-prices
HRZN,2024-12-16,100.64,100.77,100.37,100.46,3364290,sample-prices
HRZN,2024-12-17,100.24,100.26,100.0,100.17,3388348,sample-prices
HRZN,2024-12-18,102.01,102.49,101.72,102.2,1672469,sample-prices
HRZN,2024-12-19,102.19,102.44,101.82,102.02,3389064,sample-prices
HRZN,2024-12-20,101.8,102.01,101.77,101.9,2121381,sample-prices
HRZN,2024-12-23,101.02,101.48,100.34,101.16,3234574,sample-prices
HRZN,2024-12-24,101.08,101.6,100.3,101.25,975316,sample-prices
HRZN,2024-12-25,100.88,101.07,100.74,100.8,487871,sample-prices
HRZN,2024-12-26,101.18,101.37,101.03,101.08,3026448,sample-prices
HRZN,2024-12-27,102.05,102.19,101.9,102.04,531422,sample-prices
HRZN,2024-12-30,102.56,102.96,102.44,102.65,663931,sample-prices
HRZN,2024-12-31,102.04,102.19,101.54,102.11,2042737,sample-prices
INDEX,2022-06-01,118.69,119.28,118.66,119.13,637848,sample-prices
INDEX,2022-06-02,120.33,120.5,120.29,120.3,3573465,sample-prices
INDEX,2022-06-03,122.84,122.94,122.47,122.76,2524625,sample-prices
INDEX,2022-06-06,123.86,124.11,123.63,123.72,2542260,sample-prices
INDEX,2022-06-07,124.47,125.19,124.11,124.83,1425214,sample-prices
INDEX,2022-06-08,123.12,123.81,123.05,123.11,1780165,sample-prices
INDEX,2022-06-09,121.43,121.8,120.74,121.62,313724,sample-prices
INDEX,2022-06-10,122.69,122.83,122.48,122.79,3910520,sample-prices
INDEX,2022-06-13,122.99,123.32,122.56,122.96,325623,sample-prices
INDEX,2022-06-14,122.13,122.47,121.2,121.93,1529699,sample-prices
INDEX,2022-06-15,121.99,122.53,121.49,121.83,3966528,sample-prices
INDEX,2022-06-16,122.66,122.96,122.29,122.36,3883626,sample-prices
INDEX,2022-06-17,122.32,122.45,122.3,122.32,3821662,sample-prices
INDEX,2022-06-20,122.5,122.58,121.87,122.43,318358,sample-prices
INDEX,2022-06-21,121.6,122.38,121.19,121.71,226576,sample-prices
INDEX,2022-06-22,122.14,123.34,121.53,122.26,2302048,sample-prices
INDEX,2022-06-23,122.37,122.72,122.08,122.4,1559129,sample-prices
INDEX,2022-06-24,121.61,122.68,121.17,121.29,1233734,sample-prices
INDEX,2022-06-27,120.7,120.89,119.17,120.45,964755,sample-prices
INDEX,2022-06-28,116.6,116.96,116.07,116.85,3250402,sample-prices
INDEX,2022-06-29,118.93,119.58,118.47,119.01,803796,sample-prices
INDEX,2022-06-30,117.2,117.7,116.86,117.01,3243304,sample-prices
INDEX,2022-07-01,114.69,114.91,113.9,114.59,2570871,sample-prices
INDEX,2022-07-04,112.34,112.72,112.31,112.59,3001945,sample-prices
INDEX,2022-07-05,114.43,114.67,114.28,114.5,893228,sample-prices
INDEX,2022-07-06,113.76,113.84,113.53,113.72,2210948,sample-prices
INDEX,2022-07-07,114.13,114.55,113.49,114.19,3764970,sample-prices
INDEX,2022-07-08,117.41,117.86,117.15,117.53,1796353,sample-prices
INDEX,2022-07-11,119.24,119.63,119.11,119.23,2028982,sample-prices
INDEX,2022-07-12,119.63,120.05,119.41,119.78,590686,sample-prices
INDEX,2022-07-13,118.31,118.71,117.75,118.27,1206198,sample-prices
INDEX,2022-07-14,118.96,119.37,117.59,118.64,1526657,sample-prices
INDEX,2022-07-15,119.39,119.79,119.16,119.37,650808,sample-prices
INDEX,2022-07-18,121.7,121.72,121.45,121.55,811073,sample-prices
INDEX,2022-07-19,124.32,124.69,124.01,124.18,2453588,sample-prices
INDEX,2022-07-20,121.35,121.75,120.93,121.27,2805029,sample-prices
INDEX,2022-07-21,119.81,120.4,119.14,119.83,847097,sample-prices
INDEX,2022-07-22,122.25,123.19,122.15,122.23,3539823,sample-prices
INDEX,2022-07-25,120.59,120.94,120.02,120.77,1524459,sample-prices
INDEX,2022-07-26,120.7,121.05,120.44,120.68,2368613,sample-prices
INDEX,2022-07-27,121.34,121.67,120.93,121.63,2464301,sample-prices
INDEX,2022-07-28,123.17,123.49,123.13,123.18,987364,sample-prices
INDEX,2022-07-29,124.96,125.01,124.62,124.91,1319666,sample-prices
INDEX,2022-08-01,126.03,126.28,125.52,126.07,3538638,sample-prices
INDEX,2022-08-02,124.58,124.82,123.54,124.49,3680009,sample-prices
INDEX,2022-08-03,124.74,125.11,124.31,124.72,631221,sample-prices
INDEX,2022-08-04,122.94,123.3,122.77,122.87,2837570,sample-prices
INDEX,2022-08-05,120.39,121.23,120.26,120.57,1414890,sample-prices
INDEX,2022-08-08,122.49,123.5,122.2,122.73,3297728,sample-prices
INDEX,2022-08-09,122.25,122.54,121.93,122.23,2819725,sample-prices
INDEX,2022-08-10,123.15,123.29,121.85,123.2,1601190,sample-prices
INDEX,2022-08-11,125.47,125.91,125.31,125.34,292918,sample-prices
INDEX,2022-08-12,128.75,129.09,128.25,128.69,2906468,sample-prices
INDEX,2022-08-15,128.46,128.69,127.75,128.54,1464279,sample-prices
INDEX,2022-08-16,128.85,129.46,128.5,129.13,3341896,sample-prices
INDEX,2022-08-17,128.07,128.52,127.3,127.71,3270546,sample-prices
INDEX,2022-08-18,124.43,124.47,124.09,124.27,2007742,sample-prices
INDEX,2022-08-19,124.21,125.29,123.57,124.3,3134561,sample-prices
INDEX,2022-08-22,122.76,123.21,121.99,122.71,1083374,sample-prices
INDEX,2022-08-23,124.3,125.87,123.61,124.42,943328,sample-prices
INDEX,2022-08-24,126.95,127.15,126.6,126.8,856857,sample-prices
INDEX,2022-08-25,127.2,127.99,126.9,127.08,3365965,sample-prices
INDEX,2022-08-26,126.7,127.11,126.08,126.98,3963803,sample-prices
INDEX,2022-08-29,129.89,129.94,129.14,129.81,1139897,sample-prices
INDEX,2022-08-30,128.76,129.73,128.21,128.85,2282951,sample-prices
INDEX,2022-08-31,132.2,132.81,131.38,132.19,3534411,sample-prices
INDEX,2022-09-01,132.99,133.48,132.63,132.71,3965755,sample-prices
INDEX,2022-09-02,131.71,132.39,131.32,131.33,3523851,sample-prices
INDEX,2022-09-05,133.34,134.02,132.28,133.26,3305253,sample-prices
INDEX,2022-09-06,134.59,134.61,133.55,134.46,1190621,sample-prices
INDEX,2022-09-07,136.26,136.47,135.6,136.13,896404,sample-prices
INDEX,2022-09-08,137.6,138.56,137.23,137.84,1992811,sample-prices
INDEX,2022-09-09,137.1,137.45,136.73,137.19,2789168,sample-prices
INDEX,2022-09-12,135.0,135.45,134.5,134.81,248360,sample-prices
INDEX,2022-09-13,131.63,131.93,131.14,131.89,2958217,sample-prices
INDEX,2022-09-14,131.86,132.37,131.85,131.95,976583,sample-prices
INDEX,2022-09-15,132.67,132.92,132.24,132.45,961285,sample-prices
INDEX,2022-09-16,135.13,136.11,134.53,135.31,622400,sample-prices
INDEX,2022-09-19,134.95,135.06,134.61,135.01,455789,sample-prices
INDEX,2022-09-20,134.37,134.65,134.32,134.45,2276727,sample-prices
INDEX,2022-09-21,130.05,130.1,129.59,129.96,3697255,sample-prices
INDEX,2022-09-22,129.44,130.4,128.36,129.49,3742524,sample-prices
INDEX,2022-09-23,125.25,125.73,125.05,125.16,350915,sample-prices
INDEX,2022-09-26,127.68,128.01,126.68,127.94,2895766,sample-prices
INDEX,2022-09-27,126.94,127.19,126.41,126.97,3526906,sample-prices
INDEX,2022-09-28,127.38,128.26,126.65,127.38,1139520,sample-prices
INDEX,2022-09-29,127.68,128.2,127.58,127.7,3005156,sample-prices
INDEX,2022-09-30,128.87,129.03,128.25,128.83,2072324,sample-prices
INDEX,2022-10-03,129.42,129.89,128.84,129.21,1760601,sample-prices
INDEX,2022-10-04,129.02,129.3,127.63,128.75,895537,sample-prices
INDEX,2022-10-05,129.44,129.79,129.36,129.53,3668880,sample-prices
INDEX,2022-10-06,129.59,129.83,129.13,129.67,2815047,sample-prices
INDEX,2022-10-07,129.11,129.68,128.67,128.97,205188,sample-prices
INDEX,2022-10-10,127.43,128.01,127.01,127.56,3767044,sample-prices
INDEX,2022-10-11,129.5,130.14,128.82,129.37,1823345,sample-prices
INDEX,2022-10-12,127.17,127.23,126.87,127.06,400312,sample-prices
INDEX,2022-10-13,128.86,129.16,128.28,128.88,2701794,sample-prices
INDEX,2022-10-14,128.75,129.39,128.37,128.96,2320342,sample-prices
INDEX,2022-10-17,127.64,128.78,127.48,127.83,2667695,sample-prices
INDEX,2022-10-18,126.77,126.81,125.77,126.53,1393060,sample-prices
INDEX,2022-10-19,125.17,125.44,124.93,124.98,1285165,sample-prices
INDEX,2022-10-20,121.53,122.22,121.45,121.57,1054132,sample-prices
INDEX,2022-10-21,120.59,121.23,120.21,120.55,668184,sample-prices
INDEX,2022-10-24,123.64,123.66,123.11,123.29,1609736,sample-prices
INDEX,2022-10-25,123.67,124.57,123.26,123.71,1955456,sample-prices
INDEX,2022-10-26,121.86,122.06,121.86,121.96,3690071,sample-prices
INDEX,2022-10-27,123.35,123.98,123.02,123.09,676916,sample-prices
INDEX,2022-10-28,126.04,126.32,125.51,126.15,3309207,sample-prices
INDEX,2022-10-31,128.24,129.08,127.71,127.96,377197,sample-prices
INDEX,2022-11-01,129.33,130.0,128.78,129.32,1189789,sample-prices
INDEX,2022-11-02,130.78,131.96,130.52,130.73,1561200,sample-prices
INDEX,2022-11-03,129.53,130.21,129.26,129.52,2081600,sample-prices
INDEX,2022-11-04,129.37,130.21,129.33,129.65,622952,sample-prices
INDEX,2022-11-07,131.41,131.96,131.15,131.2,2879590,sample-prices
INDEX,2022-11-08,134.67,135.16,133.28,134.27,2250318,sample-prices
INDEX,2022-11-09,133.26,133.64,132.73,132.99,601443,sample-prices
INDEX,2022-11-10,132.89,133.29,132.18,132.96,3717050,sample-prices
INDEX,2022-11-11,133.12,133.67,132.43,133.33,1997179,sample-prices
INDEX,2022-11-14,131.22,131.92,130.68,131.43,1817789,sample-prices
INDEX,2022-11-15,131.87,132.07,131.36,131.79,3131357,sample-prices
INDEX,2022-11-16,130.0,130.23,129.97,130.15,1959963,sample-prices
INDEX,2022-11-17,129.79,130.4,129.44,129.67,3572489,sample-prices
INDEX,2022-11-18,130.96,131.74,130.23,131.19,3275043,sample-prices
INDEX,2022-11-21,127.18,127.55,126.5,127.16,1575670,sample-prices
INDEX,2022-11-22,130.01,130.44,129.41,129.84,1452409,sample-prices
INDEX,2022-11-23,131.09,131.97,130.08,131.29,1808024,sample-prices
INDEX,2022-11-24,131.32,131.45,131.3,131.34,2369795,sample-prices
INDEX,2022-11-25,130.92,131.41,130.07,130.91,2875935,sample-prices
INDEX,2022-11-28,130.29,131.04,129.41,130.45,2237866,sample-prices
INDEX,2022-11-29,132.28,132.31,131.67,132.1,1148232,sample-prices
INDEX,2022-11-30,133.72,133.86,133.13,133.85,3027307,sample-prices
INDEX,2022-12-01,136.74,136.81,135.05,136.52,3566382,sample-prices
INDEX,2022-12-02,136.0,136.12,135.96,135.98,3525795,sample-prices
INDEX,2022-12-05,136.66,136.75,136.28,136.66,1828106,sample-prices
INDEX,2022-12-06,139.01,140.37,138.02,139.11,2818777,sample-prices
INDEX,2022-12-07,138.76,139.21,138.73,138.9,2806135,sample-prices
INDEX,2022-12-08,141.62,142.03,141.47,141.66,1023352,sample-prices
INDEX,2022-12-09,138.2,139.92,137.2,138.33,835369,sample-prices
INDEX,2022-12-12,139.93,141.01,139.31,139.98,1882024,sample-prices
INDEX,2022-12-13,141.48,141.95,141.46,141.51,2627878,sample-prices
INDEX,2022-12-14,140.87,141.46,140.64,140.93,2318100,sample-prices
INDEX,2022-12-15,142.09,142.83,141.73,141.89,2496610,sample-prices
INDEX,2022-12-16,145.15,146.74,144.09,145.43,1088701,sample-prices
INDEX,2022-12-19,148.03,149.06,147.61,148.31,3866530,sample-prices
INDEX,2022-12-20,149.37,149.69,148.93,149.49,320499,sample-prices
INDEX,2022-12-21,151.05,151.58,150.9,151.16,976253,sample-prices
INDEX,2022-12-22,151.94,152.35,151.4,151.96,3315459,sample-prices
INDEX,2022-12-23,155.2,155.22,155.1,155.16,2704268,sample-prices
INDEX,2022-12-26,156.06,157.51,155.45,156.44,285888,sample-prices
INDEX,2022-12-27,156.39,156.71,156.35,156.52,2295925,sample-prices
INDEX,2022-12-28,157.12,157.66,156.4,157.36,2504614,sample-prices
INDEX,2022-12-29,151.76,153.26,151.24,151.79,1272858,sample-prices
INDEX,2022-12-30,148.93,149.35,147.88,148.94,2393099,sample-prices
INDEX,2023-01-02,147.53,147.79,146.25,147.18,935232,sample-prices
INDEX,2023-01-03,143.96,145.12,143.65,144.69,1630109,sample-prices
INDEX,2023-01-04,145.36,145.51,145.19,145.32,2342636,sample-prices
INDEX,2023-01-05,144.21,145.34,143.51,144.3,3189271,sample-prices
INDEX,2023-01-06,142.6,143.22,142.52,143.03,3104112,sample-prices
INDEX,2023-01-09,143.34,144.74,142.51,143.85,2164875,sample-prices
INDEX,2023-01-10,141.07,141.31,140.53,140.8,1903703,sample-prices
INDEX,2023-01-11,140.43,141.14,140.18,140.4,671016,sample-prices
INDEX,2023-01-12,140.89,141.23,139.64,140.79,2796606,sample-prices
INDEX,2023-01-13,139.83,140.18,139.69,140.14,3845699,sample-prices
INDEX,2023-01-16,138.65,138.9,137.1,138.4,2829808,sample-prices
INDEX,2023-01-17,139.26,139.28,139.0,139.19,1583805,sample-prices
INDEX,2023-01-18,140.18,141.03,139.9,140.55,1362478,sample-prices
INDEX,2023-01-19,142.22,143.21,141.34,141.85,1327312,sample-prices
INDEX,2023-01-20,138.9,139.66,137.62,138.75,2289704,sample-prices
INDEX,2023-01-23,140.41,141.48,140.14,140.46,1281033,sample-prices
INDEX,2023-01-24,142.66,143.86,142.28,142.89,2749447,sample-prices
INDEX,2023-01-25,144.68,145.25,144.46,145.01,2002298,sample-prices
INDEX,2023-01-26,148.93,149.42,148.11,149.11,1360457,sample-prices
INDEX,2023-01-27,146.88,147.25,145.9,147.01,3247794,sample-prices
INDEX,2023-01-30,147.24,147.8,146.72,147.17,595022,sample-prices
INDEX,2023-01-31,146.9,146.97,146.76,146.88,701775,sample-prices
INDEX,2023-02-01,146.45,147.21,145.95,146.54,853211,sample-prices
INDEX,2023-02-02,146.93,147.14,146.27,146.51,959334,sample-prices
INDEX,2023-02-03,147.27,147.41,146.28,147.15,3985118,sample-prices
INDEX,2023-02-06,145.0,145.43,144.14,145.0,3382651,sample-prices
INDEX,2023-02-07,146.08,146.52,145.65,146.18,3151634,sample-prices
INDEX,2023-02-08,147.97,148.68,147.06,147.72,2911704,sample-prices
INDEX,2023-02-09,144.67,145.01,143.74,144.64,1699626,sample-prices
INDEX,2023-02-10,141.29,141.6,140.38,141.52,3286330,sample-prices
INDEX,2023-02-13,142.78,143.13,142.09,143.06,3576004,sample-prices
INDEX,2023-02-14,144.96,145.33,144.2,144.92,3396739,sample-prices
INDEX,2023-02-15,148.05,148.48,147.6,148.22,2668769,sample-prices
INDEX,2023-02-16,148.21,149.4,147.99,148.64,1128294,sample-prices
INDEX,2023-02-17,147.79,148.22,147.11,147.73,3069810,sample-prices
INDEX,2023-02-20,147.0,147.61,146.79,147.22,2742280,sample-prices
INDEX,2023-02-21,147.83,148.53,147.56,147.98,3545982,sample-prices
INDEX,2023-02-22,149.41,149.56,148.64,149.33,3192499,sample-prices
INDEX,2023-02-23,148.67,149.54,148.33,148.74,1852576,sample-prices
INDEX,2023-02-24,145.53,145.72,145.1,145.59,459109,sample-prices
INDEX,2023-02-27,141.9,142.23,141.76,141.91,3198370,sample-prices
INDEX,2023-02-28,137.57,137.63,137.11,137.21,1822630,sample-prices
INDEX,2023-03-01,138.45,138.63,137.7,138.33,1861885,sample-prices
INDEX,2023-03-02,142.89,143.47,142.71,142.73,499648,sample-prices
INDEX,2023-03-03,143.48,143.79,142.31,142.99,2601000,sample-prices
INDEX,2023-03-06,141.7,142.53,140.93,141.81,2866986,sample-prices
INDEX,2023-03-07,142.96,143.37,141.76,142.69,868053,sample-prices
INDEX,2023-03-08,141.46,141.98,140.68,141.5,1757979,sample-prices
INDEX,2023-03-09,142.78,143.33,142.25,142.73,947676,sample-prices
INDEX,2023-03-10,145.06,145.08,144.79,144.91,2867849,sample-prices
INDEX,2023-03-13,143.42,143.69,143.17,143.5,3310715,sample-prices
INDEX,2023-03-14,142.2,142.68,141.53,142.14,2174726,sample-prices
INDEX,2023-03-15,144.07,144.12,142.64,143.86,1255540,sample-prices
INDEX,2023-03-16,146.32,147.18,145.67,146.52,2359166,sample-prices
INDEX,2023-03-17,146.24,146.87,146.24,146.47,3980740,sample-prices
INDEX,2023-03-20,148.51,149.06,148.26,148.45,612859,sample-prices
INDEX,2023-03-21,152.16,152.62,151.73,152.15,3199914,sample-prices
INDEX,2023-03-22,151.55,152.1,151.17,151.66,418606,sample-prices
INDEX,2023-03-23,151.77,152.85,151.66,151.82,1118632,sample-prices
INDEX,2023-03-24,154.08,155.94,153.65,154.07,2247476,sample-prices
INDEX,2023-03-27,155.45,155.6,154.78,155.05,2784918,sample-prices
INDEX,2023-03-28,157.03,157.09,156.58,156.9,400000,sample-prices
INDEX,2023-03-29,159.25,159.78,158.89,159.15,1952157,sample-prices
INDEX,2023-03-30,162.55,162.82,162.22,162.77,3603411,sample-prices
INDEX,2023-03-31,167.88,168.33,166.98,167.78,2954572,sample-prices
INDEX,2023-04-03,166.32,168.45,165.87,166.52,1344499,sample-prices
INDEX,2023-04-04,168.73,169.89,168.02,168.8,2290832,sample-prices
INDEX,2023-04-05,169.32,170.81,168.98,169.32,2270913,sample-prices
INDEX,2023-04-06,168.1,168.56,167.95,168.05,1416979,sample-prices
INDEX,2023-04-07,168.5,169.53,168.17,168.71,3760645,sample-prices
INDEX,2023-04-10,170.38,170.6,170.2,170.34,2958854,sample-prices
INDEX,2023-04-11,169.09,170.85,168.36,168.98,1377826,sample-prices
INDEX,2023-04-12,167.66,168.46,167.36,167.57,2044343,sample-prices
INDEX,2023-04-13,168.72,169.38,168.43,168.71,1512452,sample-prices
INDEX,2023-04-14,171.49,171.82,171.2,171.49,656168,sample-prices
INDEX,2023-04-17,168.82,169.28,168.02,169.03,1776115,sample-prices
INDEX,2023-04-18,170.68,170.85,170.36,170.64,3515198,sample-prices
INDEX,2023-04-19,167.74,167.95,167.28,167.52,3447199,sample-prices
INDEX,2023-04-20,168.92,169.73,168.44,169.0,941248,sample-prices
INDEX,2023-04-21,168.32,168.74,166.93,167.99,1941895,sample-prices
INDEX,2023-04-24,169.58,170.1,168.96,169.39,1113843,sample-prices
INDEX,2023-04-25,170.7,170.74,169.98,170.36,3466627,sample-prices
INDEX,2023-04-26,173.94,174.7,173.58,174.24,2866934,sample-prices
INDEX,2023-04-27,176.1,176.39,176.02,176.17,226601,sample-prices
INDEX,2023-04-28,175.29,175.97,174.91,175.02,3051000,sample-prices
INDEX,2023-05-01,173.79,173.92,172.99,173.73,3300281,sample-prices
INDEX,2023-05-02,173.74,174.05,173.57,173.74,1142457,sample-prices
INDEX,2023-05-03,177.21,178.08,177.19,177.63,2065149,sample-prices
INDEX,2023-05-04,179.43,179.63,179.35,179.45,2848938,sample-prices
INDEX,2023-05-05,179.38,179.86,178.12,179.73,3979047,sample-prices
INDEX,2023-05-08,184.02,185.75,183.37,183.69,399017,sample-prices
INDEX,2023-05-09,182.02,183.38,180.76,181.88,2007581,sample-prices
INDEX,2023-05-10,181.45,182.11,180.79,181.21,3917494,sample-prices
INDEX,2023-05-11,179.45,180.12,178.62,179.29,1695825,sample-prices
INDEX,2023-05-12,179.63,180.5,179.05,179.83,1892032,sample-prices
INDEX,2023-05-15,180.21,180.22,179.55,179.79,1342971,sample-prices
INDEX,2023-05-16,181.06,182.04,180.1,180.78,3902501,sample-prices
INDEX,2023-05-17,182.93,183.41,181.88,182.66,546549,sample-prices
INDEX,2023-05-18,179.96,180.51,178.59,179.8,2373586,sample-prices
INDEX,2023-05-19,180.64,181.67,180.51,180.66,1496391,sample-prices
INDEX,2023-05-22,180.91,181.55,180.49,180.63,2487789,sample-prices
INDEX,2023-05-23,181.89,182.08,181.27,181.71,3183763,sample-prices
INDEX,2023-05-24,185.68,186.68,184.75,186.15,3148803,sample-prices
INDEX,2023-05-25,187.72,188.42,186.87,187.16,394345,sample-prices
INDEX,2023-05-26,187.27,187.27,186.52,187.08,1699429,sample-prices
INDEX,2023-05-29,185.54,186.64,185.14,185.49,756977,sample-prices
INDEX,2023-05-30,187.86,187.92,186.16,187.53,1088869,sample-prices
INDEX,2023-05-31,188.34,188.43,187.94,188.21,3966746,sample-prices
INDEX,2023-06-01,188.03,188.5,187.71,187.88,1770978,sample-prices
INDEX,2023-06-02,190.54,190.62,189.79,190.6,3688586,sample-prices
INDEX,2023-06-05,193.56,194.16,193.21,193.82,2704168,sample-prices
INDEX,2023-06-06,189.63,190.05,189.23,189.47,1731146,sample-prices
INDEX,2023-06-07,187.91,188.56,187.29,187.82,1576007,sample-prices
INDEX,2023-06-08,188.93,190.13,188.08,189.5,3870357,sample-prices
INDEX,2023-06-09,196.21,196.62,195.13,195.99,2463295,sample-prices
INDEX,2023-06-12,193.26,194.12,192.27,193.75,1676724,sample-prices
INDEX,2023-06-13,195.54,195.73,194.37,195.37,2732870,sample-prices
INDEX,2023-06-14,192.29,193.72,191.41,192.41,1147537,sample-prices
INDEX,2023-06-15,194.54,195.84,194.38,194.44,2246479,sample-prices
INDEX,2023-06-16,197.3,197.6,196.23,197.55,1342356,sample-prices
INDEX,2023-06-19,193.75,194.59,192.4,194.11,1577658,sample-prices
INDEX,2023-06-20,195.44,196.29,194.34,195.21,510576,sample-prices
INDEX,2023-06-21,199.85,200.6,198.51,200.04,2424244,sample-prices
INDEX,2023-06-22,194.92,195.18,194.51,195.03,1977953,sample-prices
INDEX,2023-06-23,192.73,192.86,192.0,192.74,2764766,sample-prices
INDEX,2023-06-26,193.44,193.9,192.19,193.11,1306458,sample-prices
INDEX,2023-06-27,198.95,199.64,197.65,198.81,2056164,sample-prices
INDEX,2023-06-28,197.8,198.88,196.96,197.57,221692,sample-prices
INDEX,2023-06-29,204.32,204.74,203.33,204.06,2168939,sample-prices
INDEX,2023-06-30,203.91,204.93,203.57,204.11,2963123,sample-prices
INDEX,2023-07-03,201.6,203.01,200.89,201.7,3627497,sample-prices
INDEX,2023-07-04,195.58,196.82,194.89,195.79,290309,sample-prices
INDEX,2023-07-05,197.39,198.3,196.01,197.86,3680427,sample-prices
INDEX,2023-07-06,195.81,196.41,194.13,195.79,2622464,sample-prices
INDEX,2023-07-07,194.68,195.09,194.19,195.03,1088737,sample-prices
INDEX,2023-07-10,194.94,195.34,194.38,195.26,1285297,sample-prices
INDEX,2023-07-11,195.17,195.18,194.0,194.87,2922982,sample-prices
INDEX,2023-07-12,194.07,194.87,191.98,193.56,3522447,sample-prices
INDEX,2023-07-13,191.25,192.04,189.41,191.22,2914364,sample-prices
INDEX,2023-07-14,197.52,197.59,196.29,197.07,2406385,sample-prices
INDEX,2023-07-17,190.22,190.53,188.7,189.9,792076,sample-prices
INDEX,2023-07-18,187.94,188.39,187.8,188.04,3618580,sample-prices
INDEX,2023-07-19,189.79,190.53,188.64,189.93,3250667,sample-prices
INDEX,2023-07-20,191.95,192.82,189.68,191.32,3818883,sample-prices
INDEX,2023-07-21,188.37,189.03,187.65,188.57,2601166,sample-prices
INDEX,2023-07-24,181.82,183.17,180.87,181.54,902592,sample-prices
INDEX,2023-07-25,180.94,181.23,180.23,180.83,3386671,sample-prices
INDEX,2023-07-26,176.99,177.82,176.96,177.03,1240093,sample-prices
INDEX,2023-07-27,179.49,179.9,179.07,179.84,2047664,sample-prices
INDEX,2023-07-28,178.77,179.29,177.95,178.09,3002264,sample-prices
INDEX,2023-07-31,179.21,179.39,178.89,179.2,3008194,sample-prices
INDEX,2023-08-01,178.39,179.88,177.58,178.53,3895727,sample-prices
INDEX,2023-08-02,176.84,177.56,176.1,177.04,2341766,sample-prices
INDEX,2023-08-03,180.28,180.3,179.57,179.96,3045943,sample-prices
INDEX,2023-08-04,181.76,182.76,181.74,181.94,1992402,sample-prices
INDEX,2023-08-07,180.04,181.44,179.79,180.45,2085156,sample-prices
INDEX,2023-08-08,183.66,184.43,183.01,183.62,577742,sample-prices
INDEX,2023-08-09,183.68,184.14,182.68,183.51,2129220,sample-prices
INDEX,2023-08-10,181.47,182.47,181.36,181.94,3501250,sample-prices
INDEX,2023-08-11,184.01,184.5,182.87,184.06,1439978,sample-prices
INDEX,2023-08-14,184.08,184.39,182.95,183.84,2523773,sample-prices
INDEX,2023-08-15,182.57,182.9,181.45,182.68,2043581,sample-prices
INDEX,2023-08-16,178.6,179.92,178.17,178.35,2143248,sample-prices
INDEX,2023-08-17,176.29,177.68,175.47,176.06,658070,sample-prices
INDEX,2023-08-18,179.62,180.3,178.58,179.51,2033689,sample-prices
INDEX,2023-08-21,179.29,180.06,178.66,178.94,2578265,sample-prices
INDEX,2023-08-22,176.43,177.44,175.07,176.04,3292403,sample-prices
INDEX,2023-08-23,180.22,181.06,179.63,180.22,2903632,sample-prices
INDEX,2023-08-24,185.38,186.71,183.23,185.32,3071192,sample-prices
INDEX,2023-08-25,184.85,185.45,184.53,185.22,3920859,sample-prices
INDEX,2023-08-28,184.25,185.58,183.91,184.31,499519,sample-prices
INDEX,2023-08-29,180.91,181.44,180.13,180.58,3922670,sample-prices
INDEX,2023-08-30,179.04,179.77,178.6,179.26,1330740,sample-prices
INDEX,2023-08-31,180.4,180.73,180.38,180.56,1446342,sample-prices
INDEX,2023-09-01,177.37,177.56,176.8,177.18,2152148,sample-prices
INDEX,2023-09-04,178.19,178.49,177.47,178.04,2539487,sample-prices
INDEX,2023-09-05,178.27,178.32,176.9,177.88,2745366,sample-prices
INDEX,2023-09-06,174.41,175.42,173.87,174.67,3881014,sample-prices
INDEX,2023-09-07,176.24,176.87,175.88,176.27,2606254,sample-prices
INDEX,2023-09-08,180.53,181.04,180.05,180.58,2899032,sample-prices
INDEX,2023-09-11,183.53,183.65,182.38,183.09,3907200,sample-prices
INDEX,2023-09-12,181.26,182.61,179.8,180.89,3657283,sample-prices
INDEX,2023-09-13,184.55,185.11,182.79,184.57,3883755,sample-prices
INDEX,2023-09-14,184.78,185.39,184.04,184.88,1391511,sample-prices
INDEX,2023-09-15,180.92,181.41,180.59,181.26,2229353,sample-prices
INDEX,2023-09-18,179.73,180.78,178.71,179.77,1657229,sample-prices
INDEX,2023-09-19,177.99,178.91,176.81,177.94,2978828,sample-prices
INDEX,2023-09-20,181.36,182.12,180.95,181.55,3882430,sample-prices
INDEX,2023-09-21,180.69,181.44,179.77,180.6,2569554,sample-prices
INDEX,2023-09-22,183.04,183.31,181.95,183.13,842373,sample-prices
INDEX,2023-09-25,184.46,185.36,181.9,184.7,704504,sample-prices
INDEX,2023-09-26,183.47,184.91,182.83,184.0,3004665,sample-prices
INDEX,2023-09-27,185.45,186.46,184.82,185.12,3893269,sample-prices
INDEX,2023-09-28,179.16,179.95,177.65,179.4,1773625,sample-prices
INDEX,2023-09-29,179.16,179.45,177.64,178.52,3549561,sample-prices
INDEX,2023-10-02,180.35,180.4,179.51,180.08,337578,sample-prices
INDEX,2023-10-03,176.64,177.04,176.41,176.84,1926326,sample-prices
INDEX,2023-10-04,176.4,176.92,175.53,175.75,1203872,sample-prices
INDEX,2023-10-05,178.17,178.49,176.4,177.87,3469889,sample-prices
INDEX,2023-10-06,175.53,176.56,174.31,175.26,755936,sample-prices
INDEX,2023-10-09,169.8,170.55,169.21,169.59,2272565,sample-prices
INDEX,2023-10-10,171.24,171.85,170.91,170.95,3259060,sample-prices
INDEX,2023-10-11,168.26,168.68,168.06,168.54,3774124,sample-prices
INDEX,2023-10-12,164.53,165.8,162.45,164.96,1300314,sample-prices
INDEX,2023-10-13,165.64,166.46,165.56,166.31,1327368,sample-prices
INDEX,2023-10-16,163.41,164.21,162.78,163.52,2059439,sample-prices
INDEX,2023-10-17,160.65,161.49,160.39,160.84,3601838,sample-prices
INDEX,2023-10-18,162.04,162.69,160.38,161.47,1495065,sample-prices
INDEX,2023-10-19,166.01,166.3,165.19,166.26,803260,sample-prices
INDEX,2023-10-20,166.76,167.25,166.54,166.56,2726588,sample-prices
INDEX,2023-10-23,165.56,165.98,164.58,165.66,2759074,sample-prices
INDEX,2023-10-24,166.56,166.73,166.03,166.13,1877099,sample-prices
INDEX,2023-10-25,170.53,172.08,169.85,170.53,2520300,sample-prices
INDEX,2023-10-26,173.5,174.39,171.73,173.75,3485817,sample-prices
INDEX,2023-10-27,174.04,175.6,173.65,173.82,2699125,sample-prices
INDEX,2023-10-30,176.02,176.03,174.97,175.3,343113,sample-prices
INDEX,2023-10-31,178.71,179.1,178.54,178.91,623529,sample-prices
INDEX,2023-11-01,180.19,180.48,178.92,180.31,395616,sample-prices
INDEX,2023-11-02,180.8,181.51,178.86,180.92,2546473,sample-prices
INDEX,2023-11-03,183.36,183.87,181.44,183.06,1780603,sample-prices
INDEX,2023-11-06,180.63,181.28,179.8,180.13,2734560,sample-prices
INDEX,2023-11-07,182.75,183.9,182.43,182.61,2587129,sample-prices
INDEX,2023-11-08,182.94,183.18,182.65,183.03,2922750,sample-prices
INDEX,2023-11-09,184.66,185.11,184.36,184.79,561492,sample-prices
INDEX,2023-11-10,187.36,187.73,186.11,187.52,712008,sample-prices
INDEX,2023-11-13,186.37,186.73,185.84,186.65,2706710,sample-prices
INDEX,2023-11-14,190.64,191.81,190.24,190.71,3929007,sample-prices
INDEX,2023-11-15,194.48,194.95,193.63,194.82,1823334,sample-prices
INDEX,2023-11-16,194.21,194.56,193.95,193.97,515885,sample-prices
INDEX,2023-11-17,197.02,197.55,196.49,196.62,1443269,sample-prices
INDEX,2023-11-20,197.17,198.75,196.3,197.29,2549198,sample-prices
INDEX,2023-11-21,193.58,194.49,193.56,193.84,2559789,sample-prices
INDEX,2023-11-22,192.98,193.96,192.57,193.2,1340507,sample-prices
INDEX,2023-11-23,193.28,193.55,192.03,193.04,3810087,sample-prices
INDEX,2023-11-24,193.52,193.62,193.23,193.31,1262554,sample-prices
INDEX,2023-11-27,191.44,193.33,190.91,191.69,776724,sample-prices
INDEX,2023-11-28,193.97,194.19,193.21,193.74,1246657,sample-prices
INDEX,2023-11-29,194.86,196.8,193.66,195.15,512516,sample-prices
INDEX,2023-11-30,199.05,199.09,197.71,198.82,3971870,sample-prices
INDEX,2023-12-01,197.08,197.73,196.36,196.9,3639370,sample-prices
INDEX,2023-12-04,200.97,203.34,199.34,201.09,1024133,sample-prices
INDEX,2023-12-05,201.19,201.63,200.98,201.13,1357842,sample-prices
INDEX,2023-12-06,204.33,205.33,202.95,204.5,1743924,sample-prices
INDEX,2023-12-07,205.33,205.49,203.86,204.99,3011718,sample-prices
INDEX,2023-12-08,202.64,203.17,201.7,202.57,1192923,sample-prices
INDEX,2023-12-11,202.3,203.03,201.29,202.08,3947538,sample-prices
INDEX,2023-12-12,201.57,202.45,201.35,201.41,2954449,sample-prices
INDEX,2023-12-13,199.7,200.14,198.98,199.64,1688222,sample-prices
INDEX,2023-12-14,202.23,203.97,201.44,201.98,3324043,sample-prices
INDEX,2023-12-15,198.3,199.13,196.11,197.69,3544741,sample-prices
INDEX,2023-12-18,196.92,198.8,196.58,196.67,1409437,sample-prices
INDEX,2023-12-19,197.26,198.69,196.58,198.1,2305380,sample-prices
INDEX,2023-12-20,193.48,195.8,193.23,193.73,3430006,sample-prices
INDEX,2023-12-21,191.49,192.59,191.42,191.85,2375310,sample-prices
INDEX,2023-12-22,192.33,193.32,191.8,192.12,2708132,sample-prices
INDEX,2023-12-25,193.48,193.8,191.96,193.26,3440139,sample-prices
INDEX,2023-12-26,190.62,191.4,190.42,190.85,1406084,sample-prices
INDEX,2023-12-27,189.78,191.15,189.06,189.31,1528460,sample-prices
INDEX,2023-12-28,195.1,195.43,194.88,194.96,3463867,sample-prices
INDEX,2023-12-29,189.64,190.27,189.3,189.76,1619754,sample-prices
INDEX,2024-01-01,187.28,188.8,186.84,187.58,288999,sample-prices
INDEX,2024-01-02,187.1,188.44,186.58,186.95,1068994,sample-prices
INDEX,2024-01-03,189.55,189.65,188.56,189.45,1959826,sample-prices
INDEX,2024-01-04,186.61,187.14,186.41,186.83,3497207,sample-prices
INDEX,2024-01-05,190.94,191.27,189.35,190.5,3518353,sample-prices
INDEX,2024-01-08,189.26,189.47,188.15,189.17,2708037,sample-prices
INDEX,2024-01-09,192.14,192.36,191.21,191.92,2170367,sample-prices
INDEX,2024-01-10,196.17,196.23,195.39,195.91,1544741,sample-prices
INDEX,2024-01-11,190.86,191.15,190.55,190.81,3765985,sample-prices
INDEX,2024-01-12,193.84,195.34,193.39,193.87,3984649,sample-prices
INDEX,2024-01-15,191.17,192.06,190.51,190.97,2054602,sample-prices
INDEX,2024-01-16,189.66,190.76,188.46,189.23,3157587,sample-prices
INDEX,2024-01-17,190.67,191.03,190.13,190.36,3657653,sample-prices
INDEX,2024-01-18,194.62,197.48,193.21,194.53,3868490,sample-prices
INDEX,2024-01-19,197.98,198.61,197.11,197.99,1551440,sample-prices
INDEX,2024-01-22,195.74,196.17,195.43,195.61,956160,sample-prices
INDEX,2024-01-23,193.43,194.39,192.01,193.01,2897195,sample-prices
INDEX,2024-01-24,196.76,197.82,196.72,197.15,2131264,sample-prices
INDEX,2024-01-25,202.56,202.78,200.53,202.28,3279759,sample-prices
INDEX,2024-01-26,201.96,202.46,201.95,202.28,2630801,sample-prices
INDEX,2024-01-29,198.36,199.95,197.78,198.78,1082461,sample-prices
INDEX,2024-01-30,201.12,202.51,199.96,200.68,1877359,sample-prices
INDEX,2024-01-31,204.02,204.24,203.11,204.1,3017002,sample-prices
INDEX,2024-02-01,208.55,208.68,207.26,208.42,1350313,sample-prices
INDEX,2024-02-02,210.29,212.06,209.89,209.94,2025377,sample-prices
INDEX,2024-02-05,207.75,208.53,207.43,207.74,358395,sample-prices
INDEX,2024-02-06,205.87,207.1,204.95,206.35,1156325,sample-prices
INDEX,2024-02-07,205.65,206.33,204.58,205.3,1379117,sample-prices
INDEX,2024-02-08,203.85,204.42,202.12,203.9,2046555,sample-prices
INDEX,2024-02-09,204.95,205.17,204.88,205.1,2779635,sample-prices
INDEX,2024-02-12,205.62,206.11,203.89,205.57,1681354,sample-prices
INDEX,2024-02-13,205.92,206.5,205.39,205.64,1649850,sample-prices
INDEX,2024-02-14,208.82,209.32,207.73,209.2,1328552,sample-prices
INDEX,2024-02-15,207.04,207.99,206.68,207.36,3538692,sample-prices
INDEX,2024-02-16,211.04,211.37,210.52,211.34,3842287,sample-prices
INDEX,2024-02-19,214.43,215.55,214.15,214.22,2664172,sample-prices
INDEX,2024-02-20,214.54,214.82,212.4,214.04,2998405,sample-prices
INDEX,2024-02-21,217.49,218.12,217.1,217.32,1052517,sample-prices
INDEX,2024-02-22,219.77,220.79,219.74,219.75,443523,sample-prices
INDEX,2024-02-23,219.83,220.62,219.25,219.35,3452235,sample-prices
INDEX,2024-02-26,222.94,223.67,221.62,223.0,3544708,sample-prices
INDEX,2024-02-27,223.03,224.24,222.26,222.48,3350239,sample-prices
INDEX,2024-02-28,219.88,220.66,219.41,219.96,1356872,sample-prices
INDEX,2024-02-29,217.6,217.99,216.41,217.71,2613833,sample-prices
INDEX,2024-03-01,216.69,216.9,215.92,216.27,2336836,sample-prices
INDEX,2024-03-04,211.99,212.03,211.35,211.98,3921673,sample-prices
INDEX,2024-03-05,219.94,220.81,218.85,219.79,2615676,sample-prices
INDEX,2024-03-06,223.86,224.74,223.06,224.2,1826287,sample-prices
INDEX,2024-03-07,224.89,225.18,224.03,224.58,3478619,sample-prices
INDEX,2024-03-08,224.88,225.48,224.45,224.72,854913,sample-prices
INDEX,2024-03-11,229.64,229.86,229.12,229.61,3404582,sample-prices
INDEX,2024-03-12,227.9,228.66,227.28,228.43,337275,sample-prices
INDEX,2024-03-13,226.7,227.91,225.86,226.67,3097181,sample-prices
INDEX,2024-03-14,225.39,227.82,224.27,224.7,3837917,sample-prices
INDEX,2024-03-15,226.89,227.98,226.8,227.21,2654561,sample-prices
INDEX,2024-03-18,228.13,229.04,226.32,228.33,1553719,sample-prices
INDEX,2024-03-19,228.62,228.94,226.29,228.39,1603336,sample-prices
INDEX,2024-03-20,226.4,227.47,224.87,226.49,2506313,sample-prices
INDEX,2024-03-21,226.57,227.39,224.68,226.55,2331286,sample-prices
INDEX,2024-03-22,231.54,233.27,230.07,231.6,2429465,sample-prices
INDEX,2024-03-25,231.36,231.52,230.03,231.08,604241,sample-prices
INDEX,2024-03-26,228.91,230.47,227.49,229.33,3089441,sample-prices
INDEX,2024-03-27,234.02,234.79,233.81,234.33,711275,sample-prices
INDEX,2024-03-28,236.86,237.79,236.24,236.77,2812861,sample-prices
INDEX,2024-03-29,238.34,239.12,237.68,238.38,2423206,sample-prices
INDEX,2024-04-01,238.64,239.15,237.32,238.81,2536267,sample-prices
INDEX,2024-04-02,238.26,238.8,236.61,237.97,3912585,sample-prices
INDEX,2024-04-03,236.03,236.37,235.1,236.1,3239143,sample-prices
INDEX,2024-04-04,233.3,234.01,233.26,233.49,3327969,sample-prices
INDEX,2024-04-05,234.6,234.61,233.71,234.23,1565003,sample-prices
INDEX,2024-04-08,238.56,238.95,237.85,238.67,1677286,sample-prices
INDEX,2024-04-09,234.69,236.88,233.59,234.51,3966050,sample-prices
INDEX,2024-04-10,233.56,234.2,232.53,233.09,1527354,sample-prices
INDEX,2024-04-11,234.56,235.32,234.55,234.65,1486174,sample-prices
INDEX,2024-04-12,236.71,237.23,235.51,237.21,289254,sample-prices
INDEX,2024-04-15,241.71,244.19,241.15,241.71,3718959,sample-prices
INDEX,2024-04-16,237.87,239.71,237.52,238.01,769097,sample-prices
INDEX,2024-04-17,232.79,233.15,231.71,232.49,911340,sample-prices
INDEX,2024-04-18,227.91,228.48,227.85,227.98,758933,sample-prices
INDEX,2024-04-19,229.47,230.05,229.47,229.66,335870,sample-prices
INDEX,2024-04-22,230.66,231.36,229.85,230.79,3755506,sample-prices
INDEX,2024-04-23,233.95,235.43,233.35,234.52,1237448,sample-prices
INDEX,2024-04-24,235.6,236.25,234.87,235.27,2808825,sample-prices
INDEX,2024-04-25,236.75,236.78,235.55,236.64,1731116,sample-prices
INDEX,2024-04-26,234.13,235.44,232.86,234.5,3498312,sample-prices
INDEX,2024-04-29,231.47,231.75,231.19,231.44,555793,sample-prices
INDEX,2024-04-30,236.04,237.62,235.24,236.44,2653306,sample-prices
INDEX,2024-05-01,236.14,236.72,235.06,235.96,1976076,sample-prices
INDEX,2024-05-02,234.49,237.1,233.86,233.92,2145093,sample-prices
INDEX,2024-05-03,236.24,237.81,235.19,235.58,1050322,sample-prices
INDEX,2024-05-06,229.99,230.82,228.88,230.06,1612464,sample-prices
INDEX,2024-05-07,227.86,228.04,227.13,227.64,262895,sample-prices
INDEX,2024-05-08,228.17,229.27,227.2,227.8,929370,sample-prices
INDEX,2024-05-09,230.06,231.15,229.55,229.74,644000,sample-prices
INDEX,2024-05-10,231.43,232.75,230.19,231.39,309807,sample-prices
INDEX,2024-05-13,230.78,231.94,230.26,231.36,1495418,sample-prices
INDEX,2024-05-14,230.42,231.37,228.96,229.27,2099945,sample-prices
INDEX,2024-05-15,229.0,229.23,228.75,229.11,1528203,sample-prices
INDEX,2024-05-16,232.36,233.99,232.2,232.32,2355397,sample-prices
INDEX,2024-05-17,228.38,228.45,228.17,228.29,1443032,sample-prices
INDEX,2024-05-20,223.92,224.31,223.26,224.11,3257036,sample-prices
INDEX,2024-05-21,219.12,219.67,218.88,219.19,2911439,sample-prices
INDEX,2024-05-22,219.51,220.66,218.69,219.92,1145683,sample-prices
INDEX,2024-05-23,218.23,219.2,217.77,218.06,1403590,sample-prices
INDEX,2024-05-24,216.9,218.36,216.36,216.68,3752990,sample-prices
INDEX,2024-05-27,216.85,217.75,214.96,216.75,2301856,sample-prices
INDEX,2024-05-28,215.19,215.45,214.86,214.9,1935051,sample-prices
INDEX,2024-05-29,220.86,221.04,219.91,220.04,2792221,sample-prices
INDEX,2024-05-30,220.19,220.41,218.62,220.04,276071,sample-prices
INDEX,2024-05-31,219.33,219.86,218.65,219.24,415243,sample-prices
INDEX,2024-06-03,222.66,223.36,221.79,222.53,1749436,sample-prices
INDEX,2024-06-04,220.46,221.65,220.07,220.25,3788990,sample-prices
INDEX,2024-06-05,218.77,218.82,218.12,218.66,1421332,sample-prices
INDEX,2024-06-06,215.31,216.46,214.43,215.34,2308338,sample-prices
INDEX,2024-06-07,216.86,217.39,216.61,217.0,3461575,sample-prices
INDEX,2024-06-10,225.39,226.26,224.9,225.67,3880120,sample-prices
INDEX,2024-06-11,223.98,224.58,222.08,224.33,2553702,sample-prices
INDEX,2024-06-12,225.83,226.91,225.81,225.88,3584872,sample-prices
INDEX,2024-06-13,227.49,230.69,227.24,227.73,2335927,sample-prices
INDEX,2024-06-14,228.86,229.49,228.49,229.12,3691075,sample-prices
INDEX,2024-06-17,231.71,231.96,230.9,231.38,1105011,sample-prices
INDEX,2024-06-18,230.72,233.1,230.06,231.33,1185779,sample-prices
INDEX,2024-06-19,230.25,231.08,229.71,230.91,1976125,sample-prices
INDEX,2024-06-20,231.21,231.75,231.03,231.37,1667657,sample-prices
INDEX,2024-06-21,232.44,233.86,231.95,232.43,2317832,sample-prices
INDEX,2024-06-24,226.6,228.05,225.73,226.78,1036522,sample-prices
INDEX,2024-06-25,228.7,230.04,227.59,228.38,1873236,sample-prices
INDEX,2024-06-26,231.21,231.69,230.19,231.14,830907,sample-prices
INDEX,2024-06-27,232.74,234.04,232.53,232.6,1466297,sample-prices
INDEX,2024-06-28,234.28,234.93,232.34,233.92,2675325,sample-prices
INDEX,2024-07-01,235.38,236.8,234.19,235.74,3257212,sample-prices
INDEX,2024-07-02,234.39,235.97,233.77,235.47,2055586,sample-prices
INDEX,2024-07-03,237.08,237.25,236.52,236.91,313187,sample-prices
INDEX,2024-07-04,235.93,236.25,235.07,235.82,3892990,sample-prices
INDEX,2024-07-05,232.48,233.41,231.53,233.06,888040,sample-prices
INDEX,2024-07-08,226.57,227.31,224.73,226.17,3741323,sample-prices
INDEX,2024-07-09,228.4,230.68,228.16,228.76,2487899,sample-prices
INDEX,2024-07-10,227.04,227.52,226.09,226.88,2625942,sample-prices
INDEX,2024-07-11,223.85,224.37,223.27,223.81,3028874,sample-prices
INDEX,2024-07-12,222.23,223.49,221.7,222.43,2268575,sample-prices
INDEX,2024-07-15,221.09,221.36,221.08,221.15,2062828,sample-prices
INDEX,2024-07-16,217.89,218.16,217.73,217.8,1151728,sample-prices
INDEX,2024-07-17,222.27,222.78,221.97,222.1,702786,sample-prices
INDEX,2024-07-18,219.06,219.64,218.85,219.04,3015562,sample-prices
INDEX,2024-07-19,217.27,217.52,216.7,217.51,295512,sample-prices
INDEX,2024-07-22,213.63,213.87,212.28,213.06,3031528,sample-prices
INDEX,2024-07-23,210.82,212.44,210.54,211.33,1131273,sample-prices
INDEX,2024-07-24,211.87,212.9,211.87,211.95,2063793,sample-prices
INDEX,2024-07-25,211.95,211.96,210.38,210.97,2623285,sample-prices
INDEX,2024-07-26,214.07,214.2,212.7,213.97,1727203,sample-prices
INDEX,2024-07-29,217.31,217.91,216.94,217.35,2164213,sample-prices
INDEX,2024-07-30,216.39,218.7,214.98,216.25,2910603,sample-prices
INDEX,2024-07-31,210.21,211.98,208.41,210.37,572382,sample-prices
INDEX,2024-08-01,208.18,209.14,207.44,207.67,1741617,sample-prices
INDEX,2024-08-02,207.09,208.51,205.85,206.62,1988145,sample-prices
INDEX,2024-08-05,205.98,206.4,205.47,205.84,2821539,sample-prices
INDEX,2024-08-06,209.84,210.66,208.68,210.29,1133718,sample-prices
INDEX,2024-08-07,209.83,210.5,209.7,210.06,3713914,sample-prices
INDEX,2024-08-08,212.32,212.6,212.02,212.42,1357169,sample-prices
INDEX,2024-08-09,210.97,211.83,210.24,211.58,3203063,sample-prices
INDEX,2024-08-12,208.4,209.19,208.16,208.89,1836171,sample-prices
INDEX,2024-08-13,204.53,205.46,204.0,204.41,445988,sample-prices
INDEX,2024-08-14,204.32,205.69,204.1,204.95,2957305,sample-prices
INDEX,2024-08-15,206.54,206.8,204.67,205.72,1948923,sample-prices
INDEX,2024-08-16,207.6,208.27,206.83,207.99,3549100,sample-prices
INDEX,2024-08-19,206.02,207.53,205.19,206.11,3920182,sample-prices
INDEX,2024-08-20,199.69,202.14,199.02,199.83,2672755,sample-prices
INDEX,2024-08-21,199.72,202.04,199.35,199.86,3395967,sample-prices
INDEX,2024-08-22,200.14,201.16,199.14,199.84,3367224,sample-prices
INDEX,2024-08-23,201.05,201.49,200.88,201.44,1227665,sample-prices
INDEX,2024-08-26,197.93,198.51,196.76,198.08,2794074,sample-prices
INDEX,2024-08-27,198.78,198.79,197.81,198.68,2069462,sample-prices
INDEX,2024-08-28,199.11,199.63,198.85,199.0,3171148,sample-prices
INDEX,2024-08-29,199.14,200.44,198.93,198.98,528345,sample-prices
INDEX,2024-08-30,193.81,194.81,191.64,194.35,286732,sample-prices
INDEX,2024-09-02,198.32,198.48,197.43,198.14,3216523,sample-prices
INDEX,2024-09-03,194.52,195.43,193.84,194.38,289426,sample-prices
INDEX,2024-09-04,195.94,196.11,193.79,195.45,3036188,sample-prices
INDEX,2024-09-05,196.8,197.84,196.16,196.91,1142853,sample-prices
INDEX,2024-09-06,196.18,197.57,196.09,196.55,2741757,sample-prices
INDEX,2024-09-09,198.93,199.89,197.16,199.27,3578372,sample-prices
INDEX,2024-09-10,194.85,196.35,194.55,195.24,2084070,sample-prices
INDEX,2024-09-11,198.89,199.65,198.71,198.79,2085831,sample-prices
INDEX,2024-09-12,200.23,201.17,199.11,200.11,3901933,sample-prices
INDEX,2024-09-13,196.64,197.39,194.68,196.53,512638,sample-prices
INDEX,2024-09-16,198.6,199.08,198.28,198.64,3096058,sample-prices
INDEX,2024-09-17,197.07,198.13,196.27,197.03,2119927,sample-prices
INDEX,2024-09-18,193.12,194.28,192.19,193.35,3442123,sample-prices
INDEX,2024-09-19,194.21,195.0,192.95,193.52,531290,sample-prices
INDEX,2024-09-20,194.47,195.25,193.26,194.09,3797309,sample-prices
INDEX,2024-09-23,194.22,195.42,194.16,194.71,2294371,sample-prices
INDEX,2024-09-24,193.5,193.93,192.89,193.4,3061520,sample-prices
INDEX,2024-09-25,198.89,199.69,197.5,198.79,2491323,sample-prices
INDEX,2024-09-26,201.39,202.04,201.0,201.54,2734084,sample-prices
INDEX,2024-09-27,201.48,201.93,200.62,201.53,1881151,sample-prices
INDEX,2024-09-30,203.74,203.84,202.93,203.72,2524393,sample-prices
INDEX,2024-10-01,197.52,198.5,196.95,197.35,3568795,sample-prices
INDEX,2024-10-02,196.03,197.49,195.84,196.2,2032899,sample-prices
INDEX,2024-10-03,195.53,196.44,194.25,195.86,3718981,sample-prices
INDEX,2024-10-04,193.15,193.37,192.71,193.29,2414492,sample-prices
INDEX,2024-10-07,197.71,197.89,197.24,197.86,3322547,sample-prices
INDEX,2024-10-08,200.71,200.88,199.81,200.67,1685643,sample-prices
INDEX,2024-10-09,206.39,206.59,204.46,206.44,623994,sample-prices
INDEX,2024-10-10,204.75,206.13,204.32,205.32,2168464,sample-prices
INDEX,2024-10-11,210.8,211.4,209.2,210.35,3609564,sample-prices
INDEX,2024-10-14,208.42,210.54,208.1,208.74,3482468,sample-prices
INDEX,2024-10-15,206.83,207.3,206.06,206.71,1981748,sample-prices
INDEX,2024-10-16,203.66,204.44,203.65,203.83,2242619,sample-prices
INDEX,2024-10-17,204.54,205.77,204.41,204.87,1976490,sample-prices
INDEX,2024-10-18,207.42,207.83,206.89,207.4,2789941,sample-prices
INDEX,2024-10-21,210.55,211.9,209.67,210.28,1751562,sample-prices
INDEX,2024-10-22,212.38,212.74,211.88,212.23,3240632,sample-prices
INDEX,2024-10-23,211.75,212.66,211.66,211.94,3729859,sample-prices
INDEX,2024-10-24,211.1,211.24,210.85,211.08,2790039,sample-prices
INDEX,2024-10-25,211.09,211.83,210.72,211.17,2193106,sample-prices
INDEX,2024-10-28,210.02,210.49,209.03,209.8,3598505,sample-prices
INDEX,2024-10-29,208.32,209.1,207.07,208.7,215785,sample-prices
INDEX,2024-10-30,204.17,205.08,203.39,204.05,1736823,sample-prices
INDEX,2024-10-31,204.54,205.61,204.04,204.63,274759,sample-prices
INDEX,2024-11-01,202.49,205.14,201.79,203.03,2469145,sample-prices
INDEX,2024-11-04,207.5,208.56,207.48,207.66,362074,sample-prices
INDEX,2024-11-05,209.57,210.25,208.82,209.31,3512163,sample-prices
INDEX,2024-11-06,205.11,207.35,204.88,205.48,2697883,sample-prices
INDEX,2024-11-07,203.13,203.53,202.62,203.52,1628766,sample-prices
INDEX,2024-11-08,198.23,198.54,197.79,198.34,2131086,sample-prices
INDEX,2024-11-11,194.9,194.99,194.76,194.92,1770379,sample-prices
INDEX,2024-11-12,193.44,193.56,193.01,193.4,2994193,sample-prices
INDEX,2024-11-13,190.7,191.67,190.03,191.34,1056149,sample-prices
INDEX,2024-11-14,188.53,189.64,187.37,188.05,889557,sample-prices
INDEX,2024-11-15,188.91,189.27,188.38,189.17,2358278,sample-prices
INDEX,2024-11-18,186.25,187.26,185.35,186.64,992980,sample-prices
INDEX,2024-11-19,185.74,185.75,184.28,185.57,3122026,sample-prices
INDEX,2024-11-20,185.22,185.31,184.15,184.98,1958158,sample-prices
INDEX,2024-11-21,189.13,189.52,188.77,189.18,1038747,sample-prices
INDEX,2024-11-22,191.67,192.98,190.26,192.0,1188626,sample-prices
INDEX,2024-11-25,191.94,192.32,190.78,192.17,1640949,sample-prices
INDEX,2024-11-26,190.89,192.22,189.63,191.23,1572606,sample-prices
INDEX,2024-11-27,189.21,189.82,188.47,189.47,2437478,sample-prices
INDEX,2024-11-28,189.15,189.5,188.82,189.27,1189030,sample-prices
INDEX,2024-11-29,186.71,187.32,186.13,186.59,1528060,sample-prices
INDEX,2024-12-02,186.69,187.04,186.62,186.83,1670995,sample-prices
INDEX,2024-12-03,184.99,185.42,183.3,184.47,3082591,sample-prices
INDEX,2024-12-04,181.24,182.22,181.22,181.67,3343628,sample-prices
INDEX,2024-12-05,179.59,180.24,178.83,179.68,1626688,sample-prices
INDEX,2024-12-06,179.93,180.48,179.74,180.35,2384957,sample-prices
INDEX,2024-12-09,178.11,179.52,177.26,178.45,1387754,sample-prices
INDEX,2024-12-10,178.62,178.77,178.39,178.66,3118774,sample-prices
INDEX,2024-12-11,178.22,178.43,177.31,178.39,434733,sample-prices
INDEX,2024-12-12,179.05,179.68,178.68,179.23,3250633,sample-prices
INDEX,2024-12-13,179.24,179.94,178.57,178.93,2783551,sample-prices
INDEX,2024-12-16,182.06,183.64,181.27,181.74,1938336,sample-prices
INDEX,2024-12-17,182.24,182.82,181.63,181.99,2023312,sample-prices
INDEX,2024-12-18,186.02,186.7,184.81,185.99,1416404,sample-prices
INDEX,2024-12-19,188.55,189.15,188.18,188.2,647723,sample-prices
INDEX,2024-12-20,186.19,187.92,185.87,186.72,1855253,sample-prices
INDEX,2024-12-23,182.96,183.77,182.34,182.53,1792769,sample-prices
INDEX,2024-12-24,182.44,183.1,181.86,182.41,1477085,sample-prices
INDEX,2024-12-25,183.96,185.15,183.18,184.32,1344973,sample-prices
INDEX,2024-12-26,181.81,182.16,181.46,181.91,2644600,sample-prices
INDEX,2024-12-27,185.19,185.55,184.36,185.55,3591036,sample-prices
INDEX,2024-12-30,187.88,188.11,186.88,188.08,563455,sample-prices
INDEX,2024-12-31,188.9,189.53,187.92,188.86,1943193,sample-prices
